"Raw_Row","Test_Number","Result_Number","Reference_Number","Metal","Chemical_Name","Species","Order","Lifestage","Duration_days","Exposure_Type","Conc_Type","Mean_Op","Mean","Min","Max","Units","Analysis_Point","Analysis_Units","Temperature","Salinity","pH","Organic_Carbon","Title","Eligibility_Status","Eligibility_Reason","Atomic_Weight_g_mol","Basis_Interpretation","LC50_target_mg_L","LC50_umol_L","ln_LC50_umol_L","Harmonization_Status","Harmonization_Rule","Metal_Role","Core_Pairwise_Ready","Temperature_Raw_Mean","Temperature_Raw_Min","Temperature_Raw_Max","Temperature_Raw_Units","Temperature_Repair_Status","Salinity_Raw_Mean","Salinity_Raw_Min","Salinity_Raw_Max","Salinity_Raw_Units","Salinity_Repair_Status","pH_Raw_Mean","pH_Raw_Min","pH_Raw_Max","pH_Raw_Units","pH_Repair_Status","Organic_Carbon_Raw_Mean","Organic_Carbon_Raw_Min","Organic_Carbon_Raw_Max","Organic_Carbon_Raw_Units","Organic_Carbon_Repair_Status","Source_Origin","Reference_ID","Test_ID","Result_ID","External_Audit_ID","External_DOI","External_Reference_Label","External_Stage_Sex","External_Concentration_Type_Detail","External_Source_Location","External_Source_Note","Quantitative","Sex_field_status","Sex_field_evidence"
14,1301484,757363,115854,"Cu","Acetic acid, Copper(2+) salt","Tigriopus japonicus","Harpacticoida","Adult",4,"Aquatic, unspecified","Total",,743,,,"ug/L",743,"ug/L",25,33,8.25,,"Copper Toxicity in the Marine Copepod Tigropus japonicus:  Low Variability and High Reproducibility of Repeated Acute and Life-Cycle Tests","PRIMARY_KEEP","Eligible copepod LC50 candidate",63.546,"ECOTOX_STANDARDIZED_TARGET_METAL",0.743,11.6923173763888,2.45893199162817,"HARMONIZED","ECOTOX standardized concentration used; for metal salts ECOTOX generally expresses concentration as active ionic form.","CORE","YES",25,,,"C","EXISTING_MEAN_PRESERVED",33,,,"0/00","EXISTING_MEAN_PRESERVED",,8.1,8.4,,"RAW_RANGE_MIDPOINT_RECOVERED",,,,,"MISSING","ECOTOX","E_115854","E_T1301484","E_R757363",,,,,,,,TRUE,"Not explicit","Lifestage=Adult"
26,1152733,86472,13179,"Ni","Acetic acid, Nickel(2+)salt","Tisbe holothuriae","Harpacticoida",,2,"Static","Total",,2580,,,"ug/L",2580,"ug/L",22,38,,,"Combined Toxicity of Copper, Cadmium, Zinc, Lead, Nickel, and Chrome to the Copepod Tisbe holothuriae","PRIMARY_KEEP","Eligible copepod LC50 candidate",58.6934,"ECOTOX_STANDARDIZED_TARGET_METAL",2.58,43.9572422112197,3.78321739351887,"HARMONIZED","ECOTOX standardized concentration used; for metal salts ECOTOX generally expresses concentration as active ionic form.","DESCRIPTIVE","NO",22,,,"C","EXISTING_MEAN_PRESERVED",38,,,"0/00","EXISTING_MEAN_PRESERVED",,,,,"MISSING",,,,,"MISSING","ECOTOX","E_13179","E_T1152733","E_R86472",,,,,,,,TRUE,"Not explicit",""
49,1035621,54724,2183,"Cu","Copper chloride","Nitocra spinipes","Harpacticoida","Adult",4,"Static","Total",,1800,1300,2400,"ug/L",1800,"ug/L",20,7,8,,"Use of a Harpacticoid Copepod in Toxicity Tests","PRIMARY_KEEP","Eligible copepod LC50 candidate",63.546,"ECOTOX_STANDARDIZED_TARGET_METAL",1.8,28.3259371164196,3.34377789079467,"HARMONIZED","ECOTOX standardized concentration used; for metal salts ECOTOX generally expresses concentration as active ionic form.","CORE","YES",20,,,"C","EXISTING_MEAN_PRESERVED",7,,,"0/00","EXISTING_MEAN_PRESERVED",8,,,,"EXISTING_MEAN_PRESERVED",,,,,"MISSING","ECOTOX","E_2183","E_T1035621","E_R54724",,,,,,,,TRUE,"Not explicit","Lifestage=Adult"
59,1159856,142865,14137,"Cu","Nitric acid, Copper(2+) salt","Tisbe battagliai","Harpacticoida","Adult",4,"Renewal","Total",,88,,,"ug/L",88,"ug/L",20.55,34.755,7.92,,"Toxicity of Cadmium, Hexavalent Chromium and Copper to Marine Fish Larvae (Cypinodon variegatus) and Copepods (Tisbe battagliai)","PRIMARY_KEEP","Eligible copepod LC50 candidate",63.546,"ECOTOX_STANDARDIZED_TARGET_METAL",0.088,1.38482359235829,0.325572761388619,"HARMONIZED","ECOTOX standardized concentration used; for metal salts ECOTOX generally expresses concentration as active ionic form.","CORE","YES",,20.1,21,"C","RAW_RANGE_MIDPOINT_RECOVERED",,34.5,35.01,"0/00","RAW_RANGE_MIDPOINT_RECOVERED",,7.7,8.14,,"RAW_RANGE_MIDPOINT_RECOVERED",,,,,"MISSING","ECOTOX","E_14137","E_T1159856","E_R142865",,,,,,,,TRUE,"Not explicit","Lifestage=Adult"
60,1111947,42366,8446,"Cu","Nitric acid, Copper(2+) salt","Acartia tonsa","Calanoida",,3,"Flow-through","Total",,9,,,"ug/L",9,"ug/L",20,30,,,"The Effect of Nutrition on the Response of Field Populations of the Calanoid Copepod Acartia tonsa to Copper","PRIMARY_KEEP","Source review: Sosnowski (1979), pp. 449-452; natural populations, not a deliberate modifier experiment; waterborne Cu LC50, 72 h.",63.546,"ECOTOX_STANDARDIZED_TARGET_METAL",0.009,0.141629685582098,-1.95453947575337,"HARMONIZED","Source-confirmed 9 ug Cu/L converted to mg Cu/L and umol Cu/L.","CORE","YES",20,,,"C","SOURCE_VERIFIED",30,,,"0/00","SOURCE_VERIFIED",,,,,"MISSING",,,,,"MISSING","ECOTOX","E_8446","E_T1111947","E_R42366",,,,,,,,TRUE,"Not explicit",""
61,1159857,142866,14137,"Cu","Nitric acid, Copper(2+) salt","Tisbe battagliai","Harpacticoida","Nauplii",4,"Renewal","Total",,64,,,"ug/L",64,"ug/L",20.55,34.755,7.92,,"Toxicity of Cadmium, Hexavalent Chromium and Copper to Marine Fish Larvae (Cypinodon variegatus) and Copepods (Tisbe battagliai)","PRIMARY_KEEP","Eligible copepod LC50 candidate",63.546,"ECOTOX_STANDARDIZED_TARGET_METAL",0.064,1.00714443080603,0.00711903027008462,"HARMONIZED","ECOTOX standardized concentration used; for metal salts ECOTOX generally expresses concentration as active ionic form.","CORE","YES",,20.1,21,"C","RAW_RANGE_MIDPOINT_RECOVERED",,34.5,35.01,"0/00","RAW_RANGE_MIDPOINT_RECOVERED",,7.7,8.14,,"RAW_RANGE_MIDPOINT_RECOVERED",,,,,"MISSING","ECOTOX","E_14137","E_T1159857","E_R142866",,,,,,,,TRUE,"Not explicit","Lifestage=Nauplii"
81,1054948,220835,3825,"Pb","Lead","Acartia clausi","Calanoida",,4,"Aquatic, unspecified","Total",,668,484,876,"ug/L",668,"ug/L",10,30,,,"Results of Acute Toxicity Tests Conducted with Silver at ERL, Narragansett","PRIMARY_KEEP","Eligible copepod LC50 candidate",207.2,"ECOTOX_STANDARDIZED_TARGET_METAL",0.668,3.22393822393822,1.17060366315132,"HARMONIZED","ECOTOX standardized concentration used; for metal salts ECOTOX generally expresses concentration as active ionic form.","DESCRIPTIVE","NO",10,,,"C","EXISTING_MEAN_PRESERVED",30,,,"0/00","EXISTING_MEAN_PRESERVED",,,,,"MISSING",,,,,"MISSING","ECOTOX","E_3825","E_T1054948","E_R220835",,,,,,,,TRUE,"Not explicit",""
83,1053695,194886,3751,"Pb","Lead","Acartia clausi","Calanoida","Adult",4,"Aquatic, unspecified","Total",,668,484,876,"ug/L",668,"ug/L",10,30,,,"Unpublished Laboratory Data","PRIMARY_KEEP","Eligible copepod LC50 candidate",207.2,"ECOTOX_STANDARDIZED_TARGET_METAL",0.668,3.22393822393822,1.17060366315132,"HARMONIZED","ECOTOX standardized concentration used; for metal salts ECOTOX generally expresses concentration as active ionic form.","DESCRIPTIVE","NO",10,,,"C","EXISTING_MEAN_PRESERVED",30,,,"0/00","EXISTING_MEAN_PRESERVED",,,,,"MISSING",,,,,"MISSING","ECOTOX","E_3751","E_T1053695","E_R194886",,,,,,,,TRUE,"Not explicit","Lifestage=Adult"
84,1078773,10206,6079,"Hg","Mercury","Calanoida","Calanoida",,2,"Static","Total",,31,,,"ug/L",31,"ug/L",9,,,,"Evaluation of Potential Indicators of Sub-Lethal Toxic Stress on Marine Zooplankton (Feeding, Fecundity, Respiration, and Excretion): Controlled Ecosystem Pollution Experiment","PRIMARY_KEEP","Eligible copepod LC50 candidate",200.592,"ECOTOX_STANDARDIZED_TARGET_METAL",0.031,0.154542554040041,-1.86728578988852,"HARMONIZED","ECOTOX standardized concentration used; for metal salts ECOTOX generally expresses concentration as active ionic form.","EXPLORATORY","NO",9,,,"C","EXISTING_MEAN_PRESERVED",,,,,"MISSING",,,,,"MISSING",,,,,"MISSING","ECOTOX","E_6079","E_T1078773","E_R10206",,,,,,,,TRUE,"Not explicit",""
88,1078775,10208,6079,"Hg","Mercury","Calanoida","Calanoida",,2,"Static","Total",,32,,,"ug/L",32,"ug/L",9,,,,"Evaluation of Potential Indicators of Sub-Lethal Toxic Stress on Marine Zooplankton (Feeding, Fecundity, Respiration, and Excretion): Controlled Ecosystem Pollution Experiment","PRIMARY_KEEP","Eligible copepod LC50 candidate",200.592,"ECOTOX_STANDARDIZED_TARGET_METAL",0.032,0.159527797718752,-1.83553709157394,"HARMONIZED","ECOTOX standardized concentration used; for metal salts ECOTOX generally expresses concentration as active ionic form.","EXPLORATORY","NO",9,,,"C","EXISTING_MEAN_PRESERVED",,,,,"MISSING",,,,,"MISSING",,,,,"MISSING","ECOTOX","E_6079","E_T1078775","E_R10208",,,,,,,,TRUE,"Not explicit",""
103,1078774,10207,6079,"Hg","Mercury","Calanoida","Calanoida","Adult",2,"Static","Total",,22,,,"ug/L",22,"ug/L",21,,,,"Evaluation of Potential Indicators of Sub-Lethal Toxic Stress on Marine Zooplankton (Feeding, Fecundity, Respiration, and Excretion): Controlled Ecosystem Pollution Experiment","PRIMARY_KEEP","Eligible copepod LC50 candidate",200.592,"ECOTOX_STANDARDIZED_TARGET_METAL",0.022,0.109675360931642,-2.21023054101535,"HARMONIZED","ECOTOX standardized concentration used; for metal salts ECOTOX generally expresses concentration as active ionic form.","EXPLORATORY","NO",21,,,"C","EXISTING_MEAN_PRESERVED",,,,,"MISSING",,,,,"MISSING",,,,,"MISSING","ECOTOX","E_6079","E_T1078774","E_R10207",,,,,,,,TRUE,"Not explicit","Lifestage=Adult"
105,1053473,129431,3734,"Hg","Mercury","Pseudodiaptomus coronatus","Calanoida",,4,"Static","Total",,79,45,112,"ug/L",79,"ug/L",20,30,,,"Unpublished Laboratory Data","PRIMARY_KEEP","Eligible copepod LC50 candidate",200.592,"ECOTOX_STANDARDIZED_TARGET_METAL",0.079,0.39383425061817,-0.931825141906648,"HARMONIZED","ECOTOX standardized concentration used; for metal salts ECOTOX generally expresses concentration as active ionic form.","EXPLORATORY","NO",20,,,"C","EXISTING_MEAN_PRESERVED",30,,,"0/00","EXISTING_MEAN_PRESERVED",,,,,"MISSING",,,,,"MISSING","ECOTOX","E_3734","E_T1053473","E_R129431",,,,,,,,TRUE,"Not explicit",""
111,1111935,21216,8445,"Hg","Mercury","Acartia tonsa","Calanoida",,2,"Static","Total",,17,,,"ug/L",17,"ug/L",20,10,,,"Toxicological Comparison of Natural and Cultured Populations of Acartia tonsa to Cadmium, Copper, and Mercury","PRIMARY_KEEP","Eligible copepod LC50 candidate",200.592,"ECOTOX_STANDARDIZED_TARGET_METAL",0.017,0.0847491425380873,-2.46805965031745,"HARMONIZED","ECOTOX standardized concentration used; for metal salts ECOTOX generally expresses concentration as active ionic form.","EXPLORATORY","NO",20,,,"C","EXISTING_MEAN_PRESERVED",10,,,"0/00","EXISTING_MEAN_PRESERVED",,,,,"MISSING",,,,,"MISSING","ECOTOX","E_8445","E_T1111935","E_R21216",,,,,,,,TRUE,"Not explicit",""
112,1111929,21210,8445,"Hg","Mercury","Acartia tonsa","Calanoida","F6 generation",4,"Static","Total",,15,,,"ug/L",15,"ug/L",20,10,,,"Toxicological Comparison of Natural and Cultured Populations of Acartia tonsa to Cadmium, Copper, and Mercury","PRIMARY_KEEP","Eligible copepod LC50 candidate",200.592,"ECOTOX_STANDARDIZED_TARGET_METAL",0.015,0.0747786551806652,-2.59322279327146,"HARMONIZED","ECOTOX standardized concentration used; for metal salts ECOTOX generally expresses concentration as active ionic form.","EXPLORATORY","NO",20,,,"C","EXISTING_MEAN_PRESERVED",10,,,"0/00","EXISTING_MEAN_PRESERVED",,,,,"MISSING",,,,,"MISSING","ECOTOX","E_8445","E_T1111929","E_R21210",,,,,,,,TRUE,"Not explicit","Lifestage=F6 generation"
113,1111930,21211,8445,"Hg","Mercury","Acartia tonsa","Calanoida","F2 generation",1,"Static","Total",,20,,,"ug/L",20,"ug/L",20,10,,,"Toxicological Comparison of Natural and Cultured Populations of Acartia tonsa to Cadmium, Copper, and Mercury","PRIMARY_KEEP","Eligible copepod LC50 candidate",200.592,"ECOTOX_STANDARDIZED_TARGET_METAL",0.02,0.0997048735742203,-2.30554072081968,"HARMONIZED","ECOTOX standardized concentration used; for metal salts ECOTOX generally expresses concentration as active ionic form.","EXPLORATORY","NO",20,,,"C","EXISTING_MEAN_PRESERVED",10,,,"0/00","EXISTING_MEAN_PRESERVED",,,,,"MISSING",,,,,"MISSING","ECOTOX","E_8445","E_T1111930","E_R21211",,,,,,,,TRUE,"Not explicit","Lifestage=F2 generation"
114,1111932,21213,8445,"Hg","Mercury","Acartia tonsa","Calanoida","F2 generation",3,"Static","Total",,17,,,"ug/L",17,"ug/L",20,10,,,"Toxicological Comparison of Natural and Cultured Populations of Acartia tonsa to Cadmium, Copper, and Mercury","PRIMARY_KEEP","Eligible copepod LC50 candidate",200.592,"ECOTOX_STANDARDIZED_TARGET_METAL",0.017,0.0847491425380873,-2.46805965031745,"HARMONIZED","ECOTOX standardized concentration used; for metal salts ECOTOX generally expresses concentration as active ionic form.","EXPLORATORY","NO",20,,,"C","EXISTING_MEAN_PRESERVED",10,,,"0/00","EXISTING_MEAN_PRESERVED",,,,,"MISSING",,,,,"MISSING","ECOTOX","E_8445","E_T1111932","E_R21213",,,,,,,,TRUE,"Not explicit","Lifestage=F2 generation"
115,1111926,21207,8445,"Hg","Mercury","Acartia tonsa","Calanoida","F6 generation",1,"Static","Total",,22,,,"ug/L",22,"ug/L",20,10,,,"Toxicological Comparison of Natural and Cultured Populations of Acartia tonsa to Cadmium, Copper, and Mercury","PRIMARY_KEEP","Eligible copepod LC50 candidate",200.592,"ECOTOX_STANDARDIZED_TARGET_METAL",0.022,0.109675360931642,-2.21023054101535,"HARMONIZED","ECOTOX standardized concentration used; for metal salts ECOTOX generally expresses concentration as active ionic form.","EXPLORATORY","NO",20,,,"C","EXISTING_MEAN_PRESERVED",10,,,"0/00","EXISTING_MEAN_PRESERVED",,,,,"MISSING",,,,,"MISSING","ECOTOX","E_8445","E_T1111926","E_R21207",,,,,,,,TRUE,"Not explicit","Lifestage=F6 generation"
116,1053474,129432,3734,"Hg","Mercury","Eurytemora affinis","Calanoida",,4,"Static","Total",,158,102,216,"ug/L",158,"ug/L",20,30,,,"Unpublished Laboratory Data","PRIMARY_KEEP","Eligible copepod LC50 candidate",200.592,"ECOTOX_STANDARDIZED_TARGET_METAL",0.158,0.78766850123634,-0.238677961346703,"HARMONIZED","ECOTOX standardized concentration used; for metal salts ECOTOX generally expresses concentration as active ionic form.","EXPLORATORY","NO",20,,,"C","EXISTING_MEAN_PRESERVED",30,,,"0/00","EXISTING_MEAN_PRESERVED",,,,,"MISSING",,,,,"MISSING","ECOTOX","E_3734","E_T1053474","E_R129432",,,,,,,,TRUE,"Not explicit",""
117,1111934,21215,8445,"Hg","Mercury","Acartia tonsa","Calanoida",,1,"Static","Total",,17.5,,,"ug/L",17.5,"ug/L",20,10,,,"Toxicological Comparison of Natural and Cultured Populations of Acartia tonsa to Cadmium, Copper, and Mercury","PRIMARY_KEEP","Eligible copepod LC50 candidate",200.592,"ECOTOX_STANDARDIZED_TARGET_METAL",0.0175,0.0872417643774428,-2.4390721134442,"HARMONIZED","ECOTOX standardized concentration used; for metal salts ECOTOX generally expresses concentration as active ionic form.","EXPLORATORY","NO",20,,,"C","EXISTING_MEAN_PRESERVED",10,,,"0/00","EXISTING_MEAN_PRESERVED",,,,,"MISSING",,,,,"MISSING","ECOTOX","E_8445","E_T1111934","E_R21215",,,,,,,,TRUE,"Not explicit",""
118,1111928,21209,8445,"Hg","Mercury","Acartia tonsa","Calanoida","F6 generation",3,"Static","Total",,16,,,"ug/L",16,"ug/L",20,10,,,"Toxicological Comparison of Natural and Cultured Populations of Acartia tonsa to Cadmium, Copper, and Mercury","PRIMARY_KEEP","Eligible copepod LC50 candidate",200.592,"ECOTOX_STANDARDIZED_TARGET_METAL",0.016,0.0797638988593762,-2.52868427213389,"HARMONIZED","ECOTOX standardized concentration used; for metal salts ECOTOX generally expresses concentration as active ionic form.","EXPLORATORY","NO",20,,,"C","EXISTING_MEAN_PRESERVED",10,,,"0/00","EXISTING_MEAN_PRESERVED",,,,,"MISSING",,,,,"MISSING","ECOTOX","E_8445","E_T1111928","E_R21209",,,,,,,,TRUE,"Not explicit","Lifestage=F6 generation"
119,1053471,129429,3734,"Hg","Mercury","Acartia tonsa","Calanoida",,4,"Static","Total",,20,7,38,"ug/L",20,"ug/L",20,30,,,"Unpublished Laboratory Data","PRIMARY_KEEP","Eligible copepod LC50 candidate",200.592,"ECOTOX_STANDARDIZED_TARGET_METAL",0.02,0.0997048735742203,-2.30554072081968,"HARMONIZED","ECOTOX standardized concentration used; for metal salts ECOTOX generally expresses concentration as active ionic form.","EXPLORATORY","NO",20,,,"C","EXISTING_MEAN_PRESERVED",30,,,"0/00","EXISTING_MEAN_PRESERVED",,,,,"MISSING",,,,,"MISSING","ECOTOX","E_3734","E_T1053471","E_R129429",,,,,,,,TRUE,"Not explicit",""
120,1053472,129430,3734,"Hg","Mercury","Acartia clausi","Calanoida",,4,"Static","Total",,10,8,12,"ug/L",10,"ug/L",10,30,,,"Unpublished Laboratory Data","PRIMARY_KEEP","Eligible copepod LC50 candidate",200.592,"ECOTOX_STANDARDIZED_TARGET_METAL",0.01,0.0498524367871101,-2.99868790137962,"HARMONIZED","ECOTOX standardized concentration used; for metal salts ECOTOX generally expresses concentration as active ionic form.","EXPLORATORY","NO",10,,,"C","EXISTING_MEAN_PRESERVED",30,,,"0/00","EXISTING_MEAN_PRESERVED",,,,,"MISSING",,,,,"MISSING","ECOTOX","E_3734","E_T1053472","E_R129430",,,,,,,,TRUE,"Not explicit",""
121,1111937,21218,8445,"Hg","Mercury","Acartia tonsa","Calanoida",,4,"Static","Total",,10,,,"ug/L",10,"ug/L",20,10,,,"Toxicological Comparison of Natural and Cultured Populations of Acartia tonsa to Cadmium, Copper, and Mercury","PRIMARY_KEEP","Eligible copepod LC50 candidate",200.592,"ECOTOX_STANDARDIZED_TARGET_METAL",0.01,0.0498524367871101,-2.99868790137962,"HARMONIZED","ECOTOX standardized concentration used; for metal salts ECOTOX generally expresses concentration as active ionic form.","EXPLORATORY","NO",20,,,"C","EXISTING_MEAN_PRESERVED",10,,,"0/00","EXISTING_MEAN_PRESERVED",,,,,"MISSING",,,,,"MISSING","ECOTOX","E_8445","E_T1111937","E_R21218",,,,,,,,TRUE,"Not explicit",""
122,1111936,21217,8445,"Hg","Mercury","Acartia tonsa","Calanoida",,3,"Static","Total",,13,,,"ug/L",13,"ug/L",20,10,,,"Toxicological Comparison of Natural and Cultured Populations of Acartia tonsa to Cadmium, Copper, and Mercury","PRIMARY_KEEP","Eligible copepod LC50 candidate",200.592,"ECOTOX_STANDARDIZED_TARGET_METAL",0.013,0.0648081678232432,-2.73632363691213,"HARMONIZED","ECOTOX standardized concentration used; for metal salts ECOTOX generally expresses concentration as active ionic form.","EXPLORATORY","NO",20,,,"C","EXISTING_MEAN_PRESERVED",10,,,"0/00","EXISTING_MEAN_PRESERVED",,,,,"MISSING",,,,,"MISSING","ECOTOX","E_8445","E_T1111936","E_R21217",,,,,,,,TRUE,"Not explicit",""
123,1111931,21212,8445,"Hg","Mercury","Acartia tonsa","Calanoida","F2 generation",2,"Static","Total",,19,,,"ug/L",19,"ug/L",20,10,,,"Toxicological Comparison of Natural and Cultured Populations of Acartia tonsa to Cadmium, Copper, and Mercury","PRIMARY_KEEP","Eligible copepod LC50 candidate",200.592,"ECOTOX_STANDARDIZED_TARGET_METAL",0.019,0.0947196298955093,-2.35683401520723,"HARMONIZED","ECOTOX standardized concentration used; for metal salts ECOTOX generally expresses concentration as active ionic form.","EXPLORATORY","NO",20,,,"C","EXISTING_MEAN_PRESERVED",10,,,"0/00","EXISTING_MEAN_PRESERVED",,,,,"MISSING",,,,,"MISSING","ECOTOX","E_8445","E_T1111931","E_R21212",,,,,,,,TRUE,"Not explicit","Lifestage=F2 generation"
124,1111933,21214,8445,"Hg","Mercury","Acartia tonsa","Calanoida","F2 generation",4,"Static","Total",,14,,,"ug/L",14,"ug/L",20,10,,,"Toxicological Comparison of Natural and Cultured Populations of Acartia tonsa to Cadmium, Copper, and Mercury","PRIMARY_KEEP","Eligible copepod LC50 candidate",200.592,"ECOTOX_STANDARDIZED_TARGET_METAL",0.014,0.0697934115019542,-2.66221566475841,"HARMONIZED","ECOTOX standardized concentration used; for metal salts ECOTOX generally expresses concentration as active ionic form.","EXPLORATORY","NO",20,,,"C","EXISTING_MEAN_PRESERVED",10,,,"0/00","EXISTING_MEAN_PRESERVED",,,,,"MISSING",,,,,"MISSING","ECOTOX","E_8445","E_T1111933","E_R21214",,,,,,,,TRUE,"Not explicit","Lifestage=F2 generation"
125,1111927,21208,8445,"Hg","Mercury","Acartia tonsa","Calanoida","F6 generation",2,"Static","Total",,19,,,"ug/L",19,"ug/L",20,10,,,"Toxicological Comparison of Natural and Cultured Populations of Acartia tonsa to Cadmium, Copper, and Mercury","PRIMARY_KEEP","Eligible copepod LC50 candidate",200.592,"ECOTOX_STANDARDIZED_TARGET_METAL",0.019,0.0947196298955093,-2.35683401520723,"HARMONIZED","ECOTOX standardized concentration used; for metal salts ECOTOX generally expresses concentration as active ionic form.","EXPLORATORY","NO",20,,,"C","EXISTING_MEAN_PRESERVED",10,,,"0/00","EXISTING_MEAN_PRESERVED",,,,,"MISSING",,,,,"MISSING","ECOTOX","E_8445","E_T1111927","E_R21208",,,,,,,,TRUE,"Not explicit","Lifestage=F6 generation"
129,1053477,129435,3734,"Ni","Nickel","Pseudodiaptomus coronatus","Calanoida",,3,"Static","Total",,9100,6170,12400,"ug/L",9100,"ug/L",20,30,,,"Unpublished Laboratory Data","PRIMARY_KEEP","Eligible copepod LC50 candidate",58.6934,"ECOTOX_STANDARDIZED_TARGET_METAL",9.1,155.042986093837,5.04370240810815,"HARMONIZED","ECOTOX standardized concentration used; for metal salts ECOTOX generally expresses concentration as active ionic form.","DESCRIPTIVE","NO",20,,,"C","EXISTING_MEAN_PRESERVED",30,,,"0/00","EXISTING_MEAN_PRESERVED",,,,,"MISSING",,,,,"MISSING","ECOTOX","E_3734","E_T1053477","E_R129435",,,,,,,,TRUE,"Not explicit",""
134,1053476,129434,3734,"Ni","Nickel","Acartia clausi","Calanoida",,4,"Static","Total",,2076,1525,2900,"ug/L",2076,"ug/L",10,30,,,"Unpublished Laboratory Data","PRIMARY_KEEP","Eligible copepod LC50 candidate",58.6934,"ECOTOX_STANDARDIZED_TARGET_METAL",2.076,35.3702460583302,3.56587095988899,"HARMONIZED","ECOTOX standardized concentration used; for metal salts ECOTOX generally expresses concentration as active ionic form.","DESCRIPTIVE","NO",10,,,"C","EXISTING_MEAN_PRESERVED",30,,,"0/00","EXISTING_MEAN_PRESERVED",,,,,"MISSING",,,,,"MISSING","ECOTOX","E_3734","E_T1053476","E_R129434",,,,,,,,TRUE,"Not explicit",""
135,1053478,129436,3734,"Ni","Nickel","Eurytemora affinis","Calanoida",,4,"Static","Total",,9670,7350,12120,"ug/L",9670,"ug/L",20,30,,,"Unpublished Laboratory Data","PRIMARY_KEEP","Eligible copepod LC50 candidate",58.6934,"ECOTOX_STANDARDIZED_TARGET_METAL",9.67,164.754469838176,5.10445630405055,"HARMONIZED","ECOTOX standardized concentration used; for metal salts ECOTOX generally expresses concentration as active ionic form.","DESCRIPTIVE","NO",20,,,"C","EXISTING_MEAN_PRESERVED",30,,,"0/00","EXISTING_MEAN_PRESERVED",,,,,"MISSING",,,,,"MISSING","ECOTOX","E_3734","E_T1053478","E_R129436",,,,,,,,TRUE,"Not explicit",""
136,1053475,129433,3734,"Ni","Nickel","Acartia tonsa","Calanoida",,3,"Static","Total",,460,260,710,"ug/L",460,"ug/L",20,30,,,"Unpublished Laboratory Data","PRIMARY_KEEP","Eligible copepod LC50 candidate",58.6934,"ECOTOX_STANDARDIZED_TARGET_METAL",0.46,7.83733775858955,2.05889920508635,"HARMONIZED","ECOTOX standardized concentration used; for metal salts ECOTOX generally expresses concentration as active ionic form.","DESCRIPTIVE","NO",20,,,"C","EXISTING_MEAN_PRESERVED",30,,,"0/00","EXISTING_MEAN_PRESERVED",,,,,"MISSING",,,,,"MISSING","ECOTOX","E_3734","E_T1053475","E_R129433",,,,,,,,TRUE,"Not explicit",""
138,1284914,738947,59900,"Ag","Silver","Acartia sp.","Calanoida",,2,"Static","Total",,400,,,"nM",400,"nM",15,,8,1,"Sublethal Effects of Silver in Zooplankton:  Importance of Exposure Pathways and Implications for Toxicity Testing","PRIMARY_KEEP","Eligible copepod LC50 candidate",107.8682,"ECOTOX_STANDARDIZED_TARGET_METAL",0.04314728,0.4,-0.916290731874155,"HARMONIZED","ECOTOX standardized concentration used; for metal salts ECOTOX generally expresses concentration as active ionic form.","SECONDARY","NO",15,,,"C","EXISTING_MEAN_PRESERVED",,,,,"MISSING",8,,,,"EXISTING_MEAN_PRESERVED",1,,,"mg/L","EXISTING_MEAN_PRESERVED","ECOTOX","E_59900","E_T1284914","E_R738947",,,,,,,,TRUE,"Not explicit",""
139,1053694,194885,3751,"Ag","Silver","Acartia tonsa","Calanoida","Adult",4,"Aquatic, unspecified","Total",,43,30,60,"ug/L",43,"ug/L",20,30,,,"Unpublished Laboratory Data","PRIMARY_KEEP","Eligible copepod LC50 candidate",107.8682,"ECOTOX_STANDARDIZED_TARGET_METAL",0.043,0.398634630039252,-0.919709995801977,"HARMONIZED","ECOTOX standardized concentration used; for metal salts ECOTOX generally expresses concentration as active ionic form.","SECONDARY","NO",20,,,"C","EXISTING_MEAN_PRESERVED",30,,,"0/00","EXISTING_MEAN_PRESERVED",,,,,"MISSING",,,,,"MISSING","ECOTOX","E_3751","E_T1053694","E_R194885",,,,,,,,TRUE,"Not explicit","Lifestage=Adult"
140,1053693,194884,3751,"Ag","Silver","Acartia clausi","Calanoida","Adult",4,"Aquatic, unspecified","Total",,15,10,19,"ug/L",15,"ug/L",10,30,,,"Unpublished Laboratory Data","PRIMARY_KEEP","Eligible copepod LC50 candidate",107.8682,"ECOTOX_STANDARDIZED_TARGET_METAL",0.015,0.139058591874158,-1.97285991039333,"HARMONIZED","ECOTOX standardized concentration used; for metal salts ECOTOX generally expresses concentration as active ionic form.","SECONDARY","NO",10,,,"C","EXISTING_MEAN_PRESERVED",30,,,"0/00","EXISTING_MEAN_PRESERVED",,,,,"MISSING",,,,,"MISSING","ECOTOX","E_3751","E_T1053693","E_R194884",,,,,,,,TRUE,"Not explicit","Lifestage=Adult"
184,1111942,23768,8445,"Cd","Cadmium","Acartia tonsa","Calanoida","F2 generation",4,"Static","Total",,190,,,"ug/L",190,"ug/L",20,10,,,"Toxicological Comparison of Natural and Cultured Populations of Acartia tonsa to Cadmium, Copper, and Mercury","PRIMARY_KEEP","Eligible copepod LC50 candidate",112.414,"ECOTOX_STANDARDIZED_TARGET_METAL",0.19,1.69018093831729,0.524835587297103,"HARMONIZED","ECOTOX standardized concentration used; for metal salts ECOTOX generally expresses concentration as active ionic form.","CORE","YES",20,,,"C","EXISTING_MEAN_PRESERVED",10,,,"0/00","EXISTING_MEAN_PRESERVED",,,,,"MISSING",,,,,"MISSING","ECOTOX","E_8445","E_T1111942","E_R23768",,,,,,,,TRUE,"Not explicit","Lifestage=F2 generation"
193,1111941,23767,8445,"Cd","Cadmium","Acartia tonsa","Calanoida","Adult",4,"Static","Total",,122,60,341,"ug/L",122,"ug/L",20,30,,,"Toxicological Comparison of Natural and Cultured Populations of Acartia tonsa to Cadmium, Copper, and Mercury","PRIMARY_KEEP","Eligible copepod LC50 candidate",112.414,"ECOTOX_STANDARDIZED_TARGET_METAL",0.122,1.08527407618268,0.0818325598698733,"HARMONIZED","ECOTOX standardized concentration used; for metal salts ECOTOX generally expresses concentration as active ionic form.","CORE","YES",20,,,"C","EXISTING_MEAN_PRESERVED",30,,,"0/00","EXISTING_MEAN_PRESERVED",,,,,"MISSING",,,,,"MISSING","ECOTOX","E_8445","E_T1111941","E_R23767",,,,,,,,TRUE,"Not explicit","Lifestage=Adult"
203,1120299,126283,9365,"Cd","Cadmium","Amphiascus tenuiremis","Harpacticoida","Adult",4,"Static","Total",,224,213,234,"ug/L",224,"ug/L",20.8,30.7,7.8,,"Aqueous-, Pore-Water-, and Sediment-Phase Cadmium: Toxicity Relationships for a Meiobenthic Copepod","PRIMARY_KEEP","Eligible copepod LC50 candidate",112.414,"ECOTOX_STANDARDIZED_TARGET_METAL",0.224,1.9926343693846,0.689457566991657,"HARMONIZED","ECOTOX standardized concentration used; for metal salts ECOTOX generally expresses concentration as active ionic form.","CORE","YES",20.8,,,"C","EXISTING_MEAN_PRESERVED",30.7,,,"0/00","EXISTING_MEAN_PRESERVED",7.8,,,,"EXISTING_MEAN_PRESERVED",,,,,"MISSING","ECOTOX","E_9365","E_T1120299","E_R126283",,,,,,,,TRUE,"Not explicit","Lifestage=Adult"
206,1111940,23766,8445,"Cd","Cadmium","Acartia tonsa","Calanoida","F6 generation",4,"Static","Total",,220,138,313,"ug/L",220,"ug/L",20,10,,,"Toxicological Comparison of Natural and Cultured Populations of Acartia tonsa to Cadmium, Copper, and Mercury","PRIMARY_KEEP","Eligible copepod LC50 candidate",112.414,"ECOTOX_STANDARDIZED_TARGET_METAL",0.22,1.95705161278844,0.671439061488978,"HARMONIZED","ECOTOX standardized concentration used; for metal salts ECOTOX generally expresses concentration as active ionic form.","CORE","YES",20,,,"C","EXISTING_MEAN_PRESERVED",10,,,"0/00","EXISTING_MEAN_PRESERVED",,,,,"MISSING",,,,,"MISSING","ECOTOX","E_8445","E_T1111940","E_R23766",,,,,,,,TRUE,"Not explicit","Lifestage=F6 generation"
214,1134122,107489,10900,"Cd","Cadmium","Eurytemora affinis","Calanoida","Multiple",4,"Static","Total",,147.7,133.1,166.1,"ug/L",147.7,"ug/L",15,10,,,"Effects of Copper and Cadmium on Growth, Swimming and Predator Avoidance in Eurytemora affinis (Copepoda)","PRIMARY_KEEP","Eligible copepod LC50 candidate",112.414,"ECOTOX_STANDARDIZED_TARGET_METAL",0.1477,1.31389328731297,0.272994704673951,"HARMONIZED","ECOTOX standardized concentration used; for metal salts ECOTOX generally expresses concentration as active ionic form.","CORE","YES",15,,,"C","EXISTING_MEAN_PRESERVED",10,,,"0/00","EXISTING_MEAN_PRESERVED",,,,,"MISSING",,,,,"MISSING","ECOTOX","E_10900","E_T1134122","E_R107489",,,,,,,,TRUE,"Not explicit","Lifestage=Multiple"
215,1111939,23765,8445,"Cd","Cadmium","Acartia tonsa","Calanoida",,4,"Static","Total",,90,58,135,"ug/L",90,"ug/L",20,10,,,"Toxicological Comparison of Natural and Cultured Populations of Acartia tonsa to Cadmium, Copper, and Mercury","PRIMARY_KEEP","Eligible copepod LC50 candidate",112.414,"ECOTOX_STANDARDIZED_TARGET_METAL",0.09,0.800612023413454,-0.222378814533118,"HARMONIZED","ECOTOX standardized concentration used; for metal salts ECOTOX generally expresses concentration as active ionic form.","CORE","YES",20,,,"C","EXISTING_MEAN_PRESERVED",10,,,"0/00","EXISTING_MEAN_PRESERVED",,,,,"MISSING",,,,,"MISSING","ECOTOX","E_8445","E_T1111939","E_R23765",,,,,,,,TRUE,"Not explicit",""
228,1111938,23764,8445,"Cd","Cadmium","Acartia tonsa","Calanoida",,4,"Static","Total",,337,184,530,"ug/L",337,"ug/L",20,10,,,"Toxicological Comparison of Natural and Cultured Populations of Acartia tonsa to Cadmium, Copper, and Mercury","PRIMARY_KEEP","Eligible copepod LC50 candidate",112.414,"ECOTOX_STANDARDIZED_TARGET_METAL",0.337,2.99784724322593,1.09789444548898,"HARMONIZED","ECOTOX standardized concentration used; for metal salts ECOTOX generally expresses concentration as active ionic form.","CORE","YES",20,,,"C","EXISTING_MEAN_PRESERVED",10,,,"0/00","EXISTING_MEAN_PRESERVED",,,,,"MISSING",,,,,"MISSING","ECOTOX","E_8445","E_T1111938","E_R23764",,,,,,,,TRUE,"Not explicit",""
268,1078810,12517,6079,"Cu","Copper","Calanoida","Calanoida","Adult",4,"Static","Total",,60,,,"ug/L",60,"ug/L",21,,,,"Evaluation of Potential Indicators of Sub-Lethal Toxic Stress on Marine Zooplankton (Feeding, Fecundity, Respiration, and Excretion): Controlled Ecosystem Pollution Experiment","PRIMARY_KEEP","Eligible copepod LC50 candidate",63.546,"ECOTOX_STANDARDIZED_TARGET_METAL",0.06,0.944197903880653,-0.0574194908674865,"HARMONIZED","ECOTOX standardized concentration used; for metal salts ECOTOX generally expresses concentration as active ionic form.","CORE","YES",21,,,"C","EXISTING_MEAN_PRESERVED",,,,,"MISSING",,,,,"MISSING",,,,,"MISSING","ECOTOX","E_6079","E_T1078810","E_R12517",,,,,,,,TRUE,"Not explicit","Lifestage=Adult"
285,1078809,12516,6079,"Cu","Copper","Calanoida","Calanoida",,4,"Static","Total",,45,,,"ug/L",45,"ug/L",9,,,,"Evaluation of Potential Indicators of Sub-Lethal Toxic Stress on Marine Zooplankton (Feeding, Fecundity, Respiration, and Excretion): Controlled Ecosystem Pollution Experiment","PRIMARY_KEEP","Eligible copepod LC50 candidate",63.546,"ECOTOX_STANDARDIZED_TARGET_METAL",0.045,0.70814842791049,-0.345101563319267,"HARMONIZED","ECOTOX standardized concentration used; for metal salts ECOTOX generally expresses concentration as active ionic form.","CORE","YES",9,,,"C","EXISTING_MEAN_PRESERVED",,,,,"MISSING",,,,,"MISSING",,,,,"MISSING","ECOTOX","E_6079","E_T1078809","E_R12516",,,,,,,,TRUE,"Not explicit",""
322,1078811,12518,6079,"Cu","Copper","Calanoida","Calanoida",,2,"Static","Total",,105,,,"ug/L",105,"ug/L",9,,,,"Evaluation of Potential Indicators of Sub-Lethal Toxic Stress on Marine Zooplankton (Feeding, Fecundity, Respiration, and Excretion): Controlled Ecosystem Pollution Experiment","PRIMARY_KEEP","Eligible copepod LC50 candidate",63.546,"ECOTOX_STANDARDIZED_TARGET_METAL",0.105,1.65234633179114,0.502196297067936,"HARMONIZED","ECOTOX standardized concentration used; for metal salts ECOTOX generally expresses concentration as active ionic form.","CORE","YES",9,,,"C","EXISTING_MEAN_PRESERVED",,,,,"MISSING",,,,,"MISSING",,,,,"MISSING","ECOTOX","E_6079","E_T1078811","E_R12518",,,,,,,,TRUE,"Not explicit",""
324,1078808,12515,6079,"Cu","Copper","Calanoida","Calanoida","Juvenile",4,"Static","Total",,52,,,"ug/L",52,"ug/L",9,,,,"Evaluation of Potential Indicators of Sub-Lethal Toxic Stress on Marine Zooplankton (Feeding, Fecundity, Respiration, and Excretion): Controlled Ecosystem Pollution Experiment","PRIMARY_KEEP","Eligible copepod LC50 candidate",63.546,"ECOTOX_STANDARDIZED_TARGET_METAL",0.052,0.8183048500299,-0.20052033450816,"HARMONIZED","ECOTOX standardized concentration used; for metal salts ECOTOX generally expresses concentration as active ionic form.","CORE","YES",9,,,"C","EXISTING_MEAN_PRESERVED",,,,,"MISSING",,,,,"MISSING",,,,,"MISSING","ECOTOX","E_6079","E_T1078808","E_R12515",,,,,,,,TRUE,"Not explicit","Lifestage=Juvenile"
348,1111945,23785,8445,"Cu","Copper","Acartia tonsa","Calanoida","Adult",4,"Static","Total",,17,9,29,"ug/L",17,"ug/L",20,30,,,"Toxicological Comparison of Natural and Cultured Populations of Acartia tonsa to Cadmium, Copper, and Mercury","PRIMARY_KEEP","Eligible copepod LC50 candidate",63.546,"ECOTOX_STANDARDIZED_TARGET_METAL",0.017,0.267522739432852,-1.31855070903337,"HARMONIZED","ECOTOX standardized concentration used; for metal salts ECOTOX generally expresses concentration as active ionic form.","CORE","YES",20,,,"C","EXISTING_MEAN_PRESERVED",30,,,"0/00","EXISTING_MEAN_PRESERVED",,,,,"MISSING",,,,,"MISSING","ECOTOX","E_8445","E_T1111945","E_R23785",,,,,,,,TRUE,"Not explicit","Lifestage=Adult"
349,1047099,115192,2977,"Cu","Copper","Tigriopus californicus","Harpacticoida","Nauplii",4,"Renewal","Total",,2.5,0.9,3.9,"M",2.5,"M",,35,,,"Copper Tolerance of the Life History Stages of the Splashpool Copepod Tigriopus californicus (Copepoda, Harpacticoida)","PRIMARY_KEEP","Eligible copepod LC50 candidate",63.546,"SOURCE_VERIFIED_MICROMOLAR",0.158865,2.5,0.916290731874155,"HARMONIZED","O'Brien et al. (1988), Table 1, p. 61: total dissolved Cu LC50 in 10^-6 M. Analysis_Point is used directly as umol Cu/L; LC95 and cupric-ion-activity columns are not used.","CORE","YES",,,,,"MISSING",35,,,"0/00","EXISTING_MEAN_PRESERVED",,,,,"MISSING",,,,,"MISSING","ECOTOX","E_2977","E_T1047099","E_R115192",,,,,,,,TRUE,"Not explicit","Lifestage=Nauplii"
350,1252479,700796,59877,"Cu","Copper","Amphiascus tenuiremis","Harpacticoida",,4,"Static","Total",,124.6,,,"ug/L",124.6,"ug/L",20,30,7.9,,"Acute Toxicity of Five Sediment-Associated Metals, Individually and in a Mixture, to the Estuarine Meiobenthic Harpacticoid Copepod Amphiascus tenuiremis","PRIMARY_KEEP","Eligible copepod LC50 candidate",63.546,"ECOTOX_STANDARDIZED_TARGET_METAL",0.1246,1.96078431372549,0.673344553263766,"HARMONIZED","ECOTOX standardized concentration used; for metal salts ECOTOX generally expresses concentration as active ionic form.","CORE","YES",20,,,"C","EXISTING_MEAN_PRESERVED",30,,,"0/00","EXISTING_MEAN_PRESERVED",7.9,,,,"EXISTING_MEAN_PRESERVED",,,,,"MISSING","ECOTOX","E_59877","E_T1252479","E_R700796",,,,,,,,TRUE,"Not explicit",""
351,1047101,115194,2977,"Cu","Copper","Tigriopus californicus","Harpacticoida","Nauplii",4,"Renewal","Total",,4.1,3.3,5,"M",4.1,"M",,35,,,"Copper Tolerance of the Life History Stages of the Splashpool Copepod Tigriopus californicus (Copepoda, Harpacticoida)","PRIMARY_KEEP","Eligible copepod LC50 candidate",63.546,"SOURCE_VERIFIED_MICROMOLAR",0.2605386,4.1,1.41098697371026,"HARMONIZED","O'Brien et al. (1988), Table 1, p. 61: total dissolved Cu LC50 in 10^-6 M. Analysis_Point is used directly as umol Cu/L; LC95 and cupric-ion-activity columns are not used.","CORE","YES",,,,,"MISSING",35,,,"0/00","EXISTING_MEAN_PRESERVED",,,,,"MISSING",,,,,"MISSING","ECOTOX","E_2977","E_T1047101","E_R115194",,,,,,,,TRUE,"Not explicit","Lifestage=Nauplii"
352,1047097,115190,2977,"Cu","Copper","Tigriopus californicus","Harpacticoida","Nauplii",4,"Renewal","Total",,1.2,0.6,1.6,"M",1.2,"M",,35,,,"Copper Tolerance of the Life History Stages of the Splashpool Copepod Tigriopus californicus (Copepoda, Harpacticoida)","PRIMARY_KEEP","Eligible copepod LC50 candidate",63.546,"SOURCE_VERIFIED_MICROMOLAR",0.0762552,1.2,0.182321556793955,"HARMONIZED","O'Brien et al. (1988), Table 1, p. 61: total dissolved Cu LC50 in 10^-6 M. Analysis_Point is used directly as umol Cu/L; LC95 and cupric-ion-activity columns are not used.","CORE","YES",,,,,"MISSING",35,,,"0/00","EXISTING_MEAN_PRESERVED",,,,,"MISSING",,,,,"MISSING","ECOTOX","E_2977","E_T1047097","E_R115190",,,,,,,,TRUE,"Not explicit","Lifestage=Nauplii"
353,1134112,107408,10900,"Cu","Copper","Eurytemora affinis","Calanoida","Multiple",4,"Static","Total",,31.1,,,"ug/L",31.1,"ug/L",15,10,,,"Effects of Copper and Cadmium on Growth, Swimming and Predator Avoidance in Eurytemora affinis (Copepoda)","PRIMARY_KEEP","Eligible copepod LC50 candidate",63.546,"ECOTOX_STANDARDIZED_TARGET_METAL",0.0311,0.489409246844805,-0.714556233904399,"HARMONIZED","ECOTOX standardized concentration used; for metal salts ECOTOX generally expresses concentration as active ionic form.","CORE","YES",15,,,"C","EXISTING_MEAN_PRESERVED",10,,,"0/00","EXISTING_MEAN_PRESERVED",,,,,"MISSING",,,,,"MISSING","ECOTOX","E_10900","E_T1134112","E_R107408",,,,,,,,TRUE,"Not explicit","Lifestage=Multiple"
354,1047100,115193,2977,"Cu","Copper","Tigriopus californicus","Harpacticoida","Nauplii",4,"Renewal","Total",,2.9,1.5,4.2,"M",2.9,"M",,35,,,"Copper Tolerance of the Life History Stages of the Splashpool Copepod Tigriopus californicus (Copepoda, Harpacticoida)","PRIMARY_KEEP","Eligible copepod LC50 candidate",63.546,"SOURCE_VERIFIED_MICROMOLAR",0.1842834,2.9,1.06471073699243,"HARMONIZED","O'Brien et al. (1988), Table 1, p. 61: total dissolved Cu LC50 in 10^-6 M. Analysis_Point is used directly as umol Cu/L; LC95 and cupric-ion-activity columns are not used.","CORE","YES",,,,,"MISSING",35,,,"0/00","EXISTING_MEAN_PRESERVED",,,,,"MISSING",,,,,"MISSING","ECOTOX","E_2977","E_T1047100","E_R115193",,,,,,,,TRUE,"Not explicit","Lifestage=Nauplii"
355,1134111,107407,10900,"Cu","Copper","Eurytemora affinis","Calanoida","Multiple",4,"Static","Total",,30.6,,,"ug/L",30.6,"ug/L",15,10,,,"Effects of Copper and Cadmium on Growth, Swimming and Predator Avoidance in Eurytemora affinis (Copepoda)","PRIMARY_KEEP","Eligible copepod LC50 candidate",63.546,"ECOTOX_STANDARDIZED_TARGET_METAL",0.0306,0.481540930979133,-0.730764044131252,"HARMONIZED","ECOTOX standardized concentration used; for metal salts ECOTOX generally expresses concentration as active ionic form.","CORE","YES",15,,,"C","EXISTING_MEAN_PRESERVED",10,,,"0/00","EXISTING_MEAN_PRESERVED",,,,,"MISSING",,,,,"MISSING","ECOTOX","E_10900","E_T1134111","E_R107407",,,,,,,,TRUE,"Not explicit","Lifestage=Multiple"
356,1134115,107411,10900,"Cu","Copper","Eurytemora affinis","Calanoida","Multiple",4,"Static","Total",,33.7,24,46,"ug/L",33.7,"ug/L",15,10,,,"Effects of Copper and Cadmium on Growth, Swimming and Predator Avoidance in Eurytemora affinis (Copepoda)","PRIMARY_KEEP","Eligible copepod LC50 candidate",63.546,"ECOTOX_STANDARDIZED_TARGET_METAL",0.0337,0.5303244893463,-0.634266215731271,"HARMONIZED","ECOTOX standardized concentration used; for metal salts ECOTOX generally expresses concentration as active ionic form.","CORE","YES",15,,,"C","EXISTING_MEAN_PRESERVED",10,,,"0/00","EXISTING_MEAN_PRESERVED",,,,,"MISSING",,,,,"MISSING","ECOTOX","E_10900","E_T1134115","E_R107411",,,,,,,,TRUE,"Not explicit","Lifestage=Multiple"
357,1134113,107409,10900,"Cu","Copper","Eurytemora affinis","Calanoida","Multiple",4,"Static","Total",,28.7,,,"ug/L",28.7,"ug/L",15,10,,,"Effects of Copper and Cadmium on Growth, Swimming and Predator Avoidance in Eurytemora affinis (Copepoda)","PRIMARY_KEEP","Eligible copepod LC50 candidate",63.546,"ECOTOX_STANDARDIZED_TARGET_METAL",0.0287,0.451641330689579,-0.794866930324012,"HARMONIZED","ECOTOX standardized concentration used; for metal salts ECOTOX generally expresses concentration as active ionic form.","CORE","YES",15,,,"C","EXISTING_MEAN_PRESERVED",10,,,"0/00","EXISTING_MEAN_PRESERVED",,,,,"MISSING",,,,,"MISSING","ECOTOX","E_10900","E_T1134113","E_R107409",,,,,,,,TRUE,"Not explicit","Lifestage=Multiple"
358,1047096,115189,2977,"Cu","Copper","Tigriopus californicus","Harpacticoida","Egg",4,"Renewal","Total",,3.6,1.2,6.2,"M",3.6,"M",,35,,,"Copper Tolerance of the Life History Stages of the Splashpool Copepod Tigriopus californicus (Copepoda, Harpacticoida)","PRIMARY_KEEP","Eligible copepod LC50 candidate",63.546,"SOURCE_VERIFIED_MICROMOLAR",0.2287656,3.6,1.28093384546206,"HARMONIZED","O'Brien et al. (1988), Table 1, p. 61: total dissolved Cu LC50 in 10^-6 M. Analysis_Point is used directly as umol Cu/L; LC95 and cupric-ion-activity columns are not used.","CORE","YES",,,,,"MISSING",35,,,"0/00","EXISTING_MEAN_PRESERVED",,,,,"MISSING",,,,,"MISSING","ECOTOX","E_2977","E_T1047096","E_R115189",,,,,,,,TRUE,"Not explicit","Lifestage=Egg"
359,1111944,23784,8445,"Cu","Copper","Acartia tonsa","Calanoida","F6 generation",4,"Static","Total",,55,36,76,"ug/L",55,"ug/L",20,10,,,"Toxicological Comparison of Natural and Cultured Populations of Acartia tonsa to Cadmium, Copper, and Mercury","PRIMARY_KEEP","Eligible copepod LC50 candidate",63.546,"ECOTOX_STANDARDIZED_TARGET_METAL",0.055,0.865514745223932,-0.144430867857116,"HARMONIZED","ECOTOX standardized concentration used; for metal salts ECOTOX generally expresses concentration as active ionic form.","CORE","YES",20,,,"C","EXISTING_MEAN_PRESERVED",10,,,"0/00","EXISTING_MEAN_PRESERVED",,,,,"MISSING",,,,,"MISSING","ECOTOX","E_8445","E_T1111944","E_R23784",,,,,,,,TRUE,"Not explicit","Lifestage=F6 generation"
360,1047106,115199,2977,"Cu","Copper","Tigriopus californicus","Harpacticoida","Copepodite",4,"Renewal","Total",,6.2,3.9,7.9,"M",6.2,"M",,35,,,"Copper Tolerance of the Life History Stages of the Splashpool Copepod Tigriopus californicus (Copepoda, Harpacticoida)","PRIMARY_KEEP","Eligible copepod LC50 candidate",63.546,"SOURCE_VERIFIED_MICROMOLAR",0.3939852,6.2,1.82454929205105,"HARMONIZED","O'Brien et al. (1988), Table 1, p. 61: total dissolved Cu LC50 in 10^-6 M. Analysis_Point is used directly as umol Cu/L; LC95 and cupric-ion-activity columns are not used.","CORE","YES",,,,,"MISSING",35,,,"0/00","EXISTING_MEAN_PRESERVED",,,,,"MISSING",,,,,"MISSING","ECOTOX","E_2977","E_T1047106","E_R115199",,,,,,,,TRUE,"Not explicit","Lifestage=Copepodite"
361,1047104,115197,2977,"Cu","Copper","Tigriopus californicus","Harpacticoida","Copepodite",4,"Renewal","Total",,7.8,4.5,11.5,"M",7.8,"M",,35,,,"Copper Tolerance of the Life History Stages of the Splashpool Copepod Tigriopus californicus (Copepoda, Harpacticoida)","PRIMARY_KEEP","Eligible copepod LC50 candidate",63.546,"SOURCE_VERIFIED_MICROMOLAR",0.4956588,7.8,2.05412373369555,"HARMONIZED","O'Brien et al. (1988), Table 1, p. 61: total dissolved Cu LC50 in 10^-6 M. Analysis_Point is used directly as umol Cu/L; LC95 and cupric-ion-activity columns are not used.","CORE","YES",,,,,"MISSING",35,,,"0/00","EXISTING_MEAN_PRESERVED",,,,,"MISSING",,,,,"MISSING","ECOTOX","E_2977","E_T1047104","E_R115197",,,,,,,,TRUE,"Not explicit","Lifestage=Copepodite"
362,1047102,115195,2977,"Cu","Copper","Tigriopus californicus","Harpacticoida","Nauplii",4,"Renewal","Total",,4.8,3.5,6.1,"M",4.8,"M",,35,,,"Copper Tolerance of the Life History Stages of the Splashpool Copepod Tigriopus californicus (Copepoda, Harpacticoida)","PRIMARY_KEEP","Eligible copepod LC50 candidate",63.546,"SOURCE_VERIFIED_MICROMOLAR",0.3050208,4.8,1.56861591791385,"HARMONIZED","O'Brien et al. (1988), Table 1, p. 61: total dissolved Cu LC50 in 10^-6 M. Analysis_Point is used directly as umol Cu/L; LC95 and cupric-ion-activity columns are not used.","CORE","YES",,,,,"MISSING",35,,,"0/00","EXISTING_MEAN_PRESERVED",,,,,"MISSING",,,,,"MISSING","ECOTOX","E_2977","E_T1047102","E_R115195",,,,,,,,TRUE,"Not explicit","Lifestage=Nauplii"
363,1111943,23783,8445,"Cu","Copper","Acartia tonsa","Calanoida",,4,"Static","Total",,31,21,44,"ug/L",31,"ug/L",20,10,,,"Toxicological Comparison of Natural and Cultured Populations of Acartia tonsa to Cadmium, Copper, and Mercury","PRIMARY_KEEP","Eligible copepod LC50 candidate",63.546,"ECOTOX_STANDARDIZED_TARGET_METAL",0.031,0.487835583671671,-0.717776848604441,"HARMONIZED","ECOTOX standardized concentration used; for metal salts ECOTOX generally expresses concentration as active ionic form.","CORE","YES",20,,,"C","EXISTING_MEAN_PRESERVED",10,,,"0/00","EXISTING_MEAN_PRESERVED",,,,,"MISSING",,,,,"MISSING","ECOTOX","E_8445","E_T1111943","E_R23783",,,,,,,,TRUE,"Not explicit",""
364,1111946,23786,8445,"Cu","Copper","Acartia tonsa","Calanoida","F2 generation",4,"Static","Total",,64,,,"ug/L",64,"ug/L",20,10,,,"Toxicological Comparison of Natural and Cultured Populations of Acartia tonsa to Cadmium, Copper, and Mercury","PRIMARY_KEEP","Eligible copepod LC50 candidate",63.546,"ECOTOX_STANDARDIZED_TARGET_METAL",0.064,1.00714443080603,0.00711903027008462,"HARMONIZED","ECOTOX standardized concentration used; for metal salts ECOTOX generally expresses concentration as active ionic form.","CORE","YES",20,,,"C","EXISTING_MEAN_PRESERVED",10,,,"0/00","EXISTING_MEAN_PRESERVED",,,,,"MISSING",,,,,"MISSING","ECOTOX","E_8445","E_T1111946","E_R23786",,,,,,,,TRUE,"Not explicit","Lifestage=F2 generation"
365,1047098,115191,2977,"Cu","Copper","Tigriopus californicus","Harpacticoida","Nauplii",4,"Renewal","Total",,0.3,0.02,2,"M",0.3,"M",,35,,,"Copper Tolerance of the Life History Stages of the Splashpool Copepod Tigriopus californicus (Copepoda, Harpacticoida)","PRIMARY_KEEP","Eligible copepod LC50 candidate",63.546,"SOURCE_VERIFIED_MICROMOLAR",0.0190638,0.3,-1.20397280432594,"HARMONIZED","O'Brien et al. (1988), Table 1, p. 61: total dissolved Cu LC50 in 10^-6 M. Analysis_Point is used directly as umol Cu/L; LC95 and cupric-ion-activity columns are not used.","CORE","YES",,,,,"MISSING",35,,,"0/00","EXISTING_MEAN_PRESERVED",,,,,"MISSING",,,,,"MISSING","ECOTOX","E_2977","E_T1047098","E_R115191",,,,,,,,TRUE,"Not explicit","Lifestage=Nauplii"
366,1047103,115196,2977,"Cu","Copper","Tigriopus californicus","Harpacticoida","Copepodite",4,"Renewal","Total",,5.9,4.6,7.2,"M",5.9,"M",,35,,,"Copper Tolerance of the Life History Stages of the Splashpool Copepod Tigriopus californicus (Copepoda, Harpacticoida)","PRIMARY_KEEP","Eligible copepod LC50 candidate",63.546,"SOURCE_VERIFIED_MICROMOLAR",0.3749214,5.9,1.77495235091167,"HARMONIZED","O'Brien et al. (1988), Table 1, p. 61: total dissolved Cu LC50 in 10^-6 M. Analysis_Point is used directly as umol Cu/L; LC95 and cupric-ion-activity columns are not used.","CORE","YES",,,,,"MISSING",35,,,"0/00","EXISTING_MEAN_PRESERVED",,,,,"MISSING",,,,,"MISSING","ECOTOX","E_2977","E_T1047103","E_R115196",,,,,,,,TRUE,"Not explicit","Lifestage=Copepodite"
367,1047105,115198,2977,"Cu","Copper","Tigriopus californicus","Harpacticoida","Copepodite",4,"Renewal","Total",,6.5,5,8.2,"M",6.5,"M",,35,,,"Copper Tolerance of the Life History Stages of the Splashpool Copepod Tigriopus californicus (Copepoda, Harpacticoida)","PRIMARY_KEEP","Eligible copepod LC50 candidate",63.546,"SOURCE_VERIFIED_MICROMOLAR",0.413049,6.5,1.87180217690159,"HARMONIZED","O'Brien et al. (1988), Table 1, p. 61: total dissolved Cu LC50 in 10^-6 M. Analysis_Point is used directly as umol Cu/L; LC95 and cupric-ion-activity columns are not used.","CORE","YES",,,,,"MISSING",35,,,"0/00","EXISTING_MEAN_PRESERVED",,,,,"MISSING",,,,,"MISSING","ECOTOX","E_2977","E_T1047105","E_R115198",,,,,,,,TRUE,"Not explicit","Lifestage=Copepodite"
368,1047107,115200,2977,"Cu","Copper","Tigriopus californicus","Harpacticoida","Copepodite",4,"Renewal","Total",,6.2,4.5,7.9,"M",6.2,"M",,35,,,"Copper Tolerance of the Life History Stages of the Splashpool Copepod Tigriopus californicus (Copepoda, Harpacticoida)","PRIMARY_KEEP","Eligible copepod LC50 candidate",63.546,"SOURCE_VERIFIED_MICROMOLAR",0.3939852,6.2,1.82454929205105,"HARMONIZED","O'Brien et al. (1988), Table 1, p. 61: total dissolved Cu LC50 in 10^-6 M. Analysis_Point is used directly as umol Cu/L; LC95 and cupric-ion-activity columns are not used.","CORE","YES",,,,,"MISSING",35,,,"0/00","EXISTING_MEAN_PRESERVED",,,,,"MISSING",,,,,"MISSING","ECOTOX","E_2977","E_T1047107","E_R115200",,,,,,,,TRUE,"Not explicit","Lifestage=Copepodite"
369,1134114,107410,10900,"Cu","Copper","Eurytemora affinis","Calanoida","Multiple",4,"Static","Total",,7.5,1.5,44.7,"ug/L",7.5,"ug/L",15,10,,,"Effects of Copper and Cadmium on Growth, Swimming and Predator Avoidance in Eurytemora affinis (Copepoda)","PRIMARY_KEEP","Eligible copepod LC50 candidate",63.546,"ECOTOX_STANDARDIZED_TARGET_METAL",0.0075,0.118024737985082,-2.13686103254732,"HARMONIZED","ECOTOX standardized concentration used; for metal salts ECOTOX generally expresses concentration as active ionic form.","CORE","YES",15,,,"C","EXISTING_MEAN_PRESERVED",10,,,"0/00","EXISTING_MEAN_PRESERVED",,,,,"MISSING",,,,,"MISSING","ECOTOX","E_10900","E_T1134114","E_R107410",,,,,,,,TRUE,"Not explicit","Lifestage=Multiple"
370,1047108,115201,2977,"Cu","Copper","Tigriopus californicus","Harpacticoida","Adult",4,"Renewal","Total",,12,10,14,"M",12,"M",,35,,,"Copper Tolerance of the Life History Stages of the Splashpool Copepod Tigriopus californicus (Copepoda, Harpacticoida)","PRIMARY_KEEP","Eligible copepod LC50 candidate",63.546,"SOURCE_VERIFIED_MICROMOLAR",0.762552,12,2.484906649788,"HARMONIZED","O'Brien et al. (1988), Table 1, p. 61: total dissolved Cu LC50 in 10^-6 M. Analysis_Point is used directly as umol Cu/L; LC95 and cupric-ion-activity columns are not used.","CORE","YES",,,,,"MISSING",35,,,"0/00","EXISTING_MEAN_PRESERVED",,,,,"MISSING",,,,,"MISSING","ECOTOX","E_2977","E_T1047108","E_R115201",,,,,,,,TRUE,"Not explicit","Lifestage=Adult"
392,1053485,129448,3734,"Zn","Zinc","Pseudodiaptomus coronatus","Calanoida",,4,"Static","Total",,1783,1490,2090,"ug/L",1783,"ug/L",20,30,,,"Unpublished Laboratory Data","PRIMARY_KEEP","Eligible copepod LC50 candidate",65.38,"ECOTOX_STANDARDIZED_TARGET_METAL",1.783,27.2713368002447,3.30583621656708,"HARMONIZED","ECOTOX standardized concentration used; for metal salts ECOTOX generally expresses concentration as active ionic form.","CORE","YES",20,,,"C","EXISTING_MEAN_PRESERVED",30,,,"0/00","EXISTING_MEAN_PRESERVED",,,,,"MISSING",,,,,"MISSING","ECOTOX","E_3734","E_T1053485","E_R129448",,,,,,,,TRUE,"Not explicit",""
403,1053484,129447,3734,"Zn","Zinc","Acartia clausi","Calanoida",,4,"Static","Total",,950,712,1338,"ug/L",950,"ug/L",10,30,,,"Unpublished Laboratory Data","PRIMARY_KEEP","Eligible copepod LC50 candidate",65.38,"ECOTOX_STANDARDIZED_TARGET_METAL",0.95,14.530437442643,2.67624558329852,"HARMONIZED","ECOTOX standardized concentration used; for metal salts ECOTOX generally expresses concentration as active ionic form.","CORE","YES",10,,,"C","EXISTING_MEAN_PRESERVED",30,,,"0/00","EXISTING_MEAN_PRESERVED",,,,,"MISSING",,,,,"MISSING","ECOTOX","E_3734","E_T1053484","E_R129447",,,,,,,,TRUE,"Not explicit",""
404,1053486,129449,3734,"Zn","Zinc","Eurytemora affinis","Calanoida",,4,"Static","Total",,4090,3170,4960,"ug/L",4090,"ug/L",20,30,,,"Unpublished Laboratory Data","PRIMARY_KEEP","Eligible copepod LC50 candidate",65.38,"ECOTOX_STANDARDIZED_TARGET_METAL",4.09,62.5573569899052,4.13608384774078,"HARMONIZED","ECOTOX standardized concentration used; for metal salts ECOTOX generally expresses concentration as active ionic form.","CORE","YES",20,,,"C","EXISTING_MEAN_PRESERVED",30,,,"0/00","EXISTING_MEAN_PRESERVED",,,,,"MISSING",,,,,"MISSING","ECOTOX","E_3734","E_T1053486","E_R129449",,,,,,,,TRUE,"Not explicit",""
405,1053483,129446,3734,"Zn","Zinc","Acartia tonsa","Calanoida",,4,"Static","Total",,290,180,440,"ug/L",290,"ug/L",20,30,,,"Unpublished Laboratory Data","PRIMARY_KEEP","Eligible copepod LC50 candidate",65.38,"ECOTOX_STANDARDIZED_TARGET_METAL",0.29,4.43560721933313,1.48966452168446,"HARMONIZED","ECOTOX standardized concentration used; for metal salts ECOTOX generally expresses concentration as active ionic form.","CORE","YES",20,,,"C","EXISTING_MEAN_PRESERVED",30,,,"0/00","EXISTING_MEAN_PRESERVED",,,,,"MISSING",,,,,"MISSING","ECOTOX","E_3734","E_T1053483","E_R129446",,,,,,,,TRUE,"Not explicit",""
410,2154475,2295509,166814,"Cu","Copper chloride (CuCl2)","Tigriopus fulvus","Harpacticoida","Nauplii",4,"Static","Total",,50,,,"ug/L",50,"ug/L",20,38,,,"Toxicity Assessment of Copper, Pentachlorophenol and Phenanthrene by Lethal and Sublethal Endpoints on Nauplii of Tigriopus fulvus","PRIMARY_KEEP","Eligible copepod LC50 candidate",63.546,"ECOTOX_STANDARDIZED_TARGET_METAL",0.05,0.786831586567211,-0.239741047661441,"HARMONIZED","ECOTOX standardized concentration used; for metal salts ECOTOX generally expresses concentration as active ionic form.","CORE","YES",20,,,"C","EXISTING_MEAN_PRESERVED",38,,,"0/00","EXISTING_MEAN_PRESERVED",,,,,"MISSING",,,,,"MISSING","ECOTOX","E_166814","E_T2154475","E_R2295509",,,,,,,,TRUE,"Not explicit","Lifestage=Nauplii"
501,2148070,2282197,169914,"Cu","Copper chloride (CuCl2)","Tigriopus fulvus","Harpacticoida","Nauplii",4,"Aquatic, unspecified","Total",,0.14,,,"mg/L",0.14,"mg/L",,,,,"Preliminary Assessment of Ostreopsis cfr. ovata Acute Toxicity by Using a Battery Bioassay","PRIMARY_KEEP","Eligible copepod LC50 candidate",63.546,"ECOTOX_STANDARDIZED_TARGET_METAL",0.14,2.20312844238819,0.789878369519717,"HARMONIZED","ECOTOX standardized concentration used; for metal salts ECOTOX generally expresses concentration as active ionic form.","CORE","YES",,,,,"MISSING",,,,,"MISSING",,,,,"MISSING",,,,,"MISSING","ECOTOX","E_169914","E_T2148070","E_R2282197",,,,,,,,TRUE,"Not explicit","Lifestage=Nauplii"
531,2142112,2267554,166161,"Cu","Copper chloride (CuCl2)","Amphiascoides atopus","Harpacticoida","Adult",4,"Aquatic, unspecified","Dissolved",,334.24,280.6,396.1,"ug/L",334.24,"ug/L",,30,,,"Dietary Carotenoids Regulate Astaxanthin Content of Copepods and Modulate Their Susceptibility to UV Light and Copper Toxicity","PRIMARY_KEEP","Eligible copepod LC50 candidate",63.546,"ECOTOX_STANDARDIZED_TARGET_METAL",0.33424,5.25981178988449,1.66009524471867,"HARMONIZED","ECOTOX standardized concentration used; for metal salts ECOTOX generally expresses concentration as active ionic form.","CORE","YES",,,,,"MISSING",30,,,"0/00","EXISTING_MEAN_PRESERVED",,,,,"MISSING",,,,,"MISSING","ECOTOX","E_166161","E_T2142112","E_R2267554",,,,,,,,TRUE,"Not explicit","Lifestage=Adult"
541,1202376,128159,18395,"Cu","Copper chloride (CuCl2)","Eurytemora affinis","Calanoida","Nauplii",4,"Renewal","Dissolved",,69.4,60.7,79.45,"ug/L",69.4,"ug/L",24.55,15.5,8.35,,"Acute and Chronic Toxicity of Copper to the Estuarine Copepod Eurytemora affinis: Influence of Organic Complexation and Speciation","PRIMARY_KEEP","Eligible copepod LC50 candidate",63.546,"ECOTOX_STANDARDIZED_TARGET_METAL",0.0694,1.09212224215529,0.0881228144231717,"HARMONIZED","ECOTOX standardized concentration used; for metal salts ECOTOX generally expresses concentration as active ionic form.","CORE","YES",,24,25.1,"C","RAW_RANGE_MIDPOINT_RECOVERED",,15,16,"0/00","RAW_RANGE_MIDPOINT_RECOVERED",,7.9,8.8,,"RAW_RANGE_MIDPOINT_RECOVERED",,,,,"MISSING","ECOTOX","E_18395","E_T1202376","E_R128159",,,,,,,,TRUE,"Not explicit","Lifestage=Nauplii"
545,2145455,2274198,169337,"Cu","Copper chloride (CuCl2)","Nitocra spinipes","Harpacticoida",,4,"Static","Total",,2100,1800,2700,"ug/L",2100,"ug/L",22,7,8.2,,"Comparison of Toxicity and Release Rates of Cu and Zn from Anti-Fouling Paints Leached in Natural and Artificial Brackish Seawater","PRIMARY_KEEP","Eligible copepod LC50 candidate",63.546,"ECOTOX_STANDARDIZED_TARGET_METAL",2.1,33.0469266358229,3.49792857062193,"HARMONIZED","ECOTOX standardized concentration used; for metal salts ECOTOX generally expresses concentration as active ionic form.","CORE","YES",22,,,"C","EXISTING_MEAN_PRESERVED",7,,,"0/00","EXISTING_MEAN_PRESERVED",8.2,,,,"EXISTING_MEAN_PRESERVED",,,,,"MISSING","ECOTOX","E_169337","E_T2145455","E_R2274198",,,,,,,,TRUE,"Not explicit",""
548,2140664,2263491,166133,"Cu","Copper chloride (CuCl2)","Acartia tonsa","Calanoida","Multiple",2,"Renewal","Dissolved",,67.4,43.2,92.9,"ug/L",67.4,"ug/L",20,15,7.21,0.1,"Acute Waterborne Copper Toxicity to the Euryhaline Copepod Acartia tonsa at Different Salinities:  Influence of Natural Freshwater and Marine Dissolved Organic Matter","PRIMARY_KEEP","Eligible copepod LC50 candidate",63.546,"ECOTOX_STANDARDIZED_TARGET_METAL",0.0674,1.0606489786926,0.0588809648286743,"HARMONIZED","ECOTOX standardized concentration used; for metal salts ECOTOX generally expresses concentration as active ionic form.","CORE","YES",20,,,"C","EXISTING_MEAN_PRESERVED",15,,,"0/00","EXISTING_MEAN_PRESERVED",7.21,,,,"EXISTING_MEAN_PRESERVED",0.1,,,"mg/L","EXISTING_MEAN_PRESERVED","ECOTOX","E_166133","E_T2140664","E_R2263491",,,,,,,,TRUE,"Not explicit","Lifestage=Multiple"
552,1312979,770475,107036,"Cu","Copper chloride (CuCl2)","Eurytemora affinis","Calanoida","Nauplii",4,"Static","Dissolved",,104,94.2,109,"ug/L",104,"ug/L",24.9,5,8.375,2.915,"The Influence of Salinity and Dissolved Organic Carbon on the Toxicity of Copper to the Estuarine Copepod, Eurytemora affinis","PRIMARY_KEEP","Eligible copepod LC50 candidate",63.546,"ECOTOX_STANDARDIZED_TARGET_METAL",0.104,1.6366097000598,0.492626846051786,"HARMONIZED","ECOTOX standardized concentration used; for metal salts ECOTOX generally expresses concentration as active ionic form.","CORE","YES",,24.5,25.3,"C","RAW_RANGE_MIDPOINT_RECOVERED",5,,,"0/00","EXISTING_MEAN_PRESERVED",,8.25,8.5,,"RAW_RANGE_MIDPOINT_RECOVERED",,2.77,3.06,"mg/L","RAW_RANGE_MIDPOINT_RECOVERED","ECOTOX","E_107036","E_T1312979","E_R770475",,,,,,,,TRUE,"Not explicit","Lifestage=Nauplii"
562,1202375,76832,18395,"Cu","Copper chloride (CuCl2)","Eurytemora affinis","Calanoida","Nauplii",2,"Static","Dissolved",,83,75.31,91.68,"ug/L",83,"ug/L",24.35,14,8.3,,"Acute and Chronic Toxicity of Copper to the Estuarine Copepod Eurytemora affinis: Influence of Organic Complexation and Speciation","PRIMARY_KEEP","Eligible copepod LC50 candidate",63.546,"ECOTOX_STANDARDIZED_TARGET_METAL",0.083,1.30614043370157,0.267076554707011,"HARMONIZED","ECOTOX standardized concentration used; for metal salts ECOTOX generally expresses concentration as active ionic form.","CORE","YES",,24.1,24.6,"C","RAW_RANGE_MIDPOINT_RECOVERED",14,,,"0/00","EXISTING_MEAN_PRESERVED",,7.9,8.7,,"RAW_RANGE_MIDPOINT_RECOVERED",,,,,"MISSING","ECOTOX","E_18395","E_T1202375","E_R76832",,,,,,,,TRUE,"Not explicit","Lifestage=Nauplii"
567,1300832,756507,115854,"Cu","Copper chloride (CuCl2)","Tigriopus japonicus","Harpacticoida","Adult",4,"Aquatic, unspecified","Total",,813,,,"ug/L",813,"ug/L",25,33,8.25,,"Copper Toxicity in the Marine Copepod Tigropus japonicus:  Low Variability and High Reproducibility of Repeated Acute and Life-Cycle Tests","PRIMARY_KEEP","Eligible copepod LC50 candidate",63.546,"ECOTOX_STANDARDIZED_TARGET_METAL",0.813,12.7938815975829,2.54896705645822,"HARMONIZED","ECOTOX standardized concentration used; for metal salts ECOTOX generally expresses concentration as active ionic form.","CORE","YES",25,,,"C","EXISTING_MEAN_PRESERVED",33,,,"0/00","EXISTING_MEAN_PRESERVED",,8.1,8.4,,"RAW_RANGE_MIDPOINT_RECOVERED",,,,,"MISSING","ECOTOX","E_115854","E_T1300832","E_R756507",,,,,,,,TRUE,"Not explicit","Lifestage=Adult"
576,1312981,770477,107036,"Cu","Copper chloride (CuCl2)","Eurytemora affinis","Calanoida","Nauplii",4,"Static","Dissolved",,58.1,52,64.9,"ug/L",58.1,"ug/L",25,25,8.4,1.5,"The Influence of Salinity and Dissolved Organic Carbon on the Toxicity of Copper to the Estuarine Copepod, Eurytemora affinis","PRIMARY_KEEP","Eligible copepod LC50 candidate",63.546,"ECOTOX_STANDARDIZED_TARGET_METAL",0.0581,0.914298303591099,-0.0895983892317216,"HARMONIZED","ECOTOX standardized concentration used; for metal salts ECOTOX generally expresses concentration as active ionic form.","CORE","YES",25,,,"C","EXISTING_MEAN_PRESERVED",25,,,"0/00","EXISTING_MEAN_PRESERVED",,8.06,8.74,,"RAW_RANGE_MIDPOINT_RECOVERED",,1.4,1.6,"mg/L","RAW_RANGE_MIDPOINT_RECOVERED","ECOTOX","E_107036","E_T1312981","E_R770477",,,,,,,,TRUE,"Not explicit","Lifestage=Nauplii"
577,2140665,2263492,166133,"Cu","Copper chloride (CuCl2)","Acartia tonsa","Calanoida","Multiple",2,"Renewal","Dissolved",,108.7,79.3,128.2,"ug/L",108.7,"ug/L",20,30,7.49,0.1,"Acute Waterborne Copper Toxicity to the Euryhaline Copepod Acartia tonsa at Different Salinities:  Influence of Natural Freshwater and Marine Dissolved Organic Matter","PRIMARY_KEEP","Eligible copepod LC50 candidate",63.546,"ECOTOX_STANDARDIZED_TARGET_METAL",0.1087,1.71057186919712,0.536827741037577,"HARMONIZED","ECOTOX standardized concentration used; for metal salts ECOTOX generally expresses concentration as active ionic form.","CORE","YES",20,,,"C","EXISTING_MEAN_PRESERVED",30,,,"0/00","EXISTING_MEAN_PRESERVED",7.49,,,,"EXISTING_MEAN_PRESERVED",0.1,,,"mg/L","EXISTING_MEAN_PRESERVED","ECOTOX","E_166133","E_T2140665","E_R2263492",,,,,,,,TRUE,"Not explicit","Lifestage=Multiple"
584,2140661,2263489,166133,"Cu","Copper chloride (CuCl2)","Acartia tonsa","Calanoida","Multiple",2,"Renewal","Dissolved",,41.8,33.2,52.2,"ug/L",41.8,"ug/L",20,5,6.88,0.1,"Acute Waterborne Copper Toxicity to the Euryhaline Copepod Acartia tonsa at Different Salinities:  Influence of Natural Freshwater and Marine Dissolved Organic Matter","PRIMARY_KEEP","Eligible copepod LC50 candidate",63.546,"ECOTOX_STANDARDIZED_TARGET_METAL",0.0418,0.657791206370189,-0.418867713558877,"HARMONIZED","ECOTOX standardized concentration used; for metal salts ECOTOX generally expresses concentration as active ionic form.","CORE","YES",20,,,"C","EXISTING_MEAN_PRESERVED",5,,,"0/00","EXISTING_MEAN_PRESERVED",6.88,,,,"EXISTING_MEAN_PRESERVED",0.1,,,"mg/L","EXISTING_MEAN_PRESERVED","ECOTOX","E_166133","E_T2140661","E_R2263489",,,,,,,,TRUE,"Not explicit","Lifestage=Multiple"
588,1193934,181507,17398,"Cu","Copper chloride (CuCl2)","Acartia tonsa","Calanoida",,4,"Static","Total",,10,,,"ug/L",10,"ug/L",13.5,33.5,7.9,,"Acute Effects of (bis)Tributyltin Oxide on Marine Organisms","PRIMARY_KEEP","Eligible copepod LC50 candidate",63.546,"ECOTOX_STANDARDIZED_TARGET_METAL",0.01,0.157366317313442,-1.84917896009554,"HARMONIZED","ECOTOX standardized concentration used; for metal salts ECOTOX generally expresses concentration as active ionic form.","CORE","YES",,13,14,"C","RAW_RANGE_MIDPOINT_RECOVERED",,33,34,"0/00","RAW_RANGE_MIDPOINT_RECOVERED",,7.7,8.1,,"RAW_RANGE_MIDPOINT_RECOVERED",,,,,"MISSING","ECOTOX","E_17398","E_T1193934","E_R181507",,,,,,,,TRUE,"Not explicit",""
590,1312980,770476,107036,"Cu","Copper chloride (CuCl2)","Eurytemora affinis","Calanoida","Nauplii",4,"Static","Dissolved",,67.6,55.1,82.9,"ug/L",67.6,"ug/L",24.85,15,8.44,2.1,"The Influence of Salinity and Dissolved Organic Carbon on the Toxicity of Copper to the Estuarine Copepod, Eurytemora affinis","PRIMARY_KEEP","Eligible copepod LC50 candidate",63.546,"ECOTOX_STANDARDIZED_TARGET_METAL",0.0676,1.06379630503887,0.0618439299593312,"HARMONIZED","ECOTOX standardized concentration used; for metal salts ECOTOX generally expresses concentration as active ionic form.","CORE","YES",,24.5,25.2,"C","RAW_RANGE_MIDPOINT_RECOVERED",15,,,"0/00","EXISTING_MEAN_PRESERVED",,8.25,8.63,,"RAW_RANGE_MIDPOINT_RECOVERED",,2,2.2,"mg/L","RAW_RANGE_MIDPOINT_RECOVERED","ECOTOX","E_107036","E_T1312980","E_R770476",,,,,,,,TRUE,"Not explicit","Lifestage=Nauplii"
600,1078445,130922,6045,"Hg","Mercury chloride (HgCl2)","Euchaeta marina","Calanoida",,1,"Static","Total",,50,,,"ppb",50,"ppb",17,31.5,,,"A Controlled Environmental Pollution Experiment (CEPEX) and Its Usefulness in the Study of Larger Marine Zooplankton Under Toxic Stress","PRIMARY_KEEP","Eligible copepod LC50 candidate",200.592,"ECOTOX_STANDARDIZED_TARGET_METAL",0.05,0.249262183935551,-1.38924998894552,"HARMONIZED","ECOTOX standardized concentration used; for metal salts ECOTOX generally expresses concentration as active ionic form.","EXPLORATORY","NO",,13,21,"C","RAW_RANGE_MIDPOINT_RECOVERED",,27,36,"0/00","RAW_RANGE_MIDPOINT_RECOVERED",,,,,"MISSING",,,,,"MISSING","ECOTOX","E_6045","E_T1078445","E_R130922",,,,,,,,TRUE,"Not explicit",""
745,1078444,130921,6045,"Hg","Mercury chloride (HgCl2)","Labidocera scotti","Calanoida",,1,"Static","Total",,31,,,"ppb",31,"ppb",17,31.5,,,"A Controlled Environmental Pollution Experiment (CEPEX) and Its Usefulness in the Study of Larger Marine Zooplankton Under Toxic Stress","PRIMARY_KEEP","Eligible copepod LC50 candidate",200.592,"ECOTOX_STANDARDIZED_TARGET_METAL",0.031,0.154542554040041,-1.86728578988852,"HARMONIZED","ECOTOX standardized concentration used; for metal salts ECOTOX generally expresses concentration as active ionic form.","EXPLORATORY","NO",,13,21,"C","RAW_RANGE_MIDPOINT_RECOVERED",,27,36,"0/00","RAW_RANGE_MIDPOINT_RECOVERED",,,,,"MISSING",,,,,"MISSING","ECOTOX","E_6045","E_T1078444","E_R130921",,,,,,,,TRUE,"Not explicit",""
785,1035611,29495,2183,"Hg","Mercury chloride (HgCl2)","Nitocra spinipes","Harpacticoida","Adult",4,"Static","Total",,230,180,290,"ug/L",230,"ug/L",20,7,8,,"Use of a Harpacticoid Copepod in Toxicity Tests","PRIMARY_KEEP","Eligible copepod LC50 candidate",200.592,"ECOTOX_STANDARDIZED_TARGET_METAL",0.23,1.14660604610353,0.136806314549526,"HARMONIZED","ECOTOX standardized concentration used; for metal salts ECOTOX generally expresses concentration as active ionic form.","EXPLORATORY","NO",20,,,"C","EXISTING_MEAN_PRESERVED",7,,,"0/00","EXISTING_MEAN_PRESERVED",8,,,,"EXISTING_MEAN_PRESERVED",,,,,"MISSING","ECOTOX","E_2183","E_T1035611","E_R29495",,,,,,,,TRUE,"Not explicit","Lifestage=Adult"
788,1078429,100481,6045,"Hg","Mercury chloride (HgCl2)","Acartia tonsa","Calanoida","Nauplii",1,"Static","Total",,3,,,"ppb",3,"ppb",17,31.5,,,"A Controlled Environmental Pollution Experiment (CEPEX) and Its Usefulness in the Study of Larger Marine Zooplankton Under Toxic Stress","PRIMARY_KEEP","Eligible copepod LC50 candidate",200.592,"ECOTOX_STANDARDIZED_TARGET_METAL",0.003,0.014955731036133,-4.20266070570556,"HARMONIZED","ECOTOX standardized concentration used; for metal salts ECOTOX generally expresses concentration as active ionic form.","EXPLORATORY","NO",,13,21,"C","RAW_RANGE_MIDPOINT_RECOVERED",,27,36,"0/00","RAW_RANGE_MIDPOINT_RECOVERED",,,,,"MISSING",,,,,"MISSING","ECOTOX","E_6045","E_T1078429","E_R100481",,,,,,,,TRUE,"Not explicit","Lifestage=Nauplii"
789,1078428,94768,6045,"Hg","Mercury chloride (HgCl2)","Acartia tonsa","Calanoida","Adult",1,"Static","Total",,34,,,"ppb",34,"ppb",17,31.5,,,"A Controlled Environmental Pollution Experiment (CEPEX) and Its Usefulness in the Study of Larger Marine Zooplankton Under Toxic Stress","PRIMARY_KEEP","Eligible copepod LC50 candidate",200.592,"ECOTOX_STANDARDIZED_TARGET_METAL",0.034,0.169498285076175,-1.77491246975751,"HARMONIZED","ECOTOX standardized concentration used; for metal salts ECOTOX generally expresses concentration as active ionic form.","EXPLORATORY","NO",,13,21,"C","RAW_RANGE_MIDPOINT_RECOVERED",,27,36,"0/00","RAW_RANGE_MIDPOINT_RECOVERED",,,,,"MISSING",,,,,"MISSING","ECOTOX","E_6045","E_T1078428","E_R94768",,,,,,,,TRUE,"Not explicit","Lifestage=Adult"
807,1070631,12736,5563,"Zn","Zinc chloride (ZnCl2)","Scutellidium sp.","Harpacticoida","Multiple",1,"Static","Total",,1090,900,1290,"ug/L",1090,"ug/L",17,35,,,"Acute Toxicity of Copper, Cadmium and Zinc to Three Species of Marine Copepod","PRIMARY_KEEP","Eligible copepod LC50 candidate",65.38,"ECOTOX_STANDARDIZED_TARGET_METAL",1.09,16.6717650657693,2.81371657392712,"HARMONIZED","ECOTOX standardized concentration used; for metal salts ECOTOX generally expresses concentration as active ionic form.","CORE","YES",17,,,"C","EXISTING_MEAN_PRESERVED",,34.5,35.5,"0/00","RAW_RANGE_MIDPOINT_RECOVERED",,,,,"MISSING",,,,,"MISSING","ECOTOX","E_5563","E_T1070631","E_R12736",,,,,,,,TRUE,"Not explicit","Lifestage=Multiple"
818,1053651,133692,3744,"Zn","Zinc chloride (ZnCl2)","Pseudodiaptomus coronatus","Calanoida","Adult",3,"Static","Total",,3150,2475,4142,"ug/L",3150,"ug/L",15,30,,,"Results of Acute Toxicity Tests Conducted with Zinc at ERL, Narragansett","PRIMARY_KEEP","Eligible copepod LC50 candidate",65.38,"ECOTOX_STANDARDIZED_TARGET_METAL",3.15,48.1798715203426,3.87494133052361,"HARMONIZED","ECOTOX standardized concentration used; for metal salts ECOTOX generally expresses concentration as active ionic form.","CORE","YES",15,,,"C","EXISTING_MEAN_PRESERVED",30,,,"0/00","EXISTING_MEAN_PRESERVED",,,,,"MISSING",,,,,"MISSING","ECOTOX","E_3744","E_T1053651","E_R133692",,,,,,,,TRUE,"Not explicit","Lifestage=Adult"
822,1053652,133693,3744,"Zn","Zinc chloride (ZnCl2)","Pseudodiaptomus coronatus","Calanoida","Adult",4,"Static","Total",,1783,,,"ug/L",1783,"ug/L",15,30,,,"Results of Acute Toxicity Tests Conducted with Zinc at ERL, Narragansett","PRIMARY_KEEP","Eligible copepod LC50 candidate",65.38,"ECOTOX_STANDARDIZED_TARGET_METAL",1.783,27.2713368002447,3.30583621656708,"HARMONIZED","ECOTOX standardized concentration used; for metal salts ECOTOX generally expresses concentration as active ionic form.","CORE","YES",15,,,"C","EXISTING_MEAN_PRESERVED",30,,,"0/00","EXISTING_MEAN_PRESERVED",,,,,"MISSING",,,,,"MISSING","ECOTOX","E_3744","E_T1053652","E_R133693",,,,,,,,TRUE,"Not explicit","Lifestage=Adult"
827,1070630,12735,5563,"Zn","Zinc chloride (ZnCl2)","Paracalanus parvus","Calanoida","Multiple",1,"Static","Total",,1380,1060,1750,"ug/L",1380,"ug/L",17,35,,,"Acute Toxicity of Copper, Cadmium and Zinc to Three Species of Marine Copepod","PRIMARY_KEEP","Eligible copepod LC50 candidate",65.38,"ECOTOX_STANDARDIZED_TARGET_METAL",1.38,21.1073722851025,3.04962237685519,"HARMONIZED","ECOTOX standardized concentration used; for metal salts ECOTOX generally expresses concentration as active ionic form.","CORE","YES",17,,,"C","EXISTING_MEAN_PRESERVED",,34.5,35.5,"0/00","RAW_RANGE_MIDPOINT_RECOVERED",,,,,"MISSING",,,,,"MISSING","ECOTOX","E_5563","E_T1070630","E_R12735",,,,,,,,TRUE,"Not explicit","Lifestage=Multiple"
832,1070629,12734,5563,"Zn","Zinc chloride (ZnCl2)","Acartia simplex","Calanoida","Multiple",1,"Static","Total",,1860,1470,3880,"ug/L",1860,"ug/L",17,35,,,"Acute Toxicity of Copper, Cadmium and Zinc to Three Species of Marine Copepod","PRIMARY_KEEP","Eligible copepod LC50 candidate",65.38,"ECOTOX_STANDARDIZED_TARGET_METAL",1.86,28.4490669929642,3.34811536541118,"HARMONIZED","ECOTOX standardized concentration used; for metal salts ECOTOX generally expresses concentration as active ionic form.","CORE","YES",17,,,"C","EXISTING_MEAN_PRESERVED",,34.5,35.5,"0/00","RAW_RANGE_MIDPOINT_RECOVERED",,,,,"MISSING",,,,,"MISSING","ECOTOX","E_5563","E_T1070629","E_R12734",,,,,,,,TRUE,"Not explicit","Lifestage=Multiple"
863,2145457,2274200,169337,"Zn","Zinc chloride (ZnCl2)","Nitocra spinipes","Harpacticoida",,4,"Static","Total",,890,750,1100,"ug/L",890,"ug/L",22,7,8.2,,"Comparison of Toxicity and Release Rates of Cu and Zn from Anti-Fouling Paints Leached in Natural and Artificial Brackish Seawater","PRIMARY_KEEP","Eligible copepod LC50 candidate",65.38,"ECOTOX_STANDARDIZED_TARGET_METAL",0.89,13.6127256041603,2.61100506143012,"HARMONIZED","ECOTOX standardized concentration used; for metal salts ECOTOX generally expresses concentration as active ionic form.","CORE","YES",22,,,"C","EXISTING_MEAN_PRESERVED",7,,,"0/00","EXISTING_MEAN_PRESERVED",8.2,,,,"EXISTING_MEAN_PRESERVED",,,,,"MISSING","ECOTOX","E_169337","E_T2145457","E_R2274200",,,,,,,,TRUE,"Not explicit",""
871,1053649,133690,3744,"Zn","Zinc chloride (ZnCl2)","Acartia clausi","Calanoida","Adult",4,"Static","Total",,950,,,"ug/L",950,"ug/L",10,30,,,"Results of Acute Toxicity Tests Conducted with Zinc at ERL, Narragansett","PRIMARY_KEEP","Eligible copepod LC50 candidate",65.38,"ECOTOX_STANDARDIZED_TARGET_METAL",0.95,14.530437442643,2.67624558329852,"HARMONIZED","ECOTOX standardized concentration used; for metal salts ECOTOX generally expresses concentration as active ionic form.","CORE","YES",10,,,"C","EXISTING_MEAN_PRESERVED",30,,,"0/00","EXISTING_MEAN_PRESERVED",,,,,"MISSING",,,,,"MISSING","ECOTOX","E_3744","E_T1053649","E_R133690",,,,,,,,TRUE,"Not explicit","Lifestage=Adult"
875,1295983,751247,111315,"Zn","Zinc chloride (ZnCl2)","Tigriopus japonicus","Harpacticoida","Adult",4,"Renewal","Total",,7.8,5.42,11.34,"mg/L",7.8,"mg/L",20,32,7.9,,"Acute Toxicities of Trace Metals and Common Xenobiotics to the Marine Copepod Tigriopus japonicus:  Evaluation of Its Use as a Benchmark Species for Routine Ecotoxicity Tests in Western Pacific Coastal Regions","PRIMARY_KEEP","Eligible copepod LC50 candidate",65.38,"ECOTOX_STANDARDIZED_TARGET_METAL",7.8,119.302539002753,4.78166261138162,"HARMONIZED","ECOTOX standardized concentration used; for metal salts ECOTOX generally expresses concentration as active ionic form.","CORE","YES",20,,,"C","EXISTING_MEAN_PRESERVED",32,,,"0/00","EXISTING_MEAN_PRESERVED",7.9,,,,"EXISTING_MEAN_PRESERVED",,,,,"MISSING","ECOTOX","E_111315","E_T1295983","E_R751247",,,,,,,,TRUE,"Not explicit","Lifestage=Adult"
876,1035615,41944,2183,"Zn","Zinc chloride (ZnCl2)","Nitocra spinipes","Harpacticoida","Adult",4,"Static","Total",,1450,930,2260,"ug/L",1450,"ug/L",20,7,,,"Use of a Harpacticoid Copepod in Toxicity Tests","PRIMARY_KEEP","Eligible copepod LC50 candidate",65.38,"ECOTOX_STANDARDIZED_TARGET_METAL",1.45,22.1780360966657,3.09910243411856,"HARMONIZED","ECOTOX standardized concentration used; for metal salts ECOTOX generally expresses concentration as active ionic form.","CORE","YES",20,,,"C","EXISTING_MEAN_PRESERVED",7,,,"0/00","EXISTING_MEAN_PRESERVED",,,,,"MISSING",,,,,"MISSING","ECOTOX","E_2183","E_T1035615","E_R41944",,,,,,,,TRUE,"Not explicit","Lifestage=Adult"
878,1053653,133694,3744,"Zn","Zinc chloride (ZnCl2)","Eurytemora affinis","Calanoida","Adult",4,"Static","Total",,4090,,,"ug/L",4090,"ug/L",15,30,,,"Results of Acute Toxicity Tests Conducted with Zinc at ERL, Narragansett","PRIMARY_KEEP","Eligible copepod LC50 candidate",65.38,"ECOTOX_STANDARDIZED_TARGET_METAL",4.09,62.5573569899052,4.13608384774078,"HARMONIZED","ECOTOX standardized concentration used; for metal salts ECOTOX generally expresses concentration as active ionic form.","CORE","YES",15,,,"C","EXISTING_MEAN_PRESERVED",30,,,"0/00","EXISTING_MEAN_PRESERVED",,,,,"MISSING",,,,,"MISSING","ECOTOX","E_3744","E_T1053653","E_R133694",,,,,,,,TRUE,"Not explicit","Lifestage=Adult"
881,1037878,104483,2332,"Zn","Zinc chloride (ZnCl2)","Nitocra spinipes","Harpacticoida",,4,"Flow-through","Total",,1300,980,1730,"ug/L",1300,"ug/L",,7,,,"A Flowthrough Fecundity Test with Nitocra spinipes (Harpacticoidea Crustacea) for Aquatic Toxicity","PRIMARY_KEEP","Eligible copepod LC50 candidate",65.38,"ECOTOX_STANDARDIZED_TARGET_METAL",1.3,19.8837565004589,2.98990314215356,"HARMONIZED","ECOTOX standardized concentration used; for metal salts ECOTOX generally expresses concentration as active ionic form.","CORE","YES",,,,,"MISSING",7,,,"0/00","EXISTING_MEAN_PRESERVED",,,,,"MISSING",,,,,"MISSING","ECOTOX","E_2332","E_T1037878","E_R104483",,,,,,,,TRUE,"Not explicit",""
884,1053650,133691,3744,"Zn","Zinc chloride (ZnCl2)","Acartia clausi","Calanoida","Adult",3,"Static","Total",,707.1,591.5,845.3,"ug/L",707.1,"ug/L",15,30,,,"Results of Acute Toxicity Tests Conducted with Zinc at ERL, Narragansett","PRIMARY_KEEP","Eligible copepod LC50 candidate",65.38,"ECOTOX_STANDARDIZED_TARGET_METAL",0.7071,10.8152340165188,2.38095569731413,"HARMONIZED","ECOTOX standardized concentration used; for metal salts ECOTOX generally expresses concentration as active ionic form.","CORE","YES",15,,,"C","EXISTING_MEAN_PRESERVED",30,,,"0/00","EXISTING_MEAN_PRESERVED",,,,,"MISSING",,,,,"MISSING","ECOTOX","E_3744","E_T1053650","E_R133691",,,,,,,,TRUE,"Not explicit","Lifestage=Adult"
887,1053654,133695,3744,"Zn","Zinc chloride (ZnCl2)","Acartia tonsa","Calanoida","Adult",4,"Static","Total",,294.2,196.1,428,"ug/L",294.2,"ug/L",20,30,,,"Results of Acute Toxicity Tests Conducted with Zinc at ERL, Narragansett","PRIMARY_KEEP","Eligible copepod LC50 candidate",65.38,"ECOTOX_STANDARDIZED_TARGET_METAL",0.2942,4.49984704802692,1.50404340687127,"HARMONIZED","ECOTOX standardized concentration used; for metal salts ECOTOX generally expresses concentration as active ionic form.","CORE","YES",20,,,"C","EXISTING_MEAN_PRESERVED",30,,,"0/00","EXISTING_MEAN_PRESERVED",,,,,"MISSING",,,,,"MISSING","ECOTOX","E_3744","E_T1053654","E_R133695",,,,,,,,TRUE,"Not explicit","Lifestage=Adult"
899,1054979,131353,3826,"Ni","Nickel chloride (NiCl2)","Pseudodiaptomus coronatus","Calanoida","Adult",3,"Static","Total",,14.573,10.85,19.163,"ppm",14.573,"ppm",15,30,,,"Results of Acute Toxicity Tests Conducted with Nickel at ERL, Narragansett","PRIMARY_KEEP","Eligible copepod LC50 candidate",58.6934,"ECOTOX_STANDARDIZED_TARGET_METAL",14.573,248.290267730273,5.5145984961369,"HARMONIZED","ECOTOX standardized concentration used; for metal salts ECOTOX generally expresses concentration as active ionic form.","DESCRIPTIVE","NO",15,,,"C","EXISTING_MEAN_PRESERVED",30,,,"0/00","EXISTING_MEAN_PRESERVED",,,,,"MISSING",,,,,"MISSING","ECOTOX","E_3826","E_T1054979","E_R131353",,,,,,,,TRUE,"Not explicit","Lifestage=Adult"
913,1054981,131355,3826,"Ni","Nickel chloride (NiCl2)","Eurytemora affinis","Calanoida","Adult",4,"Static","Total",,13.182,11.566,14.981,"ppm",13.182,"ppm",15,30,,,"Results of Acute Toxicity Tests Conducted with Nickel at ERL, Narragansett","PRIMARY_KEEP","Eligible copepod LC50 candidate",58.6934,"ECOTOX_STANDARDIZED_TARGET_METAL",13.182,224.590839855929,5.41428025721587,"HARMONIZED","ECOTOX standardized concentration used; for metal salts ECOTOX generally expresses concentration as active ionic form.","DESCRIPTIVE","NO",15,,,"C","EXISTING_MEAN_PRESERVED",30,,,"0/00","EXISTING_MEAN_PRESERVED",,,,,"MISSING",,,,,"MISSING","ECOTOX","E_3826","E_T1054981","E_R131355",,,,,,,,TRUE,"Not explicit","Lifestage=Adult"
915,2030265,2047702,3826,"Ni","Nickel chloride (NiCl2)","Acartia tonsa","Calanoida","Adult",3,"Static","Total",,0.747,0.5,1.04,"ppm",0.747,"ppm",20,30,,,"Results of Acute Toxicity Tests Conducted with Nickel at ERL, Narragansett","PRIMARY_KEEP","Eligible copepod LC50 candidate",58.6934,"ECOTOX_STANDARDIZED_TARGET_METAL",0.747,12.7271550123183,2.54373790073602,"HARMONIZED","ECOTOX standardized concentration used; for metal salts ECOTOX generally expresses concentration as active ionic form.","DESCRIPTIVE","NO",20,,,"C","EXISTING_MEAN_PRESERVED",30,,,"0/00","EXISTING_MEAN_PRESERVED",,,,,"MISSING",,,,,"MISSING","ECOTOX","E_3826","E_T2030265","E_R2047702",,,,,,,,TRUE,"Not explicit","Lifestage=Adult"
918,2319264,2802768,193873,"Ni","Nickel chloride (NiCl2)","Tigriopus japonicus","Harpacticoida","Neonate",4,"Renewal","Dissolved",,4300,3610,5090,"ug/L",4300,"ug/L",27,33.25,8.195,,"Acute and Chronic Toxicity of Nickel on Freshwater and Marine Tropical Aquatic Organisms","PRIMARY_KEEP","Eligible copepod LC50 candidate",58.6934,"ECOTOX_STANDARDIZED_TARGET_METAL",4.3,73.2620703520328,4.29404301728486,"HARMONIZED","ECOTOX standardized concentration used; for metal salts ECOTOX generally expresses concentration as active ionic form.","DESCRIPTIVE","NO",27,,,"C","EXISTING_MEAN_PRESERVED",,33.2,33.3,"0/00","RAW_RANGE_MIDPOINT_RECOVERED",,8.18,8.21,,"RAW_RANGE_MIDPOINT_RECOVERED",,,,,"MISSING","ECOTOX","E_193873","E_T2319264","E_R2802768",,,,,,,,TRUE,"Not explicit","Lifestage=Neonate"
933,1054980,131354,3826,"Ni","Nickel chloride (NiCl2)","Eurytemora affinis","Calanoida","Adult",4,"Static","Total",,9.593,7.098,13.252,"ppm",9.593,"ppm",15,30,,,"Results of Acute Toxicity Tests Conducted with Nickel at ERL, Narragansett","PRIMARY_KEEP","Eligible copepod LC50 candidate",58.6934,"ECOTOX_STANDARDIZED_TARGET_METAL",9.593,163.442567648151,5.09646166042115,"HARMONIZED","ECOTOX standardized concentration used; for metal salts ECOTOX generally expresses concentration as active ionic form.","DESCRIPTIVE","NO",15,,,"C","EXISTING_MEAN_PRESERVED",30,,,"0/00","EXISTING_MEAN_PRESERVED",,,,,"MISSING",,,,,"MISSING","ECOTOX","E_3826","E_T1054980","E_R131354",,,,,,,,TRUE,"Not explicit","Lifestage=Adult"
935,1054977,131351,3826,"Ni","Nickel chloride (NiCl2)","Acartia clausi","Calanoida","Adult",4,"Static","Total",,3.466,2.821,4.317,"ppm",3.466,"ppm",20,30,,,"Results of Acute Toxicity Tests Conducted with Nickel at ERL, Narragansett","PRIMARY_KEEP","Eligible copepod LC50 candidate",58.6934,"ECOTOX_STANDARDIZED_TARGET_METAL",3.466,59.0526362418943,4.07842918587876,"HARMONIZED","ECOTOX standardized concentration used; for metal salts ECOTOX generally expresses concentration as active ionic form.","DESCRIPTIVE","NO",20,,,"C","EXISTING_MEAN_PRESERVED",30,,,"0/00","EXISTING_MEAN_PRESERVED",,,,,"MISSING",,,,,"MISSING","ECOTOX","E_3826","E_T1054977","E_R131351",,,,,,,,TRUE,"Not explicit","Lifestage=Adult"
952,1035629,54870,2183,"Ni","Nickel chloride (NiCl2)","Nitocra spinipes","Harpacticoida","Adult",4,"Static","Total",,6000,3900,9100,"ug/L",6000,"ug/L",20,7,8,,"Use of a Harpacticoid Copepod in Toxicity Tests","PRIMARY_KEEP","Eligible copepod LC50 candidate",58.6934,"ECOTOX_STANDARDIZED_TARGET_METAL",6,102.226144677255,4.6271874638134,"HARMONIZED","ECOTOX standardized concentration used; for metal salts ECOTOX generally expresses concentration as active ionic form.","DESCRIPTIVE","NO",20,,,"C","EXISTING_MEAN_PRESERVED",7,,,"0/00","EXISTING_MEAN_PRESERVED",8,,,,"EXISTING_MEAN_PRESERVED",,,,,"MISSING","ECOTOX","E_2183","E_T1035629","E_R54870",,,,,,,,TRUE,"Not explicit","Lifestage=Adult"
963,1054978,131352,3826,"Ni","Nickel chloride (NiCl2)","Acartia clausi","Calanoida","Adult",3,"Static","Total",,6.006,4.095,8.696,"ppm",6.006,"ppm",15,30,,,"Results of Acute Toxicity Tests Conducted with Nickel at ERL, Narragansett","PRIMARY_KEEP","Eligible copepod LC50 candidate",58.6934,"ECOTOX_STANDARDIZED_TARGET_METAL",6.006,102.328370821932,4.62818696414648,"HARMONIZED","ECOTOX standardized concentration used; for metal salts ECOTOX generally expresses concentration as active ionic form.","DESCRIPTIVE","NO",15,,,"C","EXISTING_MEAN_PRESERVED",30,,,"0/00","EXISTING_MEAN_PRESERVED",,,,,"MISSING",,,,,"MISSING","ECOTOX","E_3826","E_T1054978","E_R131352",,,,,,,,TRUE,"Not explicit","Lifestage=Adult"
972,1096430,121126,6825,"Zn","Sulfuric acid, Zinc salt (1:1)","Temora stylifera","Calanoida","Adult",2,"Static","Total",,30,23,35,"ug/L",30,"ug/L",25,25,,,"Toxicity Testing with Coastal Species of Southeastern Brazil. Mysids and Copepods","PRIMARY_KEEP","Eligible copepod LC50 candidate",65.38,"ECOTOX_STANDARDIZED_TARGET_METAL",0.03,0.458855919241358,-0.779019019633909,"HARMONIZED","ECOTOX standardized concentration used; for metal salts ECOTOX generally expresses concentration as active ionic form.","CORE","YES",25,,,"C","EXISTING_MEAN_PRESERVED",25,,,"0/00","EXISTING_MEAN_PRESERVED",,,,,"MISSING",,,,,"MISSING","ECOTOX","E_6825","E_T1096430","E_R121126",,,,,,,,TRUE,"Not explicit","Lifestage=Adult"
983,1096428,121124,6825,"Zn","Sulfuric acid, Zinc salt (1:1)","Temora stylifera","Calanoida","Adult",2,"Static","Total",,90,60,120,"ug/L",90,"ug/L",25,33.5,,,"Toxicity Testing with Coastal Species of Southeastern Brazil. Mysids and Copepods","PRIMARY_KEEP","Eligible copepod LC50 candidate",65.38,"ECOTOX_STANDARDIZED_TARGET_METAL",0.09,1.37656775772407,0.319593269034201,"HARMONIZED","ECOTOX standardized concentration used; for metal salts ECOTOX generally expresses concentration as active ionic form.","CORE","YES",25,,,"C","EXISTING_MEAN_PRESERVED",33.5,,,"0/00","EXISTING_MEAN_PRESERVED",,,,,"MISSING",,,,,"MISSING","ECOTOX","E_6825","E_T1096428","E_R121124",,,,,,,,TRUE,"Not explicit","Lifestage=Adult"
997,1096431,121127,6825,"Zn","Sulfuric acid, Zinc salt (1:1)","Temora stylifera","Calanoida","Adult",2,"Static","Total",,23,4,36,"ug/L",23,"ug/L",25,28,,,"Toxicity Testing with Coastal Species of Southeastern Brazil. Mysids and Copepods","PRIMARY_KEEP","Eligible copepod LC50 candidate",65.38,"ECOTOX_STANDARDIZED_TARGET_METAL",0.023,0.351789538085041,-1.04472218536691,"HARMONIZED","ECOTOX standardized concentration used; for metal salts ECOTOX generally expresses concentration as active ionic form.","CORE","YES",25,,,"C","EXISTING_MEAN_PRESERVED",28,,,"0/00","EXISTING_MEAN_PRESERVED",,,,,"MISSING",,,,,"MISSING","ECOTOX","E_6825","E_T1096431","E_R121127",,,,,,,,TRUE,"Not explicit","Lifestage=Adult"
1006,1340234,801239,111830,"Zn","Sulfuric acid, Zinc salt (1:1)","Robertsonia propinqua","Harpacticoida","Nauplii",4,"Static","Total",,1.7,1.1,2.5,"mg/L",1.7,"mg/L",21,32,8.2,,"Zinc Sulfate and Atrazine Toxicity to the Marine Harpacticoid Copepod Robertsonia propinqua","PRIMARY_KEEP","Eligible copepod LC50 candidate",65.38,"ECOTOX_STANDARDIZED_TARGET_METAL",1.7,26.001835423677,3.25816712874824,"HARMONIZED","ECOTOX standardized concentration used; for metal salts ECOTOX generally expresses concentration as active ionic form.","CORE","YES",21,,,"C","EXISTING_MEAN_PRESERVED",32,,,"0/00","EXISTING_MEAN_PRESERVED",8.2,,,,"EXISTING_MEAN_PRESERVED",,,,,"MISSING","ECOTOX","E_111830","E_T1340234","E_R801239",,,,,,,,TRUE,"Not explicit","Lifestage=Nauplii"
1007,1096427,121123,6825,"Zn","Sulfuric acid, Zinc salt (1:1)","Temora stylifera","Calanoida","Adult",2,"Static","Total",,14,5,40,"ug/L",14,"ug/L",25,33.5,,,"Toxicity Testing with Coastal Species of Southeastern Brazil. Mysids and Copepods","PRIMARY_KEEP","Eligible copepod LC50 candidate",65.38,"ECOTOX_STANDARDIZED_TARGET_METAL",0.014,0.214132762312634,-1.54115907168081,"HARMONIZED","ECOTOX standardized concentration used; for metal salts ECOTOX generally expresses concentration as active ionic form.","CORE","YES",25,,,"C","EXISTING_MEAN_PRESERVED",33.5,,,"0/00","EXISTING_MEAN_PRESERVED",,,,,"MISSING",,,,,"MISSING","ECOTOX","E_6825","E_T1096427","E_R121123",,,,,,,,TRUE,"Not explicit","Lifestage=Adult"
1010,1096445,130165,6825,"Zn","Sulfuric acid, Zinc salt (1:1)","Acartia lillgeborgi","Calanoida","Adult",2,"Static","Total",,320,110,940,"ug/L",320,"ug/L",25,33.5,,,"Toxicity Testing with Coastal Species of Southeastern Brazil. Mysids and Copepods","PRIMARY_KEEP","Eligible copepod LC50 candidate",65.38,"ECOTOX_STANDARDIZED_TARGET_METAL",0.32,4.89446313857449,1.58810459449771,"HARMONIZED","ECOTOX standardized concentration used; for metal salts ECOTOX generally expresses concentration as active ionic form.","CORE","YES",25,,,"C","EXISTING_MEAN_PRESERVED",33.5,,,"0/00","EXISTING_MEAN_PRESERVED",,,,,"MISSING",,,,,"MISSING","ECOTOX","E_6825","E_T1096445","E_R130165",,,,,,,,TRUE,"Not explicit","Lifestage=Adult"
1019,1340235,801240,111830,"Zn","Sulfuric acid, Zinc salt (1:1)","Robertsonia propinqua","Harpacticoida","Adult",4,"Static","Total",,2.7,1.7,4.2,"mg/L",2.7,"mg/L",21,32,8.2,,"Zinc Sulfate and Atrazine Toxicity to the Marine Harpacticoid Copepod Robertsonia propinqua","PRIMARY_KEEP","Eligible copepod LC50 candidate",65.38,"ECOTOX_STANDARDIZED_TARGET_METAL",2.7,41.2970327317222,3.72079065069636,"HARMONIZED","ECOTOX standardized concentration used; for metal salts ECOTOX generally expresses concentration as active ionic form.","CORE","YES",21,,,"C","EXISTING_MEAN_PRESERVED",32,,,"0/00","EXISTING_MEAN_PRESERVED",8.2,,,,"EXISTING_MEAN_PRESERVED",,,,,"MISSING","ECOTOX","E_111830","E_T1340235","E_R801240",,,,,,,,TRUE,"Not explicit","Lifestage=Adult"
1022,1096448,130168,6825,"Zn","Sulfuric acid, Zinc salt (1:1)","Acartia lillgeborgi","Calanoida","Adult",2,"Static","Formulation",,700,10,940,"ug/L",700,"ug/L",25,25,,,"Toxicity Testing with Coastal Species of Southeastern Brazil. Mysids and Copepods","PRIMARY_RECOVERED","Nipper source-resolved Zn basis",65.38,"SOURCE_VERIFIED_TARGET_ZN",0.7,10.7066381156317,2.37086393374734,"HARMONIZED","Nipper 1993 source check showed the reported concentrations are nominal Zn; formulation coding does not trigger compound-mass conversion.","CORE","YES",25,,,"C","EXISTING_MEAN_PRESERVED",25,,,"0/00","EXISTING_MEAN_PRESERVED",,,,,"MISSING",,,,,"MISSING","ECOTOX","E_6825","E_T1096448","E_R130168",,,,,,,,TRUE,"Not explicit","Lifestage=Adult"
1027,2095611,2175506,161986,"Zn","Sulfuric acid, Zinc salt (1:1)","Quinquelaophonte sp.","Harpacticoida","Adult",4,"Static","Total",,0.38,0.32,0.46,"mg/L",0.38,"mg/L",20,30,8.25,,"Development of a Harpacticoid Copepod Bioassay:  Selection of Species and Relative Sensitivity to Zinc, Atrazine and Phenanthrene","PRIMARY_KEEP","Eligible copepod LC50 candidate",65.38,"ECOTOX_STANDARDIZED_TARGET_METAL",0.38,5.8121749770572,1.75995485142437,"HARMONIZED","ECOTOX standardized concentration used; for metal salts ECOTOX generally expresses concentration as active ionic form.","CORE","YES",20,,,"C","EXISTING_MEAN_PRESERVED",30,,,"0/00","EXISTING_MEAN_PRESERVED",,8,8.5,,"RAW_RANGE_MIDPOINT_RECOVERED",,,,,"MISSING","ECOTOX","E_161986","E_T2095611","E_R2175506",,,,,,,,TRUE,"Not explicit","Lifestage=Adult"
1028,2095611,2175507,161986,"Zn","Sulfuric acid, Zinc salt (1:1)","Quinquelaophonte sp.","Harpacticoida","Adult",4,"Static","Total",,1.1,0.81,1.47,"mg/L",1.1,"mg/L",20,30,8.25,,"Development of a Harpacticoid Copepod Bioassay:  Selection of Species and Relative Sensitivity to Zinc, Atrazine and Phenanthrene","PRIMARY_KEEP","Eligible copepod LC50 candidate",65.38,"ECOTOX_STANDARDIZED_TARGET_METAL",1.1,16.8247170388498,2.8228490574904,"HARMONIZED","ECOTOX standardized concentration used; for metal salts ECOTOX generally expresses concentration as active ionic form.","CORE","YES",20,,,"C","EXISTING_MEAN_PRESERVED",30,,,"0/00","EXISTING_MEAN_PRESERVED",,8,8.5,,"RAW_RANGE_MIDPOINT_RECOVERED",,,,,"MISSING","ECOTOX","E_161986","E_T2095611","E_R2175507",,,,,,,,TRUE,"Not explicit","Lifestage=Adult"
1029,2095611,2175498,161986,"Zn","Sulfuric acid, Zinc salt (1:1)","Quinquelaophonte sp.","Harpacticoida","Adult",4,"Static","Total",,0.64,0.51,0.82,"mg/L",0.64,"mg/L",20,30,8.25,,"Development of a Harpacticoid Copepod Bioassay:  Selection of Species and Relative Sensitivity to Zinc, Atrazine and Phenanthrene","PRIMARY_KEEP","Eligible copepod LC50 candidate",65.38,"ECOTOX_STANDARDIZED_TARGET_METAL",0.64,9.78892627714898,2.28125177505765,"HARMONIZED","ECOTOX standardized concentration used; for metal salts ECOTOX generally expresses concentration as active ionic form.","CORE","YES",20,,,"C","EXISTING_MEAN_PRESERVED",30,,,"0/00","EXISTING_MEAN_PRESERVED",,8,8.5,,"RAW_RANGE_MIDPOINT_RECOVERED",,,,,"MISSING","ECOTOX","E_161986","E_T2095611","E_R2175498",,,,,,,,TRUE,"Not explicit","Lifestage=Adult"
1037,1096426,121122,6825,"Zn","Sulfuric acid, Zinc salt (1:1)","Temora stylifera","Calanoida","Adult",2,"Static","Formulation",,40,20,80,"ug/L",40,"ug/L",25,33.5,,,"Toxicity Testing with Coastal Species of Southeastern Brazil. Mysids and Copepods","PRIMARY_RECOVERED","Nipper source-resolved Zn basis",65.38,"SOURCE_VERIFIED_TARGET_ZN",0.04,0.611807892321811,-0.491336947182128,"HARMONIZED","Nipper 1993 source check showed the reported concentrations are nominal Zn; formulation coding does not trigger compound-mass conversion.","CORE","YES",25,,,"C","EXISTING_MEAN_PRESERVED",33.5,,,"0/00","EXISTING_MEAN_PRESERVED",,,,,"MISSING",,,,,"MISSING","ECOTOX","E_6825","E_T1096426","E_R121122",,,,,,,,TRUE,"Not explicit","Lifestage=Adult"
1048,1096450,130170,6825,"Zn","Sulfuric acid, Zinc salt (1:1)","Acartia lillgeborgi","Calanoida","Adult",2,"Static","Formulation",,890,600,1020,"ug/L",890,"ug/L",25,32,,,"Toxicity Testing with Coastal Species of Southeastern Brazil. Mysids and Copepods","PRIMARY_RECOVERED","Nipper source-resolved Zn basis",65.38,"SOURCE_VERIFIED_TARGET_ZN",0.89,13.6127256041603,2.61100506143012,"HARMONIZED","Nipper 1993 source check showed the reported concentrations are nominal Zn; formulation coding does not trigger compound-mass conversion.","CORE","YES",25,,,"C","EXISTING_MEAN_PRESERVED",32,,,"0/00","EXISTING_MEAN_PRESERVED",,,,,"MISSING",,,,,"MISSING","ECOTOX","E_6825","E_T1096450","E_R130170",,,,,,,,TRUE,"Not explicit","Lifestage=Adult"
1054,1096425,121121,6825,"Zn","Sulfuric acid, Zinc salt (1:1)","Temora stylifera","Calanoida","Adult",2,"Static","Formulation",,31,10,46,"ug/L",31,"ug/L",25,33.5,,,"Toxicity Testing with Coastal Species of Southeastern Brazil. Mysids and Copepods","PRIMARY_RECOVERED","Nipper source-resolved Zn basis",65.38,"SOURCE_VERIFIED_TARGET_ZN",0.031,0.474151116549404,-0.746229196810918,"HARMONIZED","Nipper 1993 source check showed the reported concentrations are nominal Zn; formulation coding does not trigger compound-mass conversion.","CORE","YES",25,,,"C","EXISTING_MEAN_PRESERVED",33.5,,,"0/00","EXISTING_MEAN_PRESERVED",,,,,"MISSING",,,,,"MISSING","ECOTOX","E_6825","E_T1096425","E_R121121",,,,,,,,TRUE,"Not explicit","Lifestage=Adult"
1064,1096449,130169,6825,"Zn","Sulfuric acid, Zinc salt (1:1)","Acartia lillgeborgi","Calanoida","Adult",2,"Static","Formulation",,550,0,860,"ug/L",550,"ug/L",25,28,,,"Toxicity Testing with Coastal Species of Southeastern Brazil. Mysids and Copepods","PRIMARY_RECOVERED","Nipper source-resolved Zn basis",65.38,"SOURCE_VERIFIED_TARGET_ZN",0.55,8.4123585194249,2.12970187693045,"HARMONIZED","Nipper 1993 source check showed the reported concentrations are nominal Zn; formulation coding does not trigger compound-mass conversion.","CORE","YES",25,,,"C","EXISTING_MEAN_PRESERVED",28,,,"0/00","EXISTING_MEAN_PRESERVED",,,,,"MISSING",,,,,"MISSING","ECOTOX","E_6825","E_T1096449","E_R130169",,,,,,,,TRUE,"Not explicit","Lifestage=Adult"
1068,1096446,130166,6825,"Zn","Sulfuric acid, Zinc salt (1:1)","Acartia lillgeborgi","Calanoida","Adult",2,"Static","Total",,420,310,560,"ug/L",420,"ug/L",25,33.5,,,"Toxicity Testing with Coastal Species of Southeastern Brazil. Mysids and Copepods","PRIMARY_KEEP","Eligible copepod LC50 candidate",65.38,"ECOTOX_STANDARDIZED_TARGET_METAL",0.42,6.42398286937902,1.86003830998135,"HARMONIZED","ECOTOX standardized concentration used; for metal salts ECOTOX generally expresses concentration as active ionic form.","CORE","YES",25,,,"C","EXISTING_MEAN_PRESERVED",33.5,,,"0/00","EXISTING_MEAN_PRESERVED",,,,,"MISSING",,,,,"MISSING","ECOTOX","E_6825","E_T1096446","E_R130166",,,,,,,,TRUE,"Not explicit","Lifestage=Adult"
1087,1096432,121128,6825,"Zn","Sulfuric acid, Zinc salt (1:1)","Temora stylifera","Calanoida","Adult",2,"Static","Formulation",,31,10,46,"ug/L",31,"ug/L",25,32,,,"Toxicity Testing with Coastal Species of Southeastern Brazil. Mysids and Copepods","PRIMARY_RECOVERED","Nipper source-resolved Zn basis",65.38,"SOURCE_VERIFIED_TARGET_ZN",0.031,0.474151116549404,-0.746229196810918,"HARMONIZED","Nipper 1993 source check showed the reported concentrations are nominal Zn; formulation coding does not trigger compound-mass conversion.","CORE","YES",25,,,"C","EXISTING_MEAN_PRESERVED",32,,,"0/00","EXISTING_MEAN_PRESERVED",,,,,"MISSING",,,,,"MISSING","ECOTOX","E_6825","E_T1096432","E_R121128",,,,,,,,TRUE,"Not explicit","Lifestage=Adult"
1106,2095567,2175478,161986,"Zn","Sulfuric acid, Zinc salt (1:1)","Robertsonia propinqua","Harpacticoida","Adult",4,"Static","Total",,2,1.56,2.25,"mg/L",2,"mg/L",20,30,8.25,,"Development of a Harpacticoid Copepod Bioassay:  Selection of Species and Relative Sensitivity to Zinc, Atrazine and Phenanthrene","PRIMARY_KEEP","Eligible copepod LC50 candidate",65.38,"ECOTOX_STANDARDIZED_TARGET_METAL",2,30.5903946160905,3.42068605824602,"HARMONIZED","ECOTOX standardized concentration used; for metal salts ECOTOX generally expresses concentration as active ionic form.","CORE","YES",20,,,"C","EXISTING_MEAN_PRESERVED",30,,,"0/00","EXISTING_MEAN_PRESERVED",,8,8.5,,"RAW_RANGE_MIDPOINT_RECOVERED",,,,,"MISSING","ECOTOX","E_161986","E_T2095567","E_R2175478",,,,,,,,TRUE,"Not explicit","Lifestage=Adult"
1125,1037874,104479,2332,"Zn","Sulfuric acid, Zinc salt (1:1)","Nitocra spinipes","Harpacticoida",,4,"Flow-through","Total",,2800,2000,3900,"ug/L",2800,"ug/L",,25,,,"A Flowthrough Fecundity Test with Nitocra spinipes (Harpacticoidea Crustacea) for Aquatic Toxicity","PRIMARY_KEEP","Eligible copepod LC50 candidate",65.38,"ECOTOX_STANDARDIZED_TARGET_METAL",2.8,42.8265524625268,3.75715829486723,"HARMONIZED","ECOTOX standardized concentration used; for metal salts ECOTOX generally expresses concentration as active ionic form.","CORE","YES",,,,,"MISSING",25,,,"0/00","EXISTING_MEAN_PRESERVED",,,,,"MISSING",,,,,"MISSING","ECOTOX","E_2332","E_T1037874","E_R104479",,,,,,,,TRUE,"Not explicit",""
1144,2299150,2706689,5185,"Zn","Sulfuric acid, Zinc salt (1:1)","Nitocra spinipes","Harpacticoida","Adult",4,"Static","Total",,4.3,3.6,5.1,"mg/L",4.3,"mg/L",21,7,7.8,,"The Acute Toxicity of 78 Chemicals and Pesticide Formulations Against Two Brackish Water Organisms, the Bleak (Alburnus alburnus) and the Harpacticoid Nitocra spinipes","PRIMARY_KEEP","Eligible copepod LC50 candidate",65.38,"ECOTOX_STANDARDIZED_TARGET_METAL",4.3,65.7693484245947,4.18615390038559,"HARMONIZED","ECOTOX standardized concentration used; for metal salts ECOTOX generally expresses concentration as active ionic form.","CORE","YES",21,20,22,"C","EXISTING_MEAN_PRESERVED",7,,,"0/00","EXISTING_MEAN_PRESERVED",7.8,,,,"EXISTING_MEAN_PRESERVED",,,,,"MISSING","ECOTOX","E_5185","E_T2299150","E_R2706689",,,,,,,,TRUE,"Not explicit","Lifestage=Adult"
1145,2101666,2186591,150008,"Zn","Sulfuric acid, Zinc salt (1:1)","Tigriopus japonicus","Harpacticoida","Nauplii",4,"Renewal","Dissolved",,1.14,0.86,1.5,"mg/L",1.14,"mg/L",25,,,,"Toxicities of Nano Zinc Oxide to Five Marine Organisms: Influences of Aggregate Size and Ion Solubility","PRIMARY_KEEP","Eligible copepod LC50 candidate",65.38,"ECOTOX_STANDARDIZED_TARGET_METAL",1.14,17.4365249311716,2.85856714009248,"HARMONIZED","ECOTOX standardized concentration used; for metal salts ECOTOX generally expresses concentration as active ionic form.","CORE","YES",25,,,"C","EXISTING_MEAN_PRESERVED",,,,,"MISSING",,,,,"MISSING",,,,,"MISSING","ECOTOX","E_150008","E_T2101666","E_R2186591",,,,,,,,TRUE,"Not explicit","Lifestage=Nauplii"
1150,1037871,104476,2332,"Zn","Sulfuric acid, Zinc salt (1:1)","Nitocra spinipes","Harpacticoida",,4,"Flow-through","Total",,2400,2000,2900,"ug/L",2400,"ug/L",,15,,,"A Flowthrough Fecundity Test with Nitocra spinipes (Harpacticoidea Crustacea) for Aquatic Toxicity","PRIMARY_KEEP","Eligible copepod LC50 candidate",65.38,"ECOTOX_STANDARDIZED_TARGET_METAL",2.4,36.7084735393087,3.60300761503997,"HARMONIZED","ECOTOX standardized concentration used; for metal salts ECOTOX generally expresses concentration as active ionic form.","CORE","YES",,,,,"MISSING",15,,,"0/00","EXISTING_MEAN_PRESERVED",,,,,"MISSING",,,,,"MISSING","ECOTOX","E_2332","E_T1037871","E_R104476",,,,,,,,TRUE,"Not explicit",""
1156,1278692,731972,62291,"Zn","Sulfuric acid, Zinc salt (1:1)","Tigriopus brevicornis","Harpacticoida","Adult",4,"Renewal","Total",,715.2,666.4,764,"ug/L",715.2,"ug/L",20,34.75,7.92,,"Influence of Different Essential and Non-Essential Metals on MTLP Levels in the Copepod Tigriopus brevicornis","PRIMARY_KEEP","Eligible copepod LC50 candidate",65.38,"ECOTOX_STANDARDIZED_TARGET_METAL",0.7152,10.939125114714,2.39234582256324,"HARMONIZED","ECOTOX standardized concentration used; for metal salts ECOTOX generally expresses concentration as active ionic form.","CORE","YES",20,,,"C","EXISTING_MEAN_PRESERVED",,34.5,35,"%","RAW_RANGE_MIDPOINT_RECOVERED",,7.7,8.14,,"RAW_RANGE_MIDPOINT_RECOVERED",,,,,"MISSING","ECOTOX","E_62291","E_T1278692","E_R731972",,,,,,,,TRUE,"Not explicit","Lifestage=Adult"
1163,1053489,5143,3735,"Cu","Copper chloride (CuCl)","Pseudodiaptomus coronatus","Calanoida","Adult",4,"Static","Total",,235.4,188.7,299.2,"ppb",235.4,"ppb",15,30,,,"Results of Acute Toxicity Tests Conducted with Copper at ERL, Narragansett","PRIMARY_KEEP","Eligible copepod LC50 candidate",63.546,"ECOTOX_STANDARDIZED_TARGET_METAL",0.2354,3.70440310955843,1.30952214173659,"HARMONIZED","ECOTOX standardized concentration used; for metal salts ECOTOX generally expresses concentration as active ionic form.","CORE","YES",15,,,"C","EXISTING_MEAN_PRESERVED",30,,,"0/00","EXISTING_MEAN_PRESERVED",,,,,"MISSING",,,,,"MISSING","ECOTOX","E_3735","E_T1053489","E_R5143",,,,,,,,TRUE,"Not explicit","Lifestage=Adult"
1164,1053490,5144,3735,"Cu","Copper chloride (CuCl)","Eurytemora affinis","Calanoida","Adult",4,"Static","Total",,0.928,0.761,1.119,"ppm",0.928,"ppm",15,30,,,"Results of Acute Toxicity Tests Conducted with Copper at ERL, Narragansett","PRIMARY_KEEP","Eligible copepod LC50 candidate",63.546,"ECOTOX_STANDARDIZED_TARGET_METAL",0.928,14.6035942466874,2.68126767969661,"HARMONIZED","ECOTOX standardized concentration used; for metal salts ECOTOX generally expresses concentration as active ionic form.","CORE","YES",15,,,"C","EXISTING_MEAN_PRESERVED",30,,,"0/00","EXISTING_MEAN_PRESERVED",,,,,"MISSING",,,,,"MISSING","ECOTOX","E_3735","E_T1053490","E_R5144",,,,,,,,TRUE,"Not explicit","Lifestage=Adult"
1165,1053488,5142,3735,"Cu","Copper chloride (CuCl)","Acartia tonsa","Calanoida","Adult",3,"Static","Total",,58.1,40.2,82.9,"ppb",58.1,"ppb",10,30,,,"Results of Acute Toxicity Tests Conducted with Copper at ERL, Narragansett","PRIMARY_KEEP","Eligible copepod LC50 candidate",63.546,"ECOTOX_STANDARDIZED_TARGET_METAL",0.0581,0.914298303591099,-0.0895983892317216,"HARMONIZED","ECOTOX standardized concentration used; for metal salts ECOTOX generally expresses concentration as active ionic form.","CORE","YES",10,,,"C","EXISTING_MEAN_PRESERVED",30,,,"0/00","EXISTING_MEAN_PRESERVED",,,,,"MISSING",,,,,"MISSING","ECOTOX","E_3735","E_T1053488","E_R5142",,,,,,,,TRUE,"Not explicit","Lifestage=Adult"
1166,1301502,757396,115854,"Cu","Copper chloride (CuCl)","Tigriopus japonicus","Harpacticoida","Adult",4,"Aquatic, unspecified","Total",,1175,,,"ug/L",1175,"ug/L",25,33,8.25,,"Copper Toxicity in the Marine Copepod Tigropus japonicus:  Low Variability and High Reproducibility of Repeated Acute and Life-Cycle Tests","PRIMARY_KEEP","Eligible copepod LC50 candidate",63.546,"ECOTOX_STANDARDIZED_TARGET_METAL",1.175,18.4905422843295,2.91725937348867,"HARMONIZED","ECOTOX standardized concentration used; for metal salts ECOTOX generally expresses concentration as active ionic form.","CORE","YES",25,,,"C","EXISTING_MEAN_PRESERVED",33,,,"0/00","EXISTING_MEAN_PRESERVED",,8.1,8.4,,"RAW_RANGE_MIDPOINT_RECOVERED",,,,,"MISSING","ECOTOX","E_115854","E_T1301502","E_R757396",,,,,,,,TRUE,"Not explicit","Lifestage=Adult"
1167,1053487,5141,3735,"Cu","Copper chloride (CuCl)","Acartia clausi","Calanoida","Adult",4,"Static","Total",,0.049,0.04,0.06,"ppm",0.049,"ppm",10,30,,,"Results of Acute Toxicity Tests Conducted with Copper at ERL, Narragansett","PRIMARY_KEEP","Eligible copepod LC50 candidate",63.546,"ECOTOX_STANDARDIZED_TARGET_METAL",0.049,0.771094954835867,-0.25994375497896,"HARMONIZED","ECOTOX standardized concentration used; for metal salts ECOTOX generally expresses concentration as active ionic form.","CORE","YES",10,,,"C","EXISTING_MEAN_PRESERVED",30,,,"0/00","EXISTING_MEAN_PRESERVED",,,,,"MISSING",,,,,"MISSING","ECOTOX","E_3735","E_T1053487","E_R5141",,,,,,,,TRUE,"Not explicit","Lifestage=Adult"
1168,2307797,2748544,192310,"Pb","Lead chloride (PbCl2)","Acartia danae","Calanoida","Adult",4,"Renewal","Dissolved",,0.1,,,"mg/L",0.1,"mg/L",26,29.5,7.8,,"Prescribing Sea Water Quality Criteria for Arsenic, Cadmium and Lead Through Species Sensitivity Distribution","PRIMARY_KEEP","Eligible copepod LC50 candidate",207.2,"ECOTOX_STANDARDIZED_TARGET_METAL",0.1,0.482625482625483,-0.728514324397237,"HARMONIZED","ECOTOX standardized concentration used; for metal salts ECOTOX generally expresses concentration as active ionic form.","DESCRIPTIVE","NO",26,,,"C","EXISTING_MEAN_PRESERVED",29.5,,,"PSU","EXISTING_MEAN_PRESERVED",7.8,,,,"EXISTING_MEAN_PRESERVED",,,,,"MISSING","ECOTOX","E_192310","E_T2307797","E_R2748544",,,,,,,,TRUE,"Not explicit","Lifestage=Adult"
1172,2307792,2748535,192310,"Pb","Lead chloride (PbCl2)","Oithona similis","Cyclopoida","Adult",4,"Renewal","Dissolved",,0.05,,,"mg/L",0.05,"mg/L",26,29.5,7.8,,"Prescribing Sea Water Quality Criteria for Arsenic, Cadmium and Lead Through Species Sensitivity Distribution","PRIMARY_KEEP","Eligible copepod LC50 candidate",207.2,"ECOTOX_STANDARDIZED_TARGET_METAL",0.05,0.241312741312741,-1.42166150495718,"HARMONIZED","ECOTOX standardized concentration used; for metal salts ECOTOX generally expresses concentration as active ionic form.","DESCRIPTIVE","NO",26,,,"C","EXISTING_MEAN_PRESERVED",29.5,,,"PSU","EXISTING_MEAN_PRESERVED",7.8,,,,"EXISTING_MEAN_PRESERVED",,,,,"MISSING","ECOTOX","E_192310","E_T2307792","E_R2748535",,,,,,,,TRUE,"Not explicit","Lifestage=Adult"
1191,2146952,2279335,166028,"Cu","Sulfuric acid copper(2+) salt (1:1)","Tigriopus fulvus","Harpacticoida","Nauplii",2,"Static","Total",,0.23,,,"mg/L",0.23,"mg/L",20,38,8,,"Assessment of Individual and Combined Toxicities of Three Heavy Metals (Cu, Cd and Hg) by Using Tigriopus fulvus","PRIMARY_KEEP","Eligible copepod LC50 candidate",63.546,"ECOTOX_STANDARDIZED_TARGET_METAL",0.23,3.61942529820917,1.28631525583361,"HARMONIZED","ECOTOX standardized concentration used; for metal salts ECOTOX generally expresses concentration as active ionic form.","CORE","YES",20,,,"C","EXISTING_MEAN_PRESERVED",38,,,"0/00","EXISTING_MEAN_PRESERVED",8,,,,"EXISTING_MEAN_PRESERVED",,,,,"MISSING","ECOTOX","E_166028","E_T2146952","E_R2279335",,,,,,,,TRUE,"Not explicit","Lifestage=Nauplii"
1198,1070626,12731,5563,"Cu","Sulfuric acid copper(2+) salt (1:1)","Acartia simplex","Calanoida","Multiple",1,"Static","Total",,200,80,310,"ug/L",200,"ug/L",17,35,,,"Acute Toxicity of Copper, Cadmium and Zinc to Three Species of Marine Copepod","PRIMARY_KEEP","Eligible copepod LC50 candidate",63.546,"ECOTOX_STANDARDIZED_TARGET_METAL",0.2,3.14732634626884,1.14655331345845,"HARMONIZED","ECOTOX standardized concentration used; for metal salts ECOTOX generally expresses concentration as active ionic form.","CORE","YES",17,,,"C","EXISTING_MEAN_PRESERVED",,34.5,35.5,"0/00","RAW_RANGE_MIDPOINT_RECOVERED",,,,,"MISSING",,,,,"MISSING","ECOTOX","E_5563","E_T1070626","E_R12731",,,,,,,,TRUE,"Not explicit","Lifestage=Multiple"
1201,1155887,159531,13507,"Cu","Sulfuric acid copper(2+) salt (1:1)","Tisbe furcata","Harpacticoida",,4,"Renewal","Dissolved",,178,,,"ug/L",178,"ug/L",13,34,8,,"Use of Life Tables and LC50 Tests to Evaluate Chronic and Acute Toxicity Effects of Copper on the Marine Copepod Tisbe furcata (Baird)","PRIMARY_KEEP","Eligible copepod LC50 candidate",63.546,"ECOTOX_STANDARDIZED_TARGET_METAL",0.178,2.80112044817927,1.0300194972025,"HARMONIZED","ECOTOX standardized concentration used; for metal salts ECOTOX generally expresses concentration as active ionic form.","CORE","YES",,11,15,"C","RAW_RANGE_MIDPOINT_RECOVERED",34,,,"0/00","EXISTING_MEAN_PRESERVED",8,,,,"EXISTING_MEAN_PRESERVED",,,,,"MISSING","ECOTOX","E_13507","E_T1155887","E_R159531",,,,,,,,TRUE,"Not explicit",""
1206,1135994,90926,11097,"Cu","Sulfuric acid copper(2+) salt (1:1)","Tisbe holothuriae","Harpacticoida","Nauplii",2,"Static","Total",,314.2,,,"ug/L",314.2,"ug/L",18,38,,,"Differentiation of the Sensitivity to Copper and Cadmium in Different Life Stages of a Copepod","PRIMARY_KEEP","Eligible copepod LC50 candidate",63.546,"ECOTOX_STANDARDIZED_TARGET_METAL",0.3142,4.94444968998835,1.59826567273193,"HARMONIZED","ECOTOX standardized concentration used; for metal salts ECOTOX generally expresses concentration as active ionic form.","CORE","YES",18,,,"C","EXISTING_MEAN_PRESERVED",38,,,"0/00","EXISTING_MEAN_PRESERVED",,,,,"MISSING",,,,,"MISSING","ECOTOX","E_11097","E_T1135994","E_R90926",,,,,,,,TRUE,"Not explicit","Lifestage=Nauplii"
1213,1310646,767829,14474,"Cu","Sulfuric acid copper(2+) salt (1:1)","Tisbe holothuriae","Harpacticoida","Adult",2,"Static","Total",,0.5289,,,"mg/L",0.5289,"mg/L",,,,,"Lethal and Sublethal Effects of Some Contaminants (Heavy Metals, Oil, Dispersants) to Marine Planktonic Animals","PRIMARY_KEEP","Eligible copepod LC50 candidate",63.546,"ECOTOX_STANDARDIZED_TARGET_METAL",0.5289,8.32310452270796,2.11903532498235,"HARMONIZED","ECOTOX standardized concentration used; for metal salts ECOTOX generally expresses concentration as active ionic form.","CORE","YES",,,,,"MISSING",,,,,"MISSING",,,,,"MISSING",,,,,"MISSING","ECOTOX","E_14474","E_T1310646","E_R767829",,,,,,,,TRUE,"Not explicit","Lifestage=Adult"
1236,1078431,102405,6045,"Cu","Sulfuric acid copper(2+) salt (1:1)","Metridia pacifica","Calanoida",,1,"Static","Total",,176,,,"ppb",176,"ppb",17,31.5,,,"A Controlled Environmental Pollution Experiment (CEPEX) and Its Usefulness in the Study of Larger Marine Zooplankton Under Toxic Stress","PRIMARY_KEEP","Eligible copepod LC50 candidate",63.546,"ECOTOX_STANDARDIZED_TARGET_METAL",0.176,2.76964718471658,1.01871994194856,"HARMONIZED","ECOTOX standardized concentration used; for metal salts ECOTOX generally expresses concentration as active ionic form.","CORE","YES",,13,21,"C","RAW_RANGE_MIDPOINT_RECOVERED",,27,36,"0/00","RAW_RANGE_MIDPOINT_RECOVERED",,,,,"MISSING",,,,,"MISSING","ECOTOX","E_6045","E_T1078431","E_R102405",,,,,,,,TRUE,"Not explicit",""
1252,2148404,2283208,156333,"Cu","Sulfuric acid copper(2+) salt (1:1)","Robertgurneya hopkinsi","Harpacticoida","Adult",4,"Aquatic, unspecified","Dissolved",,238,,,"ug/L",238,"ug/L",21,30,,,"An Assessment of Three Harpacticoid Copepod Species for Use in Ecotoxicological Testing","PRIMARY_KEEP","Eligible copepod LC50 candidate",63.546,"ECOTOX_STANDARDIZED_TARGET_METAL",0.238,3.74531835205992,1.32050662058189,"HARMONIZED","ECOTOX standardized concentration used; for metal salts ECOTOX generally expresses concentration as active ionic form.","CORE","YES",21,,,"C","EXISTING_MEAN_PRESERVED",30,,,"PSU","EXISTING_MEAN_PRESERVED",,,,,"MISSING",,,,,"MISSING","ECOTOX","E_156333","E_T2148404","E_R2283208",,,,,,,,TRUE,"Not explicit","Lifestage=Adult"
1255,1078425,89398,6045,"Cu","Sulfuric acid copper(2+) salt (1:1)","Calanus plumchrus","Calanoida",,1,"Static","Total",,2778,,,"ppb",2778,"ppb",17,31.5,,,"A Controlled Environmental Pollution Experiment (CEPEX) and Its Usefulness in the Study of Larger Marine Zooplankton Under Toxic Stress","PRIMARY_KEEP","Eligible copepod LC50 candidate",63.546,"ECOTOX_STANDARDIZED_TARGET_METAL",2.778,43.7163629496742,3.7777224702247,"HARMONIZED","ECOTOX standardized concentration used; for metal salts ECOTOX generally expresses concentration as active ionic form.","CORE","YES",,13,21,"C","RAW_RANGE_MIDPOINT_RECOVERED",,27,36,"0/00","RAW_RANGE_MIDPOINT_RECOVERED",,,,,"MISSING",,,,,"MISSING","ECOTOX","E_6045","E_T1078425","E_R89398",,,,,,,,TRUE,"Not explicit",""
1262,1310647,767830,14474,"Cu","Sulfuric acid copper(2+) salt (1:1)","Tisbe holothuriae","Harpacticoida","Adult",2,"Static","Total",,0.4473,,,"mg/L",0.4473,"mg/L",,,,,"Lethal and Sublethal Effects of Some Contaminants (Heavy Metals, Oil, Dispersants) to Marine Planktonic Animals","PRIMARY_KEEP","Eligible copepod LC50 candidate",63.546,"ECOTOX_STANDARDIZED_TARGET_METAL",0.4473,7.03899537343027,1.95146545734922,"HARMONIZED","ECOTOX standardized concentration used; for metal salts ECOTOX generally expresses concentration as active ionic form.","CORE","YES",,,,,"MISSING",,,,,"MISSING",,,,,"MISSING",,,,,"MISSING","ECOTOX","E_14474","E_T1310647","E_R767830",,,,,,,,TRUE,"Not explicit","Lifestage=Adult"
1263,2136233,2252278,153073,"Cu","Sulfuric acid copper(2+) salt (1:1)","Paracyclopina nana","Cyclopoida","Adult",4,"Renewal","Total",,0.8,0.76,0.91,"mg/L",0.8,"mg/L",25,15,,,"Molecular Characterization and Expression of Vitellogenin (Vg) Genes from the Cyclopoid Copepod, Paracyclopina nana Exposed to Heavy Metals","PRIMARY_KEEP","Eligible copepod LC50 candidate",63.546,"ECOTOX_STANDARDIZED_TARGET_METAL",0.8,12.5893053850754,2.53284767457834,"HARMONIZED","ECOTOX standardized concentration used; for metal salts ECOTOX generally expresses concentration as active ionic form.","CORE","YES",25,,,"C","EXISTING_MEAN_PRESERVED",15,,,"0/00","EXISTING_MEAN_PRESERVED",,,,,"MISSING",,,,,"MISSING","ECOTOX","E_153073","E_T2136233","E_R2252278",,,,,,,,TRUE,"Not explicit","Lifestage=Adult"
1271,1310648,767831,14474,"Cu","Sulfuric acid copper(2+) salt (1:1)","Tisbe holothuriae","Harpacticoida",,2,"Static","Total",,0.4281,,,"mg/L",0.4281,"mg/L",,,,,"Lethal and Sublethal Effects of Some Contaminants (Heavy Metals, Oil, Dispersants) to Marine Planktonic Animals","PRIMARY_KEEP","Eligible copepod LC50 candidate",63.546,"ECOTOX_STANDARDIZED_TARGET_METAL",0.4281,6.73685204418846,1.90759276006131,"HARMONIZED","ECOTOX standardized concentration used; for metal salts ECOTOX generally expresses concentration as active ionic form.","CORE","YES",,,,,"MISSING",,,,,"MISSING",,,,,"MISSING",,,,,"MISSING","ECOTOX","E_14474","E_T1310648","E_R767831",,,,,,,,TRUE,"Not explicit",""
1285,1135996,90928,11097,"Cu","Sulfuric acid copper(2+) salt (1:1)","Tisbe holothuriae","Harpacticoida","Copepodid",2,"Static","Total",,528.9,,,"ug/L",528.9,"ug/L",18,38,,,"Differentiation of the Sensitivity to Copper and Cadmium in Different Life Stages of a Copepod","PRIMARY_KEEP","Eligible copepod LC50 candidate",63.546,"ECOTOX_STANDARDIZED_TARGET_METAL",0.5289,8.32310452270796,2.11903532498235,"HARMONIZED","ECOTOX standardized concentration used; for metal salts ECOTOX generally expresses concentration as active ionic form.","CORE","YES",18,,,"C","EXISTING_MEAN_PRESERVED",38,,,"0/00","EXISTING_MEAN_PRESERVED",,,,,"MISSING",,,,,"MISSING","ECOTOX","E_11097","E_T1135996","E_R90928",,,,,,,,TRUE,"Not explicit","Lifestage=Copepodid"
1295,1310618,767801,14474,"Cu","Sulfuric acid copper(2+) salt (1:1)","Tisbe holothuriae","Harpacticoida",,2,"Static","Total",,0.4187,,,"mg/L",0.4187,"mg/L",,,,,"Lethal and Sublethal Effects of Some Contaminants (Heavy Metals, Oil, Dispersants) to Marine Planktonic Animals","PRIMARY_KEEP","Eligible copepod LC50 candidate",63.546,"ECOTOX_STANDARDIZED_TARGET_METAL",0.4187,6.58892770591383,1.88539061993551,"HARMONIZED","ECOTOX standardized concentration used; for metal salts ECOTOX generally expresses concentration as active ionic form.","CORE","YES",,,,,"MISSING",,,,,"MISSING",,,,,"MISSING",,,,,"MISSING","ECOTOX","E_14474","E_T1310618","E_R767801",,,,,,,,TRUE,"Not explicit",""
1298,1310619,767802,14474,"Cu","Sulfuric acid copper(2+) salt (1:1)","Tisbe holothuriae","Harpacticoida",,2,"Static","Total",,0.4451,,,"mg/L",0.4451,"mg/L",,,,,"Lethal and Sublethal Effects of Some Contaminants (Heavy Metals, Oil, Dispersants) to Marine Planktonic Animals","PRIMARY_KEEP","Eligible copepod LC50 candidate",63.546,"ECOTOX_STANDARDIZED_TARGET_METAL",0.4451,7.00437478362131,1.94653492293222,"HARMONIZED","ECOTOX standardized concentration used; for metal salts ECOTOX generally expresses concentration as active ionic form.","CORE","YES",,,,,"MISSING",,,,,"MISSING",,,,,"MISSING",,,,,"MISSING","ECOTOX","E_14474","E_T1310619","E_R767802",,,,,,,,TRUE,"Not explicit",""
1304,1078436,102816,6045,"Cu","Sulfuric acid copper(2+) salt (1:1)","Undinula vulgaris","Calanoida",,1,"Static","Total",,192,,,"ppb",192,"ppb",17,31.5,,,"A Controlled Environmental Pollution Experiment (CEPEX) and Its Usefulness in the Study of Larger Marine Zooplankton Under Toxic Stress","PRIMARY_KEEP","Eligible copepod LC50 candidate",63.546,"ECOTOX_STANDARDIZED_TARGET_METAL",0.192,3.02143329241809,1.10573131893819,"HARMONIZED","ECOTOX standardized concentration used; for metal salts ECOTOX generally expresses concentration as active ionic form.","CORE","YES",,13,21,"C","RAW_RANGE_MIDPOINT_RECOVERED",,27,36,"0/00","RAW_RANGE_MIDPOINT_RECOVERED",,,,,"MISSING",,,,,"MISSING","ECOTOX","E_6045","E_T1078436","E_R102816",,,,,,,,TRUE,"Not explicit",""
1312,1310621,767804,14474,"Cu","Sulfuric acid copper(2+) salt (1:1)","Tisbe holothuriae","Harpacticoida",,2,"Static","Total",,0.4281,,,"mg/L",0.4281,"mg/L",,,,,"Lethal and Sublethal Effects of Some Contaminants (Heavy Metals, Oil, Dispersants) to Marine Planktonic Animals","PRIMARY_KEEP","Eligible copepod LC50 candidate",63.546,"ECOTOX_STANDARDIZED_TARGET_METAL",0.4281,6.73685204418846,1.90759276006131,"HARMONIZED","ECOTOX standardized concentration used; for metal salts ECOTOX generally expresses concentration as active ionic form.","CORE","YES",,,,,"MISSING",,,,,"MISSING",,,,,"MISSING",,,,,"MISSING","ECOTOX","E_14474","E_T1310621","E_R767804",,,,,,,,TRUE,"Not explicit",""
1315,1179974,82523,15726,"Cu","Sulfuric acid copper(2+) salt (1:1)","Tisbe holothuriae","Harpacticoida","Adult",2,"Static","Total",,80,,,"ug/L",80,"ug/L",24,,,,"Individual and Combined Toxicity of Three Heavy Metals, Cu, Cd and Cr for the Marine Copepod Tisbe holothuriae","PRIMARY_KEEP","Eligible copepod LC50 candidate",63.546,"ECOTOX_STANDARDIZED_TARGET_METAL",0.08,1.25893053850754,0.230262581584294,"HARMONIZED","ECOTOX standardized concentration used; for metal salts ECOTOX generally expresses concentration as active ionic form.","CORE","YES",24,,,"C","EXISTING_MEAN_PRESERVED",,,,,"MISSING",,,,,"MISSING",,,,,"MISSING","ECOTOX","E_15726","E_T1179974","E_R82523",,,,,,,,TRUE,"Not explicit","Lifestage=Adult"
1321,1078474,231987,6045,"Cu","Sulfuric acid copper(2+) salt (1:1)","Euchaeta marina","Calanoida",,1,"Static","Total",,188,,,"ppb",188,"ppb",17,31.5,,,"A Controlled Environmental Pollution Experiment (CEPEX) and Its Usefulness in the Study of Larger Marine Zooplankton Under Toxic Stress","PRIMARY_KEEP","Eligible copepod LC50 candidate",63.546,"ECOTOX_STANDARDIZED_TARGET_METAL",0.188,2.95848676549271,1.08467790974036,"HARMONIZED","ECOTOX standardized concentration used; for metal salts ECOTOX generally expresses concentration as active ionic form.","CORE","YES",,13,21,"C","RAW_RANGE_MIDPOINT_RECOVERED",,27,36,"0/00","RAW_RANGE_MIDPOINT_RECOVERED",,,,,"MISSING",,,,,"MISSING","ECOTOX","E_6045","E_T1078474","E_R231987",,,,,,,,TRUE,"Not explicit",""
1324,1135997,90929,11097,"Cu","Sulfuric acid copper(2+) salt (1:1)","Tisbe holothuriae","Harpacticoida",,2,"Static","Total",,447.3,,,"ug/L",447.3,"ug/L",18,38,,,"Differentiation of the Sensitivity to Copper and Cadmium in Different Life Stages of a Copepod","PRIMARY_KEEP","Eligible copepod LC50 candidate",63.546,"ECOTOX_STANDARDIZED_TARGET_METAL",0.4473,7.03899537343027,1.95146545734922,"HARMONIZED","ECOTOX standardized concentration used; for metal salts ECOTOX generally expresses concentration as active ionic form.","CORE","YES",18,,,"C","EXISTING_MEAN_PRESERVED",38,,,"0/00","EXISTING_MEAN_PRESERVED",,,,,"MISSING",,,,,"MISSING","ECOTOX","E_11097","E_T1135997","E_R90929",,,,,,,,TRUE,"Not explicit",""
1327,1078421,66949,6045,"Cu","Sulfuric acid copper(2+) salt (1:1)","Labidocera scotti","Calanoida",,1,"Static","Total",,132,,,"ppb",132,"ppb",17,31.5,,,"A Controlled Environmental Pollution Experiment (CEPEX) and Its Usefulness in the Study of Larger Marine Zooplankton Under Toxic Stress","PRIMARY_KEEP","Eligible copepod LC50 candidate",63.546,"ECOTOX_STANDARDIZED_TARGET_METAL",0.132,2.07723538853744,0.731037869496784,"HARMONIZED","ECOTOX standardized concentration used; for metal salts ECOTOX generally expresses concentration as active ionic form.","CORE","YES",,13,21,"C","RAW_RANGE_MIDPOINT_RECOVERED",,27,36,"0/00","RAW_RANGE_MIDPOINT_RECOVERED",,,,,"MISSING",,,,,"MISSING","ECOTOX","E_6045","E_T1078421","E_R66949",,,,,,,,TRUE,"Not explicit",""
1336,1135998,90930,11097,"Cu","Sulfuric acid copper(2+) salt (1:1)","Tisbe holothuriae","Harpacticoida",,2,"Static","Total",,428.1,,,"ug/L",428.1,"ug/L",18,38,,,"Differentiation of the Sensitivity to Copper and Cadmium in Different Life Stages of a Copepod","PRIMARY_KEEP","Eligible copepod LC50 candidate",63.546,"ECOTOX_STANDARDIZED_TARGET_METAL",0.4281,6.73685204418846,1.90759276006131,"HARMONIZED","ECOTOX standardized concentration used; for metal salts ECOTOX generally expresses concentration as active ionic form.","CORE","YES",18,,,"C","EXISTING_MEAN_PRESERVED",38,,,"0/00","EXISTING_MEAN_PRESERVED",,,,,"MISSING",,,,,"MISSING","ECOTOX","E_11097","E_T1135998","E_R90930",,,,,,,,TRUE,"Not explicit",""
1358,1070627,12732,5563,"Cu","Sulfuric acid copper(2+) salt (1:1)","Paracalanus parvus","Calanoida","Multiple",1,"Static","Total",,190,160,220,"ug/L",190,"ug/L",17,35,,,"Acute Toxicity of Copper, Cadmium and Zinc to Three Species of Marine Copepod","PRIMARY_KEEP","Eligible copepod LC50 candidate",63.546,"ECOTOX_STANDARDIZED_TARGET_METAL",0.19,2.9899600289554,1.0952600190709,"HARMONIZED","ECOTOX standardized concentration used; for metal salts ECOTOX generally expresses concentration as active ionic form.","CORE","YES",17,,,"C","EXISTING_MEAN_PRESERVED",,34.5,35.5,"0/00","RAW_RANGE_MIDPOINT_RECOVERED",,,,,"MISSING",,,,,"MISSING","ECOTOX","E_5563","E_T1070627","E_R12732",,,,,,,,TRUE,"Not explicit","Lifestage=Multiple"
1371,1310620,767803,14474,"Cu","Sulfuric acid copper(2+) salt (1:1)","Tisbe holothuriae","Harpacticoida",,2,"Static","Total",,0.5177,,,"mg/L",0.5177,"mg/L",,,,,"Lethal and Sublethal Effects of Some Contaminants (Heavy Metals, Oil, Dispersants) to Marine Planktonic Animals","PRIMARY_KEEP","Eligible copepod LC50 candidate",63.546,"ECOTOX_STANDARDIZED_TARGET_METAL",0.5177,8.14685424731691,2.09763187081827,"HARMONIZED","ECOTOX standardized concentration used; for metal salts ECOTOX generally expresses concentration as active ionic form.","CORE","YES",,,,,"MISSING",,,,,"MISSING",,,,,"MISSING",,,,,"MISSING","ECOTOX","E_14474","E_T1310620","E_R767803",,,,,,,,TRUE,"Not explicit",""
1374,1178108,69500,15500,"Cu","Sulfuric acid copper(2+) salt (1:1)","Tisbe holothuriae","Harpacticoida",,2,"Static","Total",,428,,,"ug/L",428,"ug/L",18,,,,"Effects of Copper Sulphate on Tisbe holothuriae Humes (Copepoda) and Development of Tolerance to Copper","PRIMARY_KEEP","Eligible copepod LC50 candidate",63.546,"ECOTOX_STANDARDIZED_TARGET_METAL",0.428,6.73527838101533,1.90735914249221,"HARMONIZED","ECOTOX standardized concentration used; for metal salts ECOTOX generally expresses concentration as active ionic form.","CORE","YES",18,,,"C","EXISTING_MEAN_PRESERVED",,,,,"MISSING",,,,,"MISSING",,,,,"MISSING","ECOTOX","E_15500","E_T1178108","E_R69500",,,,,,,,TRUE,"Not explicit",""
1375,1135995,90927,11097,"Cu","Sulfuric acid copper(2+) salt (1:1)","Tisbe holothuriae","Harpacticoida","Nauplii",2,"Static","Total",,341.5,,,"ug/L",341.5,"ug/L",18,38,,,"Differentiation of the Sensitivity to Copper and Cadmium in Different Life Stages of a Copepod","PRIMARY_KEEP","Eligible copepod LC50 candidate",63.546,"ECOTOX_STANDARDIZED_TARGET_METAL",0.3415,5.37405973625405,1.68158362592126,"HARMONIZED","ECOTOX standardized concentration used; for metal salts ECOTOX generally expresses concentration as active ionic form.","CORE","YES",18,,,"C","EXISTING_MEAN_PRESERVED",38,,,"0/00","EXISTING_MEAN_PRESERVED",,,,,"MISSING",,,,,"MISSING","ECOTOX","E_11097","E_T1135995","E_R90927",,,,,,,,TRUE,"Not explicit","Lifestage=Nauplii"
1377,1310644,767827,14474,"Cu","Sulfuric acid copper(2+) salt (1:1)","Tisbe holothuriae","Harpacticoida","Nauplii",2,"Static","Total",,0.3415,,,"mg/L",0.3415,"mg/L",,,,,"Lethal and Sublethal Effects of Some Contaminants (Heavy Metals, Oil, Dispersants) to Marine Planktonic Animals","PRIMARY_KEEP","Eligible copepod LC50 candidate",63.546,"ECOTOX_STANDARDIZED_TARGET_METAL",0.3415,5.37405973625405,1.68158362592126,"HARMONIZED","ECOTOX standardized concentration used; for metal salts ECOTOX generally expresses concentration as active ionic form.","CORE","YES",,,,,"MISSING",,,,,"MISSING",,,,,"MISSING",,,,,"MISSING","ECOTOX","E_14474","E_T1310644","E_R767827",,,,,,,,TRUE,"Not explicit","Lifestage=Nauplii"
1381,1310643,767826,14474,"Cu","Sulfuric acid copper(2+) salt (1:1)","Tisbe holothuriae","Harpacticoida","Nauplii",2,"Static","Total",,0.3142,,,"mg/L",0.3142,"mg/L",,,,,"Lethal and Sublethal Effects of Some Contaminants (Heavy Metals, Oil, Dispersants) to Marine Planktonic Animals","PRIMARY_KEEP","Eligible copepod LC50 candidate",63.546,"ECOTOX_STANDARDIZED_TARGET_METAL",0.3142,4.94444968998835,1.59826567273193,"HARMONIZED","ECOTOX standardized concentration used; for metal salts ECOTOX generally expresses concentration as active ionic form.","CORE","YES",,,,,"MISSING",,,,,"MISSING",,,,,"MISSING",,,,,"MISSING","ECOTOX","E_14474","E_T1310643","E_R767826",,,,,,,,TRUE,"Not explicit","Lifestage=Nauplii"
1383,1310622,767805,14474,"Cu","Sulfuric acid copper(2+) salt (1:1)","Tisbe holothuriae","Harpacticoida",,2,"Static","Total",,0.428,,,"mg/L",0.428,"mg/L",,,,,"Lethal and Sublethal Effects of Some Contaminants (Heavy Metals, Oil, Dispersants) to Marine Planktonic Animals","PRIMARY_KEEP","Eligible copepod LC50 candidate",63.546,"ECOTOX_STANDARDIZED_TARGET_METAL",0.428,6.73527838101533,1.90735914249221,"HARMONIZED","ECOTOX standardized concentration used; for metal salts ECOTOX generally expresses concentration as active ionic form.","CORE","YES",,,,,"MISSING",,,,,"MISSING",,,,,"MISSING",,,,,"MISSING","ECOTOX","E_14474","E_T1310622","E_R767805",,,,,,,,TRUE,"Not explicit",""
1389,1070628,12733,5563,"Cu","Sulfuric acid copper(2+) salt (1:1)","Scutellidium sp.","Harpacticoida","Multiple",1,"Static","Total",,180,120,230,"ug/L",180,"ug/L",17,35,,,"Acute Toxicity of Copper, Cadmium and Zinc to Three Species of Marine Copepod","PRIMARY_KEEP","Eligible copepod LC50 candidate",63.546,"ECOTOX_STANDARDIZED_TARGET_METAL",0.18,2.83259371164196,1.04119279780062,"HARMONIZED","ECOTOX standardized concentration used; for metal salts ECOTOX generally expresses concentration as active ionic form.","CORE","YES",17,,,"C","EXISTING_MEAN_PRESERVED",,34.5,35.5,"0/00","RAW_RANGE_MIDPOINT_RECOVERED",,,,,"MISSING",,,,,"MISSING","ECOTOX","E_5563","E_T1070628","E_R12733",,,,,,,,TRUE,"Not explicit","Lifestage=Multiple"
1394,2019866,2033704,156339,"Cu","Sulfuric acid copper(2+) salt (1:1)","Tigriopus japonicus","Harpacticoida","Adult",4,"Renewal","Total",,580,430,790,"ug/L",580,"ug/L",25,33,8.25,,"Acute Toxicities of Five Commonly Used Antifouling Booster Biocides to Selected Subtropical and Cosmopolitan Marine Species","PRIMARY_KEEP","Eligible copepod LC50 candidate",63.546,"ECOTOX_STANDARDIZED_TARGET_METAL",0.58,9.12724640417965,2.21126405045088,"HARMONIZED","ECOTOX standardized concentration used; for metal salts ECOTOX generally expresses concentration as active ionic form.","CORE","YES",25,,,"C","EXISTING_MEAN_PRESERVED",33,,,"0/00","EXISTING_MEAN_PRESERVED",,8.1,8.4,,"RAW_RANGE_MIDPOINT_RECOVERED",,,,,"MISSING","ECOTOX","E_156339","E_T2019866","E_R2033704",,,,,,,,TRUE,"Not explicit","Lifestage=Adult"
1395,1205935,171326,18833,"Cu","Sulfuric acid copper(2+) salt (1:1)","Tigriopus brevicornis","Harpacticoida","Adult",4,"Renewal","Total",,1010,,,"ug/L",1010,"ug/L",20,37,,,"Toxic Effects of Two Trace Metals, Copper and Silver, on a Crustacean Harpacticoid Copepod Tigriopus brevicornis (Muller). Lethal and Sublethal Effects at Different Development Stages (Effets Biologiques de Deux Metaux","PRIMARY_KEEP","Eligible copepod LC50 candidate",63.546,"ECOTOX_STANDARDIZED_TARGET_METAL",1.01,15.8939980486577,2.76594155674572,"HARMONIZED","ECOTOX standardized concentration used; for metal salts ECOTOX generally expresses concentration as active ionic form.","CORE","YES",20,,,"C","EXISTING_MEAN_PRESERVED",37,,,"0/00","EXISTING_MEAN_PRESERVED",,,,,"MISSING",,,,,"MISSING","ECOTOX","E_18833","E_T1205935","E_R171326",,,,,,,,TRUE,"Not explicit","Lifestage=Adult"
1396,1300800,756472,115854,"Cu","Sulfuric acid copper(2+) salt (1:1)","Tigriopus japonicus","Harpacticoida","Adult",4,"Renewal","Total",,323,,,"ug/L",323,"ug/L",23.5,32.5,,,"Copper Toxicity in the Marine Copepod Tigropus japonicus:  Low Variability and High Reproducibility of Repeated Acute and Life-Cycle Tests","PRIMARY_KEEP","Eligible copepod LC50 candidate",63.546,"ECOTOX_STANDARDIZED_TARGET_METAL",0.323,5.08293204922418,1.62588827013307,"HARMONIZED","ECOTOX standardized concentration used; for metal salts ECOTOX generally expresses concentration as active ionic form.","CORE","YES",,22,25,"C","RAW_RANGE_MIDPOINT_RECOVERED",,30,35,"0/00","RAW_RANGE_MIDPOINT_RECOVERED",,,,,"MISSING",,,,,"MISSING","ECOTOX","E_115854","E_T1300800","E_R756472",,,,,,,,TRUE,"Not explicit","Lifestage=Adult"
1397,2135201,2249958,119554,"Cu","Sulfuric acid copper(2+) salt (1:1)","Tisbe battagliai","Harpacticoida","Nauplii",2,"Static","Dissolved",,83.1,,,"ug/L",83.1,"ug/L",20,35,8.2,,"Short-Term Toxicity Tests on the Harpacticoid Copepod Tisbe battagliai:  Lethal and Reproductive Endpoints","PRIMARY_KEEP","Eligible copepod LC50 candidate",63.546,"ECOTOX_STANDARDIZED_TARGET_METAL",0.0831,1.3077140968747,0.268280648771815,"HARMONIZED","ECOTOX standardized concentration used; for metal salts ECOTOX generally expresses concentration as active ionic form.","CORE","YES",20,,,"C","EXISTING_MEAN_PRESERVED",35,,,"0/00","EXISTING_MEAN_PRESERVED",8.2,,,,"EXISTING_MEAN_PRESERVED",,,,,"MISSING","ECOTOX","E_119554","E_T2135201","E_R2249958",,,,,,,,TRUE,"Not explicit","Lifestage=Nauplii"
1398,1205933,171324,18833,"Cu","Sulfuric acid copper(2+) salt (1:1)","Tigriopus brevicornis","Harpacticoida","Copepodite",4,"Renewal","Total",,412,,,"ug/L",412,"ug/L",20,37,,,"Toxic Effects of Two Trace Metals, Copper and Silver, on a Crustacean Harpacticoid Copepod Tigriopus brevicornis (Muller). Lethal and Sublethal Effects at Different Development Stages (Effets Biologiques de Deux Metaux","PRIMARY_KEEP","Eligible copepod LC50 candidate",63.546,"ECOTOX_STANDARDIZED_TARGET_METAL",0.412,6.48349227331382,1.86925929625994,"HARMONIZED","ECOTOX standardized concentration used; for metal salts ECOTOX generally expresses concentration as active ionic form.","CORE","YES",20,,,"C","EXISTING_MEAN_PRESERVED",37,,,"0/00","EXISTING_MEAN_PRESERVED",,,,,"MISSING",,,,,"MISSING","ECOTOX","E_18833","E_T1205933","E_R171324",,,,,,,,TRUE,"Not explicit","Lifestage=Copepodite"
1399,2135202,2249960,119554,"Cu","Sulfuric acid copper(2+) salt (1:1)","Tisbe battagliai","Harpacticoida","Gestation",3,"Static","Dissolved",,157,,,"ug/L",157,"ug/L",20,35,8.2,,"Short-Term Toxicity Tests on the Harpacticoid Copepod Tisbe battagliai:  Lethal and Reproductive Endpoints","PRIMARY_KEEP","Eligible copepod LC50 candidate",63.546,"ECOTOX_STANDARDIZED_TARGET_METAL",0.157,2.47065118182104,0.904481752258721,"HARMONIZED","ECOTOX standardized concentration used; for metal salts ECOTOX generally expresses concentration as active ionic form.","CORE","YES",20,,,"C","EXISTING_MEAN_PRESERVED",35,,,"0/00","EXISTING_MEAN_PRESERVED",8.2,,,,"EXISTING_MEAN_PRESERVED",,,,,"MISSING","ECOTOX","E_119554","E_T2135202","E_R2249960",,,,,,,,TRUE,"Not explicit","Lifestage=Gestation"
1408,1300793,756465,115854,"Cu","Sulfuric acid copper(2+) salt (1:1)","Tigriopus japonicus","Harpacticoida","Adult",4,"Aquatic, unspecified","Total",,,1000,1100,"ug/L",1.045558,"mg/L",25,33,8.25,,"Copper Toxicity in the Marine Copepod Tigropus japonicus:  Low Variability and High Reproducibility of Repeated Acute and Life-Cycle Tests","PRIMARY_RECOVERED","Kwok recovered via Heuschele supplement",63.546,"SOURCE_RECOVERED_TARGET_METAL",1.045558,16.4535611997608,2.80054194008925,"HARMONIZED","Source-recovered point estimate retained, then converted on the target-metal scale.","CORE","YES",25,,,"C","EXISTING_MEAN_PRESERVED",33,,,"0/00","EXISTING_MEAN_PRESERVED",,8.1,8.4,,"RAW_RANGE_MIDPOINT_RECOVERED",,,,,"MISSING","ECOTOX","E_115854","E_T1300793","E_R756465",,,,,,,,TRUE,"Not explicit","Lifestage=Adult"
1409,1301479,757358,115854,"Cu","Sulfuric acid copper(2+) salt (1:1)","Tigriopus japonicus","Harpacticoida","Adult",4,"Renewal","Total",,,400,600,"ug/L",0.473573,"mg/L",23.5,32.5,,,"Copper Toxicity in the Marine Copepod Tigropus japonicus:  Low Variability and High Reproducibility of Repeated Acute and Life-Cycle Tests","PRIMARY_RECOVERED","Kwok recovered via Heuschele supplement",63.546,"SOURCE_RECOVERED_TARGET_METAL",0.473573,7.45244389890788,2.00854201871993,"HARMONIZED","Source-recovered point estimate retained, then converted on the target-metal scale.","CORE","YES",,22,25,"C","RAW_RANGE_MIDPOINT_RECOVERED",,30,35,"0/00","RAW_RANGE_MIDPOINT_RECOVERED",,,,,"MISSING",,,,,"MISSING","ECOTOX","E_115854","E_T1301479","E_R757358",,,,,,,,TRUE,"Not explicit","Lifestage=Adult"
1411,1296798,752112,111315,"Cu","Sulfuric acid copper(2+) salt (1:1)","Tigriopus japonicus","Harpacticoida","Adult",4,"Renewal","Total",,3.9,2.6,5.87,"mg/L",3.9,"mg/L",20,32,7.9,,"Acute Toxicities of Trace Metals and Common Xenobiotics to the Marine Copepod Tigriopus japonicus:  Evaluation of Its Use as a Benchmark Species for Routine Ecotoxicity Tests in Western Pacific Coastal Regions","PRIMARY_KEEP","Eligible copepod LC50 candidate",63.546,"ECOTOX_STANDARDIZED_TARGET_METAL",3.9,61.3728637522425,4.11696777902815,"HARMONIZED","ECOTOX standardized concentration used; for metal salts ECOTOX generally expresses concentration as active ionic form.","CORE","YES",20,,,"C","EXISTING_MEAN_PRESERVED",32,,,"0/00","EXISTING_MEAN_PRESERVED",7.9,,,,"EXISTING_MEAN_PRESERVED",,,,,"MISSING","ECOTOX","E_111315","E_T1296798","E_R752112",,,,,,,,TRUE,"Not explicit","Lifestage=Adult"
1415,1300801,756473,115854,"Cu","Sulfuric acid copper(2+) salt (1:1)","Tigriopus japonicus","Harpacticoida","Adult",4,"Renewal","Total","~",800,,,"ug/L",0.799154,"mg/L",23.5,32.5,,,"Copper Toxicity in the Marine Copepod Tigropus japonicus:  Low Variability and High Reproducibility of Repeated Acute and Life-Cycle Tests","PRIMARY_RECOVERED","Kwok recovered via Heuschele supplement",63.546,"SOURCE_RECOVERED_TARGET_METAL",0.799154,12.5759921946307,2.5317896150307,"HARMONIZED","Source-recovered point estimate retained, then converted on the target-metal scale.","CORE","YES",,22,25,"C","RAW_RANGE_MIDPOINT_RECOVERED",,30,35,"0/00","RAW_RANGE_MIDPOINT_RECOVERED",,,,,"MISSING",,,,,"MISSING","ECOTOX","E_115854","E_T1300801","E_R756473",,,,,,,,TRUE,"Not explicit","Lifestage=Adult"
1416,1300806,756479,115854,"Cu","Sulfuric acid copper(2+) salt (1:1)","Tigriopus japonicus","Harpacticoida","Adult",4,"Renewal","Total",,,200,400,"ug/L",0.392178,"mg/L",23.5,32.5,,,"Copper Toxicity in the Marine Copepod Tigropus japonicus:  Low Variability and High Reproducibility of Repeated Acute and Life-Cycle Tests","PRIMARY_RECOVERED","Kwok recovered via Heuschele supplement",63.546,"SOURCE_RECOVERED_TARGET_METAL",0.392178,6.17156075913512,1.81995176526966,"HARMONIZED","Source-recovered point estimate retained, then converted on the target-metal scale.","CORE","YES",,22,25,"C","RAW_RANGE_MIDPOINT_RECOVERED",,30,35,"0/00","RAW_RANGE_MIDPOINT_RECOVERED",,,,,"MISSING",,,,,"MISSING","ECOTOX","E_115854","E_T1300806","E_R756479",,,,,,,,TRUE,"Not explicit","Lifestage=Adult"
1418,1312278,769701,111599,"Cu","Sulfuric acid copper(2+) salt (1:1)","Tigriopus japonicus","Harpacticoida","Adult",4,"Renewal","Total",,1024,,,"ug/L",1024,"ug/L",25,34.5,8,,"Toxicity of Antifouling Biocides to the Intertidal Harpacticoid Copepod Tigriopus japonicus (Crustacea, Copepoda):  Effects of Temperature and Salinity","PRIMARY_KEEP","Eligible copepod LC50 candidate",63.546,"ECOTOX_STANDARDIZED_TARGET_METAL",1.024,16.1143108928965,2.77970775250987,"HARMONIZED","ECOTOX standardized concentration used; for metal salts ECOTOX generally expresses concentration as active ionic form.","CORE","YES",25,,,"C","EXISTING_MEAN_PRESERVED",34.5,,,"0/00","EXISTING_MEAN_PRESERVED",,7.8,8.2,,"RAW_RANGE_MIDPOINT_RECOVERED",,,,,"MISSING","ECOTOX","E_111599","E_T1312278","E_R769701",,,,,,,,TRUE,"Not explicit","Lifestage=Adult"
1419,1310608,767790,14474,"Cu","Sulfuric acid copper(2+) salt (1:1)","Acartia clausi","Calanoida",,2,"Static","Total",,0.034,,,"mg/L",0.034,"mg/L",,,,,"Lethal and Sublethal Effects of Some Contaminants (Heavy Metals, Oil, Dispersants) to Marine Planktonic Animals","PRIMARY_KEEP","Eligible copepod LC50 candidate",63.546,"ECOTOX_STANDARDIZED_TARGET_METAL",0.034,0.535045478865704,-0.625403528473426,"HARMONIZED","ECOTOX standardized concentration used; for metal salts ECOTOX generally expresses concentration as active ionic form.","CORE","YES",,,,,"MISSING",,,,,"MISSING",,,,,"MISSING",,,,,"MISSING","ECOTOX","E_14474","E_T1310608","E_R767790",,,,,,,,TRUE,"Not explicit",""
1421,1205932,171323,18833,"Cu","Sulfuric acid copper(2+) salt (1:1)","Tigriopus brevicornis","Harpacticoida","Nauplii",4,"Renewal","Total",,308,,,"ug/L",308,"ug/L",20,37,,,"Toxic Effects of Two Trace Metals, Copper and Silver, on a Crustacean Harpacticoid Copepod Tigriopus brevicornis (Muller). Lethal and Sublethal Effects at Different Development Stages (Effets Biologiques de Deux Metaux","PRIMARY_KEEP","Eligible copepod LC50 candidate",63.546,"ECOTOX_STANDARDIZED_TARGET_METAL",0.308,4.84688257325402,1.57833572988399,"HARMONIZED","ECOTOX standardized concentration used; for metal salts ECOTOX generally expresses concentration as active ionic form.","CORE","YES",20,,,"C","EXISTING_MEAN_PRESERVED",37,,,"0/00","EXISTING_MEAN_PRESERVED",,,,,"MISSING",,,,,"MISSING","ECOTOX","E_18833","E_T1205932","E_R171323",,,,,,,,TRUE,"Not explicit","Lifestage=Nauplii"
1428,1078465,231978,6045,"Cu","Sulfuric acid copper(2+) salt (1:1)","Acartia tonsa","Calanoida",,1,"Static","Total",,300,,,"ppb",300,"ppb",21,36,,,"A Controlled Environmental Pollution Experiment (CEPEX) and Its Usefulness in the Study of Larger Marine Zooplankton Under Toxic Stress","PRIMARY_KEEP","Eligible copepod LC50 candidate",63.546,"ECOTOX_STANDARDIZED_TARGET_METAL",0.3,4.72098951940327,1.55201842156661,"HARMONIZED","ECOTOX standardized concentration used; for metal salts ECOTOX generally expresses concentration as active ionic form.","CORE","YES",,20,22,"C","RAW_RANGE_MIDPOINT_RECOVERED",36,,,"0/00","EXISTING_MEAN_PRESERVED",,,,,"MISSING",,,,,"MISSING","ECOTOX","E_6045","E_T1078465","E_R231978",,,,,,,,TRUE,"Not explicit",""
1430,2148405,2283209,156333,"Cu","Sulfuric acid copper(2+) salt (1:1)","Nitocra spinipes","Harpacticoida","Adult",4,"Aquatic, unspecified","Dissolved",,350,,,"ug/L",350,"ug/L",21,30,,,"An Assessment of Three Harpacticoid Copepod Species for Use in Ecotoxicological Testing","PRIMARY_KEEP","Eligible copepod LC50 candidate",63.546,"ECOTOX_STANDARDIZED_TARGET_METAL",0.35,5.50782110597048,1.70616910139387,"HARMONIZED","ECOTOX standardized concentration used; for metal salts ECOTOX generally expresses concentration as active ionic form.","CORE","YES",21,,,"C","EXISTING_MEAN_PRESERVED",30,,,"PSU","EXISTING_MEAN_PRESERVED",,,,,"MISSING",,,,,"MISSING","ECOTOX","E_156333","E_T2148405","E_R2283209",,,,,,,,TRUE,"Not explicit","Lifestage=Adult"
1431,2148402,2283207,156333,"Cu","Sulfuric acid copper(2+) salt (1:1)","Nitocra spinipes","Harpacticoida","Adult",3,"Aquatic, unspecified","Dissolved",,323,,,"ug/L",323,"ug/L",21,30,,,"An Assessment of Three Harpacticoid Copepod Species for Use in Ecotoxicological Testing","PRIMARY_KEEP","Eligible copepod LC50 candidate",63.546,"ECOTOX_STANDARDIZED_TARGET_METAL",0.323,5.08293204922418,1.62588827013307,"HARMONIZED","ECOTOX standardized concentration used; for metal salts ECOTOX generally expresses concentration as active ionic form.","CORE","YES",21,,,"C","EXISTING_MEAN_PRESERVED",30,,,"PSU","EXISTING_MEAN_PRESERVED",,,,,"MISSING",,,,,"MISSING","ECOTOX","E_156333","E_T2148402","E_R2283207",,,,,,,,TRUE,"Not explicit","Lifestage=Adult"
1433,1205934,171325,18833,"Cu","Sulfuric acid copper(2+) salt (1:1)","Tigriopus brevicornis","Harpacticoida","Adult",4,"Renewal","Total",,790,,,"ug/L",790,"ug/L",20,37,,,"Toxic Effects of Two Trace Metals, Copper and Silver, on a Crustacean Harpacticoid Copepod Tigriopus brevicornis (Muller). Lethal and Sublethal Effects at Different Development Stages (Effets Biologiques de Deux Metaux","PRIMARY_KEEP","Eligible copepod LC50 candidate",63.546,"ECOTOX_STANDARDIZED_TARGET_METAL",0.79,12.4319390677619,2.52026889237148,"HARMONIZED","ECOTOX standardized concentration used; for metal salts ECOTOX generally expresses concentration as active ionic form.","CORE","YES",20,,,"C","EXISTING_MEAN_PRESERVED",37,,,"0/00","EXISTING_MEAN_PRESERVED",,,,,"MISSING",,,,,"MISSING","ECOTOX","E_18833","E_T1205934","E_R171325",,,,,,,,TRUE,"Not explicit","Lifestage=Adult"
1439,1300799,756471,115854,"Cu","Sulfuric acid copper(2+) salt (1:1)","Tigriopus japonicus","Harpacticoida","Adult",4,"Renewal","Total",,,400,600,"ug/L",0.430655,"mg/L",23.5,32.5,,,"Copper Toxicity in the Marine Copepod Tigropus japonicus:  Low Variability and High Reproducibility of Repeated Acute and Life-Cycle Tests","PRIMARY_RECOVERED","Kwok recovered via Heuschele supplement",63.546,"SOURCE_RECOVERED_TARGET_METAL",0.430655,6.77705913826205,1.91354325243463,"HARMONIZED","Source-recovered point estimate retained, then converted on the target-metal scale.","CORE","YES",,22,25,"C","RAW_RANGE_MIDPOINT_RECOVERED",,30,35,"0/00","RAW_RANGE_MIDPOINT_RECOVERED",,,,,"MISSING",,,,,"MISSING","ECOTOX","E_115854","E_T1300799","E_R756471",,,,,,,,TRUE,"Not explicit","Lifestage=Adult"
1442,1300788,756460,115854,"Cu","Sulfuric acid copper(2+) salt (1:1)","Tigriopus japonicus","Harpacticoida","Adult",4,"Renewal","Total",,585,,,"ug/L",585,"ug/L",23.5,32.5,,,"Copper Toxicity in the Marine Copepod Tigropus japonicus:  Low Variability and High Reproducibility of Repeated Acute and Life-Cycle Tests","PRIMARY_KEEP","Eligible copepod LC50 candidate",63.546,"ECOTOX_STANDARDIZED_TARGET_METAL",0.585,9.20592956283637,2.21984779414227,"HARMONIZED","ECOTOX standardized concentration used; for metal salts ECOTOX generally expresses concentration as active ionic form.","CORE","YES",,22,25,"C","RAW_RANGE_MIDPOINT_RECOVERED",,30,35,"0/00","RAW_RANGE_MIDPOINT_RECOVERED",,,,,"MISSING",,,,,"MISSING","ECOTOX","E_115854","E_T1300788","E_R756460",,,,,,,,TRUE,"Not explicit","Lifestage=Adult"
1445,1310606,767787,14474,"Cu","Sulfuric acid copper(2+) salt (1:1)","Acartia clausi","Calanoida",,2,"Static","Total",,0.082,,,"mg/L",0.082,"mg/L",,,,,"Lethal and Sublethal Effects of Some Contaminants (Heavy Metals, Oil, Dispersants) to Marine Planktonic Animals","PRIMARY_KEEP","Eligible copepod LC50 candidate",63.546,"ECOTOX_STANDARDIZED_TARGET_METAL",0.082,1.29040380197023,0.254955194174666,"HARMONIZED","ECOTOX standardized concentration used; for metal salts ECOTOX generally expresses concentration as active ionic form.","CORE","YES",,,,,"MISSING",,,,,"MISSING",,,,,"MISSING",,,,,"MISSING","ECOTOX","E_14474","E_T1310606","E_R767787",,,,,,,,TRUE,"Not explicit",""
1446,2145987,2276128,169694,"Cu","Sulfuric acid copper(2+) salt (1:1)","Tigriopus japonicus","Harpacticoida","Adult",4,"Static","Dissolved",,32.75,31.85,33.68,"mg/L",32.75,"mg/L",20,35,8.65,,"Effect of Salinity on Acute Copper and Zinc Toxicity to Tigriopus japonicus: The Difference Between Metal Ions and Nanoparticles","PRIMARY_KEEP","Eligible copepod LC50 candidate",63.546,"ECOTOX_STANDARDIZED_TARGET_METAL",32.75,515.374689201523,6.24489418797381,"HARMONIZED","ECOTOX standardized concentration used; for metal salts ECOTOX generally expresses concentration as active ionic form.","CORE","YES",20,,,"C","EXISTING_MEAN_PRESERVED",35,,,"0/00","EXISTING_MEAN_PRESERVED",8.65,,,,"EXISTING_MEAN_PRESERVED",,,,,"MISSING","ECOTOX","E_169694","E_T2145987","E_R2276128",,,,,,,,TRUE,"Not explicit","Lifestage=Adult"
1447,2140455,2262926,166160,"Cu","Sulfuric acid copper(2+) salt (1:1)","Tigriopus japonicus","Harpacticoida","Adult",4,"Renewal","Total",,330,280,390,"ug/L",330,"ug/L",25,33,8.25,,"Acute and Chronic Toxicities of Irgarol Alone and in Combination with Copper to the Marine Copepod Tigriopus japonicus","PRIMARY_KEEP","Eligible copepod LC50 candidate",63.546,"ECOTOX_STANDARDIZED_TARGET_METAL",0.33,5.19308847134359,1.64732860137094,"HARMONIZED","ECOTOX standardized concentration used; for metal salts ECOTOX generally expresses concentration as active ionic form.","CORE","YES",25,,,"C","EXISTING_MEAN_PRESERVED",33,,,"0/00","EXISTING_MEAN_PRESERVED",,8.1,8.4,,"RAW_RANGE_MIDPOINT_RECOVERED",,,,,"MISSING","ECOTOX","E_166160","E_T2140455","E_R2262926",,,,,,,,TRUE,"Not explicit","Lifestage=Adult"
1451,2140455,2262925,166160,"Cu","Sulfuric acid copper(2+) salt (1:1)","Tigriopus japonicus","Harpacticoida","Adult",3,"Renewal","Total",,590,510,690,"ug/L",590,"ug/L",25,33,8.25,,"Acute and Chronic Toxicities of Irgarol Alone and in Combination with Copper to the Marine Copepod Tigriopus japonicus","PRIMARY_KEEP","Eligible copepod LC50 candidate",63.546,"ECOTOX_STANDARDIZED_TARGET_METAL",0.59,9.28461272149309,2.22835848381018,"HARMONIZED","ECOTOX standardized concentration used; for metal salts ECOTOX generally expresses concentration as active ionic form.","CORE","YES",25,,,"C","EXISTING_MEAN_PRESERVED",33,,,"0/00","EXISTING_MEAN_PRESERVED",,8.1,8.4,,"RAW_RANGE_MIDPOINT_RECOVERED",,,,,"MISSING","ECOTOX","E_166160","E_T2140455","E_R2262925",,,,,,,,TRUE,"Not explicit","Lifestage=Adult"
1453,2135202,2249959,119554,"Cu","Sulfuric acid copper(2+) salt (1:1)","Tisbe battagliai","Harpacticoida","Gestation",2,"Static","Dissolved",,256,,,"ug/L",256,"ug/L",20,35,8.2,,"Short-Term Toxicity Tests on the Harpacticoid Copepod Tisbe battagliai:  Lethal and Reproductive Endpoints","PRIMARY_KEEP","Eligible copepod LC50 candidate",63.546,"ECOTOX_STANDARDIZED_TARGET_METAL",0.256,4.02857772322412,1.39341339138998,"HARMONIZED","ECOTOX standardized concentration used; for metal salts ECOTOX generally expresses concentration as active ionic form.","CORE","YES",20,,,"C","EXISTING_MEAN_PRESERVED",35,,,"0/00","EXISTING_MEAN_PRESERVED",8.2,,,,"EXISTING_MEAN_PRESERVED",,,,,"MISSING","ECOTOX","E_119554","E_T2135202","E_R2249959",,,,,,,,TRUE,"Not explicit","Lifestage=Gestation"
1475,1053588,126384,3740,"Ag","Nitric acid silver (1+) salt (1:1)","Acartia tonsa","Calanoida",,4,"Static","Total",,30.9,22.3,46.7,"ug/L",30.9,"ug/L",22,28,,,"Results: Interlaboratory Comparison - Acute Toxicity Tests Using Estuarine Animals","PRIMARY_KEEP","Eligible copepod LC50 candidate",107.8682,"ECOTOX_STANDARDIZED_TARGET_METAL",0.0309,0.286460699260765,-1.25015392759184,"HARMONIZED","ECOTOX standardized concentration used; for metal salts ECOTOX generally expresses concentration as active ionic form.","SECONDARY","NO",22,,,"C","EXISTING_MEAN_PRESERVED",28,,,"0/00","EXISTING_MEAN_PRESERVED",,,,,"MISSING",,,,,"MISSING","ECOTOX","E_3740","E_T1053588","E_R126384",,,,,,,,TRUE,"Not explicit",""
1478,1053718,194909,3751,"Ag","Nitric acid silver (1+) salt (1:1)","Acartia tonsa","Calanoida","Adult",4,"Static","Total",,36.3,21.8,102,"ug/L",36.3,"ug/L",20,30,,,"Unpublished Laboratory Data","PRIMARY_KEEP","Eligible copepod LC50 candidate",107.8682,"ECOTOX_STANDARDIZED_TARGET_METAL",0.0363,0.336521792335461,-1.08909237022473,"HARMONIZED","ECOTOX standardized concentration used; for metal salts ECOTOX generally expresses concentration as active ionic form.","SECONDARY","NO",20,,,"C","EXISTING_MEAN_PRESERVED",30,,,"0/00","EXISTING_MEAN_PRESERVED",,,,,"MISSING",,,,,"MISSING","ECOTOX","E_3751","E_T1053718","E_R194909",,,,,,,,TRUE,"Not explicit","Lifestage=Adult"
1479,1054942,134343,3825,"Ag","Nitric acid silver (1+) salt (1:1)","Acartia clausi","Calanoida","Adult",4,"Static","Total",,43,,,"ug/L",43,"ug/L",8,30,,,"Results of Acute Toxicity Tests Conducted with Silver at ERL, Narragansett","PRIMARY_KEEP","Eligible copepod LC50 candidate",107.8682,"ECOTOX_STANDARDIZED_TARGET_METAL",0.043,0.398634630039252,-0.919709995801977,"HARMONIZED","ECOTOX standardized concentration used; for metal salts ECOTOX generally expresses concentration as active ionic form.","SECONDARY","NO",8,,,"C","EXISTING_MEAN_PRESERVED",30,,,"0/00","EXISTING_MEAN_PRESERVED",,,,,"MISSING",,,,,"MISSING","ECOTOX","E_3825","E_T1054942","E_R134343",,,,,,,,TRUE,"Not explicit","Lifestage=Adult"
1485,1205927,171318,18833,"Ag","Nitric acid silver (1+) salt (1:1)","Tigriopus brevicornis","Harpacticoida","Copepodite",4,"Renewal","Total",,55.66,,,"ug/L",55.66,"ug/L",20,37,,,"Toxic Effects of Two Trace Metals, Copper and Silver, on a Crustacean Harpacticoid Copepod Tigriopus brevicornis (Muller). Lethal and Sublethal Effects at Different Development Stages (Effets Biologiques de Deux Metaux","PRIMARY_KEEP","Eligible copepod LC50 candidate",107.8682,"ECOTOX_STANDARDIZED_TARGET_METAL",0.05566,0.51600008158104,-0.661648355397795,"HARMONIZED","ECOTOX standardized concentration used; for metal salts ECOTOX generally expresses concentration as active ionic form.","SECONDARY","NO",20,,,"C","EXISTING_MEAN_PRESERVED",37,,,"0/00","EXISTING_MEAN_PRESERVED",,,,,"MISSING",,,,,"MISSING","ECOTOX","E_18833","E_T1205927","E_R171318",,,,,,,,TRUE,"Not explicit","Lifestage=Copepodite"
1491,1205928,171319,18833,"Ag","Nitric acid silver (1+) salt (1:1)","Tigriopus brevicornis","Harpacticoida","Adult",4,"Renewal","Total",,120.81,,,"ug/L",120.81,"ug/L",20,37,,,"Toxic Effects of Two Trace Metals, Copper and Silver, on a Crustacean Harpacticoid Copepod Tigriopus brevicornis (Muller). Lethal and Sublethal Effects at Different Development Stages (Effets Biologiques de Deux Metaux","PRIMARY_KEEP","Eligible copepod LC50 candidate",107.8682,"ECOTOX_STANDARDIZED_TARGET_METAL",0.12081,1.11997789895446,0.113308952035933,"HARMONIZED","ECOTOX standardized concentration used; for metal salts ECOTOX generally expresses concentration as active ionic form.","SECONDARY","NO",20,,,"C","EXISTING_MEAN_PRESERVED",37,,,"0/00","EXISTING_MEAN_PRESERVED",,,,,"MISSING",,,,,"MISSING","ECOTOX","E_18833","E_T1205928","E_R171319",,,,,,,,TRUE,"Not explicit","Lifestage=Adult"
1493,1205926,171317,18833,"Ag","Nitric acid silver (1+) salt (1:1)","Tigriopus brevicornis","Harpacticoida","Nauplii",4,"Renewal","Total",,36.37,,,"ug/L",36.37,"ug/L",20,37,,,"Toxic Effects of Two Trace Metals, Copper and Silver, on a Crustacean Harpacticoid Copepod Tigriopus brevicornis (Muller). Lethal and Sublethal Effects at Different Development Stages (Effets Biologiques de Deux Metaux","PRIMARY_KEEP","Eligible copepod LC50 candidate",107.8682,"ECOTOX_STANDARDIZED_TARGET_METAL",0.03637,0.337170732430874,-1.08716585249664,"HARMONIZED","ECOTOX standardized concentration used; for metal salts ECOTOX generally expresses concentration as active ionic form.","SECONDARY","NO",20,,,"C","EXISTING_MEAN_PRESERVED",37,,,"0/00","EXISTING_MEAN_PRESERVED",,,,,"MISSING",,,,,"MISSING","ECOTOX","E_18833","E_T1205926","E_R171317",,,,,,,,TRUE,"Not explicit","Lifestage=Nauplii"
1495,1285255,739335,76315,"Ag","Nitric acid silver (1+) salt (1:1)","Tigriopus brevicornis","Harpacticoida","Adult",4,"Renewal","Total",,95,,,"ug/L",95,"ug/L",20,34.5,8.2,,"Impact of Dissolved and Particulate Organic Carbon on the Bioavailability of the Trace Metals Silver and Mercury for the Harpacticoid Copepod Tigriopus brevicornis","PRIMARY_KEEP","Eligible copepod LC50 candidate",107.8682,"ECOTOX_STANDARDIZED_TARGET_METAL",0.095,0.880704415202998,-0.127033219894999,"HARMONIZED","ECOTOX standardized concentration used; for metal salts ECOTOX generally expresses concentration as active ionic form.","SECONDARY","NO",20,,,"C","EXISTING_MEAN_PRESERVED",34.5,,,"0/00","EXISTING_MEAN_PRESERVED",8.2,,,,"EXISTING_MEAN_PRESERVED",,,,,"MISSING","ECOTOX","E_76315","E_T1285255","E_R739335",,,,,,,,TRUE,"Not explicit","Lifestage=Adult"
1497,1054943,134344,3825,"Ag","Nitric acid silver (1+) salt (1:1)","Acartia tonsa","Calanoida","Adult",4,"Static","Total",,36.3,,,"ug/L",36.3,"ug/L",20,,,,"Results of Acute Toxicity Tests Conducted with Silver at ERL, Narragansett","PRIMARY_KEEP","Eligible copepod LC50 candidate",107.8682,"ECOTOX_STANDARDIZED_TARGET_METAL",0.0363,0.336521792335461,-1.08909237022473,"HARMONIZED","ECOTOX standardized concentration used; for metal salts ECOTOX generally expresses concentration as active ionic form.","SECONDARY","NO",20,,,"C","EXISTING_MEAN_PRESERVED",,,,,"MISSING",,,,,"MISSING",,,,,"MISSING","ECOTOX","E_3825","E_T1054943","E_R134344",,,,,,,,TRUE,"Not explicit","Lifestage=Adult"
1501,1053591,126387,3740,"Ag","Nitric acid silver (1+) salt (1:1)","Acartia tonsa","Calanoida",,4,"Static","Total",,23.5,17.2,29.6,"ug/L",23.5,"ug/L",22,28,,,"Results: Interlaboratory Comparison - Acute Toxicity Tests Using Estuarine Animals","PRIMARY_KEEP","Eligible copepod LC50 candidate",107.8682,"ECOTOX_STANDARDIZED_TARGET_METAL",0.0235,0.217858460602847,-1.52390969034543,"HARMONIZED","ECOTOX standardized concentration used; for metal salts ECOTOX generally expresses concentration as active ionic form.","SECONDARY","NO",22,,,"C","EXISTING_MEAN_PRESERVED",28,,,"0/00","EXISTING_MEAN_PRESERVED",,,,,"MISSING",,,,,"MISSING","ECOTOX","E_3740","E_T1053591","E_R126387",,,,,,,,TRUE,"Not explicit",""
1503,1053592,126388,3740,"Ag","Nitric acid silver (1+) salt (1:1)","Acartia tonsa","Calanoida",,4,"Static","Total",,36.4,29.4,45.8,"ug/L",36.4,"ug/L",22,28,,,"Results: Interlaboratory Comparison - Acute Toxicity Tests Using Estuarine Animals","PRIMARY_KEEP","Eligible copepod LC50 candidate",107.8682,"ECOTOX_STANDARDIZED_TARGET_METAL",0.0364,0.337448849614622,-1.08634133685284,"HARMONIZED","ECOTOX standardized concentration used; for metal salts ECOTOX generally expresses concentration as active ionic form.","SECONDARY","NO",22,,,"C","EXISTING_MEAN_PRESERVED",28,,,"0/00","EXISTING_MEAN_PRESERVED",,,,,"MISSING",,,,,"MISSING","ECOTOX","E_3740","E_T1053592","E_R126388",,,,,,,,TRUE,"Not explicit",""
1506,1326414,785777,107127,"Ag","Nitric acid silver (1+) salt (1:1)","Tigriopus japonicus","Harpacticoida","Adult",4,"Renewal","Total",,0.024,0.022,0.028,"mg/L",0.024,"mg/L",20,32,,,"Expression of Glutathione S-Transferase (GST) Genes in the Marine Copepod Tigriopus japonicus Exposed to Trace Metals","PRIMARY_KEEP","Eligible copepod LC50 candidate",107.8682,"ECOTOX_STANDARDIZED_TARGET_METAL",0.024,0.222493746998652,-1.50285628114759,"HARMONIZED","ECOTOX standardized concentration used; for metal salts ECOTOX generally expresses concentration as active ionic form.","SECONDARY","NO",20,,,"C","EXISTING_MEAN_PRESERVED",32,,,"0/00","EXISTING_MEAN_PRESERVED",,,,,"MISSING",,,,,"MISSING","ECOTOX","E_107127","E_T1326414","E_R785777",,,,,,,,TRUE,"Not explicit","Lifestage=Adult"
1510,1205929,171320,18833,"Ag","Nitric acid silver (1+) salt (1:1)","Tigriopus brevicornis","Harpacticoida","Adult",4,"Renewal","Total",,159,,,"ug/L",159,"ug/L",20,37,,,"Toxic Effects of Two Trace Metals, Copper and Silver, on a Crustacean Harpacticoid Copepod Tigriopus brevicornis (Muller). Lethal and Sublethal Effects at Different Development Stages (Effets Biologiques de Deux Metaux","PRIMARY_KEEP","Eligible copepod LC50 candidate",107.8682,"ECOTOX_STANDARDIZED_TARGET_METAL",0.159,1.47402107386607,0.387994090724692,"HARMONIZED","ECOTOX standardized concentration used; for metal salts ECOTOX generally expresses concentration as active ionic form.","SECONDARY","NO",20,,,"C","EXISTING_MEAN_PRESERVED",37,,,"0/00","EXISTING_MEAN_PRESERVED",,,,,"MISSING",,,,,"MISSING","ECOTOX","E_18833","E_T1205929","E_R171320",,,,,,,,TRUE,"Not explicit","Lifestage=Adult"
1511,1053590,126386,3740,"Ag","Nitric acid silver (1+) salt (1:1)","Acartia tonsa","Calanoida",,4,"Static","Total",,35.8,30.5,41.6,"ug/L",35.8,"ug/L",22,28,,,"Results: Interlaboratory Comparison - Acute Toxicity Tests Using Estuarine Animals","PRIMARY_KEEP","Eligible copepod LC50 candidate",107.8682,"ECOTOX_STANDARDIZED_TARGET_METAL",0.0358,0.331886505939656,-1.10296221808889,"HARMONIZED","ECOTOX standardized concentration used; for metal salts ECOTOX generally expresses concentration as active ionic form.","SECONDARY","NO",22,,,"C","EXISTING_MEAN_PRESERVED",28,,,"0/00","EXISTING_MEAN_PRESERVED",,,,,"MISSING",,,,,"MISSING","ECOTOX","E_3740","E_T1053590","E_R126386",,,,,,,,TRUE,"Not explicit",""
1512,1053589,126385,3740,"Ag","Nitric acid silver (1+) salt (1:1)","Acartia tonsa","Calanoida",,4,"Static","Total",,66,59,74,"ug/L",66,"ug/L",22,28,,,"Results: Interlaboratory Comparison - Acute Toxicity Tests Using Estuarine Animals","PRIMARY_KEEP","Eligible copepod LC50 candidate",107.8682,"ECOTOX_STANDARDIZED_TARGET_METAL",0.066,0.611857804246293,-0.491255369469114,"HARMONIZED","ECOTOX standardized concentration used; for metal salts ECOTOX generally expresses concentration as active ionic form.","SECONDARY","NO",22,,,"C","EXISTING_MEAN_PRESERVED",28,,,"0/00","EXISTING_MEAN_PRESERVED",,,,,"MISSING",,,,,"MISSING","ECOTOX","E_3740","E_T1053589","E_R126385",,,,,,,,TRUE,"Not explicit",""
1513,1054976,220863,3825,"Ag","Nitric acid silver (1+) salt (1:1)","Acartia tonsa","Calanoida","Adult",4,"Static","Total",,36.3,21.8,102,"ppb",36.3,"ppb",20,30,,,"Results of Acute Toxicity Tests Conducted with Silver at ERL, Narragansett","PRIMARY_KEEP","Eligible copepod LC50 candidate",107.8682,"ECOTOX_STANDARDIZED_TARGET_METAL",0.0363,0.336521792335461,-1.08909237022473,"HARMONIZED","ECOTOX standardized concentration used; for metal salts ECOTOX generally expresses concentration as active ionic form.","SECONDARY","NO",20,,,"C","EXISTING_MEAN_PRESERVED",30,,,"0/00","EXISTING_MEAN_PRESERVED",,,,,"MISSING",,,,,"MISSING","ECOTOX","E_3825","E_T1054976","E_R220863",,,,,,,,TRUE,"Not explicit","Lifestage=Adult"
1523,2114337,2208951,52250,"Cr","Chromic acid (H2CrO4), Disodium salt","Tisbe holothuriae","Harpacticoida","Sexually mature",2,"Static","Total",,9.6,7.047,13.497,"ppm",9.6,"ppm",19,38,,,"Influence of Life-History Adaptations on the Fidelity of Laboratory Bioassays for the Impact of Heavy Metals (Co2+ and Cr6+) on Tolerance and Population Dynamics of Tisbe holothuriae","PRIMARY_KEEP","Eligible copepod LC50 candidate",51.9961,"PENDING_SOURCE_BASIS",,,,"PENDING_CR_SOURCE_BASIS","Cr(VI) chromate/dichromate rows are retained but molar conversion is held until source-specific compound-vs-ion basis is resolved.","SECONDARY","NO",19,,,"C","EXISTING_MEAN_PRESERVED",38,,,"0/00","EXISTING_MEAN_PRESERVED",,,,,"MISSING",,,,,"MISSING","ECOTOX","E_52250","E_T2114337","E_R2208951",,,,,,,,FALSE,"Not explicit","Lifestage=Sexually mature"
1525,2114334,2208948,52250,"Cr","Chromic acid (H2CrO4), Disodium salt","Tisbe holothuriae","Harpacticoida","Sexually mature",2,"Static","Total",,2.837,1.07,4.224,"ppm",2.837,"ppm",19,38,,,"Influence of Life-History Adaptations on the Fidelity of Laboratory Bioassays for the Impact of Heavy Metals (Co2+ and Cr6+) on Tolerance and Population Dynamics of Tisbe holothuriae","PRIMARY_KEEP","Eligible copepod LC50 candidate",51.9961,"PENDING_SOURCE_BASIS",,,,"PENDING_CR_SOURCE_BASIS","Cr(VI) chromate/dichromate rows are retained but molar conversion is held until source-specific compound-vs-ion basis is resolved.","SECONDARY","NO",19,,,"C","EXISTING_MEAN_PRESERVED",38,,,"0/00","EXISTING_MEAN_PRESERVED",,,,,"MISSING",,,,,"MISSING","ECOTOX","E_52250","E_T2114334","E_R2208948",,,,,,,,FALSE,"Not explicit","Lifestage=Sexually mature"
1529,1179973,82439,15726,"Cr","Chromic acid (H2CrO4), Disodium salt","Tisbe holothuriae","Harpacticoida","Adult",2,"Static","Total",,8140,,,"ug/L",8140,"ug/L",24,,,,"Individual and Combined Toxicity of Three Heavy Metals, Cu, Cd and Cr for the Marine Copepod Tisbe holothuriae","PRIMARY_KEEP","Eligible copepod LC50 candidate",51.9961,"PENDING_SOURCE_BASIS",,,,"PENDING_CR_SOURCE_BASIS","Cr(VI) chromate/dichromate rows are retained but molar conversion is held until source-specific compound-vs-ion basis is resolved.","SECONDARY","NO",24,,,"C","EXISTING_MEAN_PRESERVED",,,,,"MISSING",,,,,"MISSING",,,,,"MISSING","ECOTOX","E_15726","E_T1179973","E_R82439",,,,,,,,FALSE,"Not explicit","Lifestage=Adult"
1533,2114335,2208949,52250,"Cr","Chromic acid (H2CrO4), Disodium salt","Tisbe holothuriae","Harpacticoida","Sexually mature",2,"Static","Total",,1.699,0.072,2.886,"ppm",1.699,"ppm",19,38,,,"Influence of Life-History Adaptations on the Fidelity of Laboratory Bioassays for the Impact of Heavy Metals (Co2+ and Cr6+) on Tolerance and Population Dynamics of Tisbe holothuriae","PRIMARY_KEEP","Eligible copepod LC50 candidate",51.9961,"PENDING_SOURCE_BASIS",,,,"PENDING_CR_SOURCE_BASIS","Cr(VI) chromate/dichromate rows are retained but molar conversion is held until source-specific compound-vs-ion basis is resolved.","SECONDARY","NO",19,,,"C","EXISTING_MEAN_PRESERVED",38,,,"0/00","EXISTING_MEAN_PRESERVED",,,,,"MISSING",,,,,"MISSING","ECOTOX","E_52250","E_T2114335","E_R2208949",,,,,,,,FALSE,"Not explicit","Lifestage=Sexually mature"
1534,2114336,2208950,52250,"Cr","Chromic acid (H2CrO4), Disodium salt","Tisbe holothuriae","Harpacticoida","Sexually mature",2,"Static","Total",,7.327,3.01,12.49,"ppm",7.327,"ppm",19,38,,,"Influence of Life-History Adaptations on the Fidelity of Laboratory Bioassays for the Impact of Heavy Metals (Co2+ and Cr6+) on Tolerance and Population Dynamics of Tisbe holothuriae","PRIMARY_KEEP","Eligible copepod LC50 candidate",51.9961,"PENDING_SOURCE_BASIS",,,,"PENDING_CR_SOURCE_BASIS","Cr(VI) chromate/dichromate rows are retained but molar conversion is held until source-specific compound-vs-ion basis is resolved.","SECONDARY","NO",19,,,"C","EXISTING_MEAN_PRESERVED",38,,,"0/00","EXISTING_MEAN_PRESERVED",,,,,"MISSING",,,,,"MISSING","ECOTOX","E_52250","E_T2114336","E_R2208950",,,,,,,,FALSE,"Not explicit","Lifestage=Sexually mature"
1539,1140048,94094,11673,"Cr","Chromic acid (H2CrO4), Disodium salt","Acartia clausi","Calanoida","Adult",2,"Renewal","Total",,12260,,,"ug/L",12260,"ug/L",14,,,,"Toxicity of Chromium to the Marine Planktonic Copepod Acartia clausi, Giesbrecht","PRIMARY_KEEP","Eligible copepod LC50 candidate",51.9961,"PENDING_SOURCE_BASIS",,,,"PENDING_CR_SOURCE_BASIS","Cr(VI) chromate/dichromate rows are retained but molar conversion is held until source-specific compound-vs-ion basis is resolved.","SECONDARY","NO",14,,,"C","EXISTING_MEAN_PRESERVED",,,,,"MISSING",,,,,"MISSING",,,,,"MISSING","ECOTOX","E_11673","E_T1140048","E_R94094",,,,,,,,FALSE,"Not explicit","Lifestage=Adult"
1541,1140047,94093,11673,"Cr","Chromic acid (H2CrO4), Disodium salt","Acartia clausi","Calanoida","Adult",2,"Renewal","Total",,16370,,,"ug/L",16370,"ug/L",14,,,,"Toxicity of Chromium to the Marine Planktonic Copepod Acartia clausi, Giesbrecht","PRIMARY_KEEP","Eligible copepod LC50 candidate",51.9961,"PENDING_SOURCE_BASIS",,,,"PENDING_CR_SOURCE_BASIS","Cr(VI) chromate/dichromate rows are retained but molar conversion is held until source-specific compound-vs-ion basis is resolved.","SECONDARY","NO",14,,,"C","EXISTING_MEAN_PRESERVED",,,,,"MISSING",,,,,"MISSING",,,,,"MISSING","ECOTOX","E_11673","E_T1140047","E_R94093",,,,,,,,FALSE,"Not explicit","Lifestage=Adult"
1544,1140045,94091,11673,"Cr","Chromic acid (H2CrO4), Disodium salt","Acartia clausi","Calanoida","Adult",2,"Renewal","Total",,11470,,,"ug/L",11470,"ug/L",18,,,,"Toxicity of Chromium to the Marine Planktonic Copepod Acartia clausi, Giesbrecht","PRIMARY_KEEP","Eligible copepod LC50 candidate",51.9961,"PENDING_SOURCE_BASIS",,,,"PENDING_CR_SOURCE_BASIS","Cr(VI) chromate/dichromate rows are retained but molar conversion is held until source-specific compound-vs-ion basis is resolved.","SECONDARY","NO",18,,,"C","EXISTING_MEAN_PRESERVED",,,,,"MISSING",,,,,"MISSING",,,,,"MISSING","ECOTOX","E_11673","E_T1140045","E_R94091",,,,,,,,FALSE,"Not explicit","Lifestage=Adult"
1546,1140046,94092,11673,"Cr","Chromic acid (H2CrO4), Disodium salt","Acartia clausi","Calanoida","Adult",2,"Renewal","Total",,8830,,,"ug/L",8830,"ug/L",22,,,,"Toxicity of Chromium to the Marine Planktonic Copepod Acartia clausi, Giesbrecht","PRIMARY_KEEP","Eligible copepod LC50 candidate",51.9961,"PENDING_SOURCE_BASIS",,,,"PENDING_CR_SOURCE_BASIS","Cr(VI) chromate/dichromate rows are retained but molar conversion is held until source-specific compound-vs-ion basis is resolved.","SECONDARY","NO",22,,,"C","EXISTING_MEAN_PRESERVED",,,,,"MISSING",,,,,"MISSING",,,,,"MISSING","ECOTOX","E_11673","E_T1140046","E_R94092",,,,,,,,FALSE,"Not explicit","Lifestage=Adult"
1547,1140044,94090,11673,"Cr","Chromic acid (H2CrO4), Disodium salt","Acartia clausi","Calanoida","Adult",2,"Renewal","Total",,16990,,,"ug/L",16990,"ug/L",14,,,,"Toxicity of Chromium to the Marine Planktonic Copepod Acartia clausi, Giesbrecht","PRIMARY_KEEP","Eligible copepod LC50 candidate",51.9961,"PENDING_SOURCE_BASIS",,,,"PENDING_CR_SOURCE_BASIS","Cr(VI) chromate/dichromate rows are retained but molar conversion is held until source-specific compound-vs-ion basis is resolved.","SECONDARY","NO",14,,,"C","EXISTING_MEAN_PRESERVED",,,,,"MISSING",,,,,"MISSING",,,,,"MISSING","ECOTOX","E_11673","E_T1140044","E_R94090",,,,,,,,FALSE,"Not explicit","Lifestage=Adult"
1687,1201121,160584,18307,"Cr","Chromic acid (H2Cr2O7), Potassium salt (1:2)","Nitocra spinipes","Harpacticoida","Juvenile",4,"Aquatic, unspecified","Total",,22000,,,"ug/L",22000,"ug/L",20,9,,,"Precision of the Nitocra spinipes Acute Toxicity Test and the Effect of Salinity on Toxicity of the Reference Toxicant Potassium Bichromate","PRIMARY_KEEP","Eligible copepod LC50 candidate",51.9961,"PENDING_SOURCE_BASIS",,,,"PENDING_CR_SOURCE_BASIS","Cr(VI) chromate/dichromate rows are retained but molar conversion is held until source-specific compound-vs-ion basis is resolved.","SECONDARY","NO",20,,,"C","EXISTING_MEAN_PRESERVED",9,,,"0/00","EXISTING_MEAN_PRESERVED",,,,,"MISSING",,,,,"MISSING","ECOTOX","E_18307","E_T1201121","E_R160584",,,,,,,,FALSE,"Not explicit","Lifestage=Juvenile"
1691,1201116,160579,18307,"Cr","Chromic acid (H2Cr2O7), Potassium salt (1:2)","Nitocra spinipes","Harpacticoida","Juvenile",4,"Aquatic, unspecified","Total",,50000,38000,77000,"ug/L",50000,"ug/L",20,27,,,"Precision of the Nitocra spinipes Acute Toxicity Test and the Effect of Salinity on Toxicity of the Reference Toxicant Potassium Bichromate","PRIMARY_KEEP","Eligible copepod LC50 candidate",51.9961,"PENDING_SOURCE_BASIS",,,,"PENDING_CR_SOURCE_BASIS","Cr(VI) chromate/dichromate rows are retained but molar conversion is held until source-specific compound-vs-ion basis is resolved.","SECONDARY","NO",20,,,"C","EXISTING_MEAN_PRESERVED",27,,,"0/00","EXISTING_MEAN_PRESERVED",,,,,"MISSING",,,,,"MISSING","ECOTOX","E_18307","E_T1201116","E_R160579",,,,,,,,FALSE,"Not explicit","Lifestage=Juvenile"
1692,1201130,160593,18307,"Cr","Chromic acid (H2Cr2O7), Potassium salt (1:2)","Nitocra spinipes","Harpacticoida","Juvenile",4,"Aquatic, unspecified","Total",,34000,,,"ug/L",34000,"ug/L",20,16,,,"Precision of the Nitocra spinipes Acute Toxicity Test and the Effect of Salinity on Toxicity of the Reference Toxicant Potassium Bichromate","PRIMARY_KEEP","Eligible copepod LC50 candidate",51.9961,"PENDING_SOURCE_BASIS",,,,"PENDING_CR_SOURCE_BASIS","Cr(VI) chromate/dichromate rows are retained but molar conversion is held until source-specific compound-vs-ion basis is resolved.","SECONDARY","NO",20,,,"C","EXISTING_MEAN_PRESERVED",16,,,"0/00","EXISTING_MEAN_PRESERVED",,,,,"MISSING",,,,,"MISSING","ECOTOX","E_18307","E_T1201130","E_R160593",,,,,,,,FALSE,"Not explicit","Lifestage=Juvenile"
1696,1201119,160582,18307,"Cr","Chromic acid (H2Cr2O7), Potassium salt (1:2)","Nitocra spinipes","Harpacticoida","Juvenile",4,"Aquatic, unspecified","Total",,22700,,,"ug/L",22700,"ug/L",20,9,,,"Precision of the Nitocra spinipes Acute Toxicity Test and the Effect of Salinity on Toxicity of the Reference Toxicant Potassium Bichromate","PRIMARY_KEEP","Eligible copepod LC50 candidate",51.9961,"PENDING_SOURCE_BASIS",,,,"PENDING_CR_SOURCE_BASIS","Cr(VI) chromate/dichromate rows are retained but molar conversion is held until source-specific compound-vs-ion basis is resolved.","SECONDARY","NO",20,,,"C","EXISTING_MEAN_PRESERVED",9,,,"0/00","EXISTING_MEAN_PRESERVED",,,,,"MISSING",,,,,"MISSING","ECOTOX","E_18307","E_T1201119","E_R160582",,,,,,,,FALSE,"Not explicit","Lifestage=Juvenile"
1699,1201120,160583,18307,"Cr","Chromic acid (H2Cr2O7), Potassium salt (1:2)","Nitocra spinipes","Harpacticoida","Juvenile",4,"Aquatic, unspecified","Total",,15500,,,"ug/L",15500,"ug/L",20,9,,,"Precision of the Nitocra spinipes Acute Toxicity Test and the Effect of Salinity on Toxicity of the Reference Toxicant Potassium Bichromate","PRIMARY_KEEP","Eligible copepod LC50 candidate",51.9961,"PENDING_SOURCE_BASIS",,,,"PENDING_CR_SOURCE_BASIS","Cr(VI) chromate/dichromate rows are retained but molar conversion is held until source-specific compound-vs-ion basis is resolved.","SECONDARY","NO",20,,,"C","EXISTING_MEAN_PRESERVED",9,,,"0/00","EXISTING_MEAN_PRESERVED",,,,,"MISSING",,,,,"MISSING","ECOTOX","E_18307","E_T1201120","E_R160583",,,,,,,,FALSE,"Not explicit","Lifestage=Juvenile"
1702,1201107,160570,18307,"Cr","Chromic acid (H2Cr2O7), Potassium salt (1:2)","Nitocra spinipes","Harpacticoida","Juvenile",3,"Aquatic, unspecified","Total",,16000,12000,21000,"ug/L",16000,"ug/L",20,6.8,,,"Precision of the Nitocra spinipes Acute Toxicity Test and the Effect of Salinity on Toxicity of the Reference Toxicant Potassium Bichromate","PRIMARY_KEEP","Eligible copepod LC50 candidate",51.9961,"PENDING_SOURCE_BASIS",,,,"PENDING_CR_SOURCE_BASIS","Cr(VI) chromate/dichromate rows are retained but molar conversion is held until source-specific compound-vs-ion basis is resolved.","SECONDARY","NO",20,,,"C","EXISTING_MEAN_PRESERVED",6.8,,,"0/00","EXISTING_MEAN_PRESERVED",,,,,"MISSING",,,,,"MISSING","ECOTOX","E_18307","E_T1201107","E_R160570",,,,,,,,FALSE,"Not explicit","Lifestage=Juvenile"
1705,2314542,2781646,52818,"Cr","Chromic acid (H2Cr2O7), Potassium salt (1:2)","Acartia tonsa","Calanoida","Adult",1,"Static","Total",,47,38,63,"mg/L",47,"mg/L",20,18,,,"Fully Defined Saltwater Medium for Cultivation of and Toxicity Testing with Marine Copepod Acartia tonsa","PRIMARY_KEEP","Eligible copepod LC50 candidate",51.9961,"PENDING_SOURCE_BASIS",,,,"PENDING_CR_SOURCE_BASIS","Cr(VI) chromate/dichromate rows are retained but molar conversion is held until source-specific compound-vs-ion basis is resolved.","SECONDARY","NO",20,,,"C","EXISTING_MEAN_PRESERVED",18,,,"0/00","EXISTING_MEAN_PRESERVED",,,,,"MISSING",,,,,"MISSING","ECOTOX","E_52818","E_T2314542","E_R2781646",,,,,,,,FALSE,"Not explicit","Lifestage=Adult"
1706,2314542,2781647,52818,"Cr","Chromic acid (H2Cr2O7), Potassium salt (1:2)","Acartia tonsa","Calanoida","Adult",2,"Static","Total",,16,13,21,"mg/L",16,"mg/L",20,18,,,"Fully Defined Saltwater Medium for Cultivation of and Toxicity Testing with Marine Copepod Acartia tonsa","PRIMARY_KEEP","Eligible copepod LC50 candidate",51.9961,"PENDING_SOURCE_BASIS",,,,"PENDING_CR_SOURCE_BASIS","Cr(VI) chromate/dichromate rows are retained but molar conversion is held until source-specific compound-vs-ion basis is resolved.","SECONDARY","NO",20,,,"C","EXISTING_MEAN_PRESERVED",18,,,"0/00","EXISTING_MEAN_PRESERVED",,,,,"MISSING",,,,,"MISSING","ECOTOX","E_52818","E_T2314542","E_R2781647",,,,,,,,FALSE,"Not explicit","Lifestage=Adult"
1709,1159875,142884,14137,"Cr","Chromic acid (H2Cr2O7), Potassium salt (1:2)","Tisbe battagliai","Harpacticoida","Adult",4,"Renewal","Total",,5900,,,"ug/L",5900,"ug/L",20.5,34.755,7.92,,"Toxicity of Cadmium, Hexavalent Chromium and Copper to Marine Fish Larvae (Cypinodon variegatus) and Copepods (Tisbe battagliai)","PRIMARY_KEEP","Eligible copepod LC50 candidate",51.9961,"PENDING_SOURCE_BASIS",,,,"PENDING_CR_SOURCE_BASIS","Cr(VI) chromate/dichromate rows are retained but molar conversion is held until source-specific compound-vs-ion basis is resolved.","SECONDARY","NO",,20,21,"C","RAW_RANGE_MIDPOINT_RECOVERED",,34.5,35.01,"0/00","RAW_RANGE_MIDPOINT_RECOVERED",,7.7,8.14,,"RAW_RANGE_MIDPOINT_RECOVERED",,,,,"MISSING","ECOTOX","E_14137","E_T1159875","E_R142884",,,,,,,,FALSE,"Not explicit","Lifestage=Adult"
1712,2314544,2781653,52818,"Cr","Chromic acid (H2Cr2O7), Potassium salt (1:2)","Acartia tonsa","Calanoida","Adult",2,"Static","Total",,10,8.7,12,"mg/L",10,"mg/L",20,18,,,"Fully Defined Saltwater Medium for Cultivation of and Toxicity Testing with Marine Copepod Acartia tonsa","PRIMARY_KEEP","Eligible copepod LC50 candidate",51.9961,"PENDING_SOURCE_BASIS",,,,"PENDING_CR_SOURCE_BASIS","Cr(VI) chromate/dichromate rows are retained but molar conversion is held until source-specific compound-vs-ion basis is resolved.","SECONDARY","NO",20,,,"C","EXISTING_MEAN_PRESERVED",18,,,"0/00","EXISTING_MEAN_PRESERVED",,,,,"MISSING",,,,,"MISSING","ECOTOX","E_52818","E_T2314544","E_R2781653",,,,,,,,FALSE,"Not explicit","Lifestage=Adult"
1713,2314544,2781652,52818,"Cr","Chromic acid (H2Cr2O7), Potassium salt (1:2)","Acartia tonsa","Calanoida","Adult",1,"Static","Total",,20,17,23,"mg/L",20,"mg/L",20,18,,,"Fully Defined Saltwater Medium for Cultivation of and Toxicity Testing with Marine Copepod Acartia tonsa","PRIMARY_KEEP","Eligible copepod LC50 candidate",51.9961,"PENDING_SOURCE_BASIS",,,,"PENDING_CR_SOURCE_BASIS","Cr(VI) chromate/dichromate rows are retained but molar conversion is held until source-specific compound-vs-ion basis is resolved.","SECONDARY","NO",20,,,"C","EXISTING_MEAN_PRESERVED",18,,,"0/00","EXISTING_MEAN_PRESERVED",,,,,"MISSING",,,,,"MISSING","ECOTOX","E_52818","E_T2314544","E_R2781652",,,,,,,,FALSE,"Not explicit","Lifestage=Adult"
1715,2114272,2208825,167149,"Cr","Chromic acid (H2Cr2O7), Potassium salt (1:2)","Acartia tonsa","Calanoida","Multiple",2,"Static","Total",,10.6,7.2,26,"mg/L",10.6,"mg/L",25,32,8.1,,"Acute Toxicity of Sodium Cyanide to Marine Copepods (Acartia tonsa)","PRIMARY_KEEP","Eligible copepod LC50 candidate",51.9961,"PENDING_SOURCE_BASIS",,,,"PENDING_CR_SOURCE_BASIS","Cr(VI) chromate/dichromate rows are retained but molar conversion is held until source-specific compound-vs-ion basis is resolved.","SECONDARY","NO",25,,,"C","EXISTING_MEAN_PRESERVED",,29,35,"0/00","RAW_RANGE_MIDPOINT_RECOVERED",8.1,8,8.4,,"EXISTING_MEAN_PRESERVED",,,,,"MISSING","ECOTOX","E_167149","E_T2114272","E_R2208825",,,,,,,,FALSE,"Not explicit","Lifestage=Multiple"
1716,2114255,2208798,167149,"Cr","Chromic acid (H2Cr2O7), Potassium salt (1:2)","Acartia tonsa","Calanoida","Multiple",2,"Static","Total",,11.9,7.2,26,"mg/L",11.9,"mg/L",25,32,8.15,,"Acute Toxicity of Sodium Cyanide to Marine Copepods (Acartia tonsa)","PRIMARY_KEEP","Eligible copepod LC50 candidate",51.9961,"PENDING_SOURCE_BASIS",,,,"PENDING_CR_SOURCE_BASIS","Cr(VI) chromate/dichromate rows are retained but molar conversion is held until source-specific compound-vs-ion basis is resolved.","SECONDARY","NO",25,,,"C","EXISTING_MEAN_PRESERVED",,29,35,"0/00","RAW_RANGE_MIDPOINT_RECOVERED",,8,8.3,,"RAW_RANGE_MIDPOINT_RECOVERED",,,,,"MISSING","ECOTOX","E_167149","E_T2114255","E_R2208798",,,,,,,,FALSE,"Not explicit","Lifestage=Multiple"
1717,1201124,160587,18307,"Cr","Chromic acid (H2Cr2O7), Potassium salt (1:2)","Nitocra spinipes","Harpacticoida","Juvenile",4,"Aquatic, unspecified","Total",,21000,,,"ug/L",21000,"ug/L",20,9,,,"Precision of the Nitocra spinipes Acute Toxicity Test and the Effect of Salinity on Toxicity of the Reference Toxicant Potassium Bichromate","PRIMARY_KEEP","Eligible copepod LC50 candidate",51.9961,"PENDING_SOURCE_BASIS",,,,"PENDING_CR_SOURCE_BASIS","Cr(VI) chromate/dichromate rows are retained but molar conversion is held until source-specific compound-vs-ion basis is resolved.","SECONDARY","NO",20,,,"C","EXISTING_MEAN_PRESERVED",9,,,"0/00","EXISTING_MEAN_PRESERVED",,,,,"MISSING",,,,,"MISSING","ECOTOX","E_18307","E_T1201124","E_R160587",,,,,,,,FALSE,"Not explicit","Lifestage=Juvenile"
1723,2299146,2706683,5185,"Cr","Chromic acid (H2Cr2O7), Potassium salt (1:2)","Nitocra spinipes","Harpacticoida","Adult",4,"Static","Total",,16,11,23,"mg/L",16,"mg/L",21,7,7.8,,"The Acute Toxicity of 78 Chemicals and Pesticide Formulations Against Two Brackish Water Organisms, the Bleak (Alburnus alburnus) and the Harpacticoid Nitocra spinipes","PRIMARY_KEEP","Eligible copepod LC50 candidate",51.9961,"PENDING_SOURCE_BASIS",,,,"PENDING_CR_SOURCE_BASIS","Cr(VI) chromate/dichromate rows are retained but molar conversion is held until source-specific compound-vs-ion basis is resolved.","SECONDARY","NO",21,20,22,"C","EXISTING_MEAN_PRESERVED",7,,,"0/00","EXISTING_MEAN_PRESERVED",7.8,,,,"EXISTING_MEAN_PRESERVED",,,,,"MISSING","ECOTOX","E_5185","E_T2299146","E_R2706683",,,,,,,,FALSE,"Not explicit","Lifestage=Adult"
1724,1201105,160568,18307,"Cr","Chromic acid (H2Cr2O7), Potassium salt (1:2)","Nitocra spinipes","Harpacticoida","Juvenile",1,"Aquatic, unspecified","Total",,51000,36000,94000,"ug/L",51000,"ug/L",20,6.8,,,"Precision of the Nitocra spinipes Acute Toxicity Test and the Effect of Salinity on Toxicity of the Reference Toxicant Potassium Bichromate","PRIMARY_KEEP","Eligible copepod LC50 candidate",51.9961,"PENDING_SOURCE_BASIS",,,,"PENDING_CR_SOURCE_BASIS","Cr(VI) chromate/dichromate rows are retained but molar conversion is held until source-specific compound-vs-ion basis is resolved.","SECONDARY","NO",20,,,"C","EXISTING_MEAN_PRESERVED",6.8,,,"0/00","EXISTING_MEAN_PRESERVED",,,,,"MISSING",,,,,"MISSING","ECOTOX","E_18307","E_T1201105","E_R160568",,,,,,,,FALSE,"Not explicit","Lifestage=Juvenile"
1726,1201129,160592,18307,"Cr","Chromic acid (H2Cr2O7), Potassium salt (1:2)","Nitocra spinipes","Harpacticoida","Juvenile",4,"Aquatic, unspecified","Total",,54600,,,"ug/L",54600,"ug/L",20,15,,,"Precision of the Nitocra spinipes Acute Toxicity Test and the Effect of Salinity on Toxicity of the Reference Toxicant Potassium Bichromate","PRIMARY_KEEP","Eligible copepod LC50 candidate",51.9961,"PENDING_SOURCE_BASIS",,,,"PENDING_CR_SOURCE_BASIS","Cr(VI) chromate/dichromate rows are retained but molar conversion is held until source-specific compound-vs-ion basis is resolved.","SECONDARY","NO",20,,,"C","EXISTING_MEAN_PRESERVED",15,,,"0/00","EXISTING_MEAN_PRESERVED",,,,,"MISSING",,,,,"MISSING","ECOTOX","E_18307","E_T1201129","E_R160592",,,,,,,,FALSE,"Not explicit","Lifestage=Juvenile"
1735,1201131,160594,18307,"Cr","Chromic acid (H2Cr2O7), Potassium salt (1:2)","Nitocra spinipes","Harpacticoida","Juvenile",4,"Aquatic, unspecified","Total",,15000,,,"ug/L",15000,"ug/L",20,16,,,"Precision of the Nitocra spinipes Acute Toxicity Test and the Effect of Salinity on Toxicity of the Reference Toxicant Potassium Bichromate","PRIMARY_KEEP","Eligible copepod LC50 candidate",51.9961,"PENDING_SOURCE_BASIS",,,,"PENDING_CR_SOURCE_BASIS","Cr(VI) chromate/dichromate rows are retained but molar conversion is held until source-specific compound-vs-ion basis is resolved.","SECONDARY","NO",20,,,"C","EXISTING_MEAN_PRESERVED",16,,,"0/00","EXISTING_MEAN_PRESERVED",,,,,"MISSING",,,,,"MISSING","ECOTOX","E_18307","E_T1201131","E_R160594",,,,,,,,FALSE,"Not explicit","Lifestage=Juvenile"
1737,1201118,160581,18307,"Cr","Chromic acid (H2Cr2O7), Potassium salt (1:2)","Nitocra spinipes","Harpacticoida","Juvenile",4,"Aquatic, unspecified","Total",,20500,,,"ug/L",20500,"ug/L",20,7,,,"Precision of the Nitocra spinipes Acute Toxicity Test and the Effect of Salinity on Toxicity of the Reference Toxicant Potassium Bichromate","PRIMARY_KEEP","Eligible copepod LC50 candidate",51.9961,"PENDING_SOURCE_BASIS",,,,"PENDING_CR_SOURCE_BASIS","Cr(VI) chromate/dichromate rows are retained but molar conversion is held until source-specific compound-vs-ion basis is resolved.","SECONDARY","NO",20,,,"C","EXISTING_MEAN_PRESERVED",7,,,"0/00","EXISTING_MEAN_PRESERVED",,,,,"MISSING",,,,,"MISSING","ECOTOX","E_18307","E_T1201118","E_R160581",,,,,,,,FALSE,"Not explicit","Lifestage=Juvenile"
1741,2314543,2781649,52818,"Cr","Chromic acid (H2Cr2O7), Potassium salt (1:2)","Acartia tonsa","Calanoida","Adult",1,"Static","Total",,49,41,61,"mg/L",49,"mg/L",20,18,,,"Fully Defined Saltwater Medium for Cultivation of and Toxicity Testing with Marine Copepod Acartia tonsa","PRIMARY_KEEP","Eligible copepod LC50 candidate",51.9961,"PENDING_SOURCE_BASIS",,,,"PENDING_CR_SOURCE_BASIS","Cr(VI) chromate/dichromate rows are retained but molar conversion is held until source-specific compound-vs-ion basis is resolved.","SECONDARY","NO",20,,,"C","EXISTING_MEAN_PRESERVED",18,,,"0/00","EXISTING_MEAN_PRESERVED",,,,,"MISSING",,,,,"MISSING","ECOTOX","E_52818","E_T2314543","E_R2781649",,,,,,,,FALSE,"Not explicit","Lifestage=Adult"
1743,2314543,2781650,52818,"Cr","Chromic acid (H2Cr2O7), Potassium salt (1:2)","Acartia tonsa","Calanoida","Adult",2,"Static","Total",,18,15,23,"mg/L",18,"mg/L",20,18,,,"Fully Defined Saltwater Medium for Cultivation of and Toxicity Testing with Marine Copepod Acartia tonsa","PRIMARY_KEEP","Eligible copepod LC50 candidate",51.9961,"PENDING_SOURCE_BASIS",,,,"PENDING_CR_SOURCE_BASIS","Cr(VI) chromate/dichromate rows are retained but molar conversion is held until source-specific compound-vs-ion basis is resolved.","SECONDARY","NO",20,,,"C","EXISTING_MEAN_PRESERVED",18,,,"0/00","EXISTING_MEAN_PRESERVED",,,,,"MISSING",,,,,"MISSING","ECOTOX","E_52818","E_T2314543","E_R2781650",,,,,,,,FALSE,"Not explicit","Lifestage=Adult"
1746,1201108,160571,18307,"Cr","Chromic acid (H2Cr2O7), Potassium salt (1:2)","Nitocra spinipes","Harpacticoida","Juvenile",4,"Aquatic, unspecified","Total",,14000,11000,18000,"ug/L",14000,"ug/L",20,6.8,,,"Precision of the Nitocra spinipes Acute Toxicity Test and the Effect of Salinity on Toxicity of the Reference Toxicant Potassium Bichromate","PRIMARY_KEEP","Eligible copepod LC50 candidate",51.9961,"PENDING_SOURCE_BASIS",,,,"PENDING_CR_SOURCE_BASIS","Cr(VI) chromate/dichromate rows are retained but molar conversion is held until source-specific compound-vs-ion basis is resolved.","SECONDARY","NO",20,,,"C","EXISTING_MEAN_PRESERVED",6.8,,,"0/00","EXISTING_MEAN_PRESERVED",,,,,"MISSING",,,,,"MISSING","ECOTOX","E_18307","E_T1201108","E_R160571",,,,,,,,FALSE,"Not explicit","Lifestage=Juvenile"
1748,1201122,160585,18307,"Cr","Chromic acid (H2Cr2O7), Potassium salt (1:2)","Nitocra spinipes","Harpacticoida","Juvenile",4,"Aquatic, unspecified","Total",,11500,,,"ug/L",11500,"ug/L",20,9,,,"Precision of the Nitocra spinipes Acute Toxicity Test and the Effect of Salinity on Toxicity of the Reference Toxicant Potassium Bichromate","PRIMARY_KEEP","Eligible copepod LC50 candidate",51.9961,"PENDING_SOURCE_BASIS",,,,"PENDING_CR_SOURCE_BASIS","Cr(VI) chromate/dichromate rows are retained but molar conversion is held until source-specific compound-vs-ion basis is resolved.","SECONDARY","NO",20,,,"C","EXISTING_MEAN_PRESERVED",9,,,"0/00","EXISTING_MEAN_PRESERVED",,,,,"MISSING",,,,,"MISSING","ECOTOX","E_18307","E_T1201122","E_R160585",,,,,,,,FALSE,"Not explicit","Lifestage=Juvenile"
1752,1159874,142883,14137,"Cr","Chromic acid (H2Cr2O7), Potassium salt (1:2)","Tisbe battagliai","Harpacticoida","Nauplii",4,"Renewal","Total",,1600,,,"ug/L",1600,"ug/L",20.5,34.755,7.92,,"Toxicity of Cadmium, Hexavalent Chromium and Copper to Marine Fish Larvae (Cypinodon variegatus) and Copepods (Tisbe battagliai)","PRIMARY_KEEP","Eligible copepod LC50 candidate",51.9961,"PENDING_SOURCE_BASIS",,,,"PENDING_CR_SOURCE_BASIS","Cr(VI) chromate/dichromate rows are retained but molar conversion is held until source-specific compound-vs-ion basis is resolved.","SECONDARY","NO",,20,21,"C","RAW_RANGE_MIDPOINT_RECOVERED",,34.5,35.01,"0/00","RAW_RANGE_MIDPOINT_RECOVERED",,7.7,8.14,,"RAW_RANGE_MIDPOINT_RECOVERED",,,,,"MISSING","ECOTOX","E_14137","E_T1159874","E_R142883",,,,,,,,FALSE,"Not explicit","Lifestage=Nauplii"
1759,1201106,160569,18307,"Cr","Chromic acid (H2Cr2O7), Potassium salt (1:2)","Nitocra spinipes","Harpacticoida","Juvenile",2,"Aquatic, unspecified","Total",,21000,14000,31000,"ug/L",21000,"ug/L",20,6.8,,,"Precision of the Nitocra spinipes Acute Toxicity Test and the Effect of Salinity on Toxicity of the Reference Toxicant Potassium Bichromate","PRIMARY_KEEP","Eligible copepod LC50 candidate",51.9961,"PENDING_SOURCE_BASIS",,,,"PENDING_CR_SOURCE_BASIS","Cr(VI) chromate/dichromate rows are retained but molar conversion is held until source-specific compound-vs-ion basis is resolved.","SECONDARY","NO",20,,,"C","EXISTING_MEAN_PRESERVED",6.8,,,"0/00","EXISTING_MEAN_PRESERVED",,,,,"MISSING",,,,,"MISSING","ECOTOX","E_18307","E_T1201106","E_R160569",,,,,,,,FALSE,"Not explicit","Lifestage=Juvenile"
1761,1201112,160575,18307,"Cr","Chromic acid (H2Cr2O7), Potassium salt (1:2)","Nitocra spinipes","Harpacticoida","Juvenile",4,"Aquatic, unspecified","Total",,29000,22000,41000,"ug/L",29000,"ug/L",20,13.5,,,"Precision of the Nitocra spinipes Acute Toxicity Test and the Effect of Salinity on Toxicity of the Reference Toxicant Potassium Bichromate","PRIMARY_KEEP","Eligible copepod LC50 candidate",51.9961,"PENDING_SOURCE_BASIS",,,,"PENDING_CR_SOURCE_BASIS","Cr(VI) chromate/dichromate rows are retained but molar conversion is held until source-specific compound-vs-ion basis is resolved.","SECONDARY","NO",20,,,"C","EXISTING_MEAN_PRESERVED",13.5,,,"0/00","EXISTING_MEAN_PRESERVED",,,,,"MISSING",,,,,"MISSING","ECOTOX","E_18307","E_T1201112","E_R160575",,,,,,,,FALSE,"Not explicit","Lifestage=Juvenile"
1769,2114271,2208824,167149,"Cr","Chromic acid (H2Cr2O7), Potassium salt (1:2)","Acartia tonsa","Calanoida","Multiple",2,"Static","Total",,11.9,7.2,26,"mg/L",11.9,"mg/L",25,31.5,8.1,,"Acute Toxicity of Sodium Cyanide to Marine Copepods (Acartia tonsa)","PRIMARY_KEEP","Eligible copepod LC50 candidate",51.9961,"PENDING_SOURCE_BASIS",,,,"PENDING_CR_SOURCE_BASIS","Cr(VI) chromate/dichromate rows are retained but molar conversion is held until source-specific compound-vs-ion basis is resolved.","SECONDARY","NO",25,,,"C","EXISTING_MEAN_PRESERVED",,30,33,"0/00","RAW_RANGE_MIDPOINT_RECOVERED",8.1,8,8.3,,"EXISTING_MEAN_PRESERVED",,,,,"MISSING","ECOTOX","E_167149","E_T2114271","E_R2208824",,,,,,,,FALSE,"Not explicit","Lifestage=Multiple"
1771,2034090,2055215,97664,"Cr","Chromic acid (H2Cr2O7), Potassium salt (1:2)","Nitocra spinipes","Harpacticoida",,4,"Static","Total",,31,,,"mg/L",31,"mg/L",21,27.5,,,"TNT Leakage Through Sediment to Water and Toxicity to Nitocra spinipes","PRIMARY_KEEP","Eligible copepod LC50 candidate",51.9961,"PENDING_SOURCE_BASIS",,,,"PENDING_CR_SOURCE_BASIS","Cr(VI) chromate/dichromate rows are retained but molar conversion is held until source-specific compound-vs-ion basis is resolved.","SECONDARY","NO",21,,,"C","EXISTING_MEAN_PRESERVED",,25,30,"0/00","RAW_RANGE_MIDPOINT_RECOVERED",,,,,"MISSING",,,,,"MISSING","ECOTOX","E_97664","E_T2034090","E_R2055215",,,,,,,,FALSE,"Not explicit",""
1772,1201110,160573,18307,"Cr","Chromic acid (H2Cr2O7), Potassium salt (1:2)","Nitocra spinipes","Harpacticoida","Juvenile",2,"Aquatic, unspecified","Total",,46000,31000,93000,"ug/L",46000,"ug/L",20,13.5,,,"Precision of the Nitocra spinipes Acute Toxicity Test and the Effect of Salinity on Toxicity of the Reference Toxicant Potassium Bichromate","PRIMARY_KEEP","Eligible copepod LC50 candidate",51.9961,"PENDING_SOURCE_BASIS",,,,"PENDING_CR_SOURCE_BASIS","Cr(VI) chromate/dichromate rows are retained but molar conversion is held until source-specific compound-vs-ion basis is resolved.","SECONDARY","NO",20,,,"C","EXISTING_MEAN_PRESERVED",13.5,,,"0/00","EXISTING_MEAN_PRESERVED",,,,,"MISSING",,,,,"MISSING","ECOTOX","E_18307","E_T1201110","E_R160573",,,,,,,,FALSE,"Not explicit","Lifestage=Juvenile"
1774,1201126,160589,18307,"Cr","Chromic acid (H2Cr2O7), Potassium salt (1:2)","Nitocra spinipes","Harpacticoida","Juvenile",4,"Aquatic, unspecified","Total",,34800,,,"ug/L",34800,"ug/L",20,9,,,"Precision of the Nitocra spinipes Acute Toxicity Test and the Effect of Salinity on Toxicity of the Reference Toxicant Potassium Bichromate","PRIMARY_KEEP","Eligible copepod LC50 candidate",51.9961,"PENDING_SOURCE_BASIS",,,,"PENDING_CR_SOURCE_BASIS","Cr(VI) chromate/dichromate rows are retained but molar conversion is held until source-specific compound-vs-ion basis is resolved.","SECONDARY","NO",20,,,"C","EXISTING_MEAN_PRESERVED",9,,,"0/00","EXISTING_MEAN_PRESERVED",,,,,"MISSING",,,,,"MISSING","ECOTOX","E_18307","E_T1201126","E_R160589",,,,,,,,FALSE,"Not explicit","Lifestage=Juvenile"
1780,1201132,160596,18307,"Cr","Chromic acid (H2Cr2O7), Potassium salt (1:2)","Nitocra spinipes","Harpacticoida","Juvenile",4,"Aquatic, unspecified","Total",,44600,,,"ug/L",44600,"ug/L",20,33,,,"Precision of the Nitocra spinipes Acute Toxicity Test and the Effect of Salinity on Toxicity of the Reference Toxicant Potassium Bichromate","PRIMARY_KEEP","Eligible copepod LC50 candidate",51.9961,"PENDING_SOURCE_BASIS",,,,"PENDING_CR_SOURCE_BASIS","Cr(VI) chromate/dichromate rows are retained but molar conversion is held until source-specific compound-vs-ion basis is resolved.","SECONDARY","NO",20,,,"C","EXISTING_MEAN_PRESERVED",33,,,"0/00","EXISTING_MEAN_PRESERVED",,,,,"MISSING",,,,,"MISSING","ECOTOX","E_18307","E_T1201132","E_R160596",,,,,,,,FALSE,"Not explicit","Lifestage=Juvenile"
1781,1201123,160586,18307,"Cr","Chromic acid (H2Cr2O7), Potassium salt (1:2)","Nitocra spinipes","Harpacticoida","Juvenile",4,"Aquatic, unspecified","Total",,8700,,,"ug/L",8700,"ug/L",20,9,,,"Precision of the Nitocra spinipes Acute Toxicity Test and the Effect of Salinity on Toxicity of the Reference Toxicant Potassium Bichromate","PRIMARY_KEEP","Eligible copepod LC50 candidate",51.9961,"PENDING_SOURCE_BASIS",,,,"PENDING_CR_SOURCE_BASIS","Cr(VI) chromate/dichromate rows are retained but molar conversion is held until source-specific compound-vs-ion basis is resolved.","SECONDARY","NO",20,,,"C","EXISTING_MEAN_PRESERVED",9,,,"0/00","EXISTING_MEAN_PRESERVED",,,,,"MISSING",,,,,"MISSING","ECOTOX","E_18307","E_T1201123","E_R160586",,,,,,,,FALSE,"Not explicit","Lifestage=Juvenile"
1784,1201117,160580,18307,"Cr","Chromic acid (H2Cr2O7), Potassium salt (1:2)","Nitocra spinipes","Harpacticoida","Juvenile",4,"Aquatic, unspecified","Total",,24200,,,"ug/L",24200,"ug/L",20,7,,,"Precision of the Nitocra spinipes Acute Toxicity Test and the Effect of Salinity on Toxicity of the Reference Toxicant Potassium Bichromate","PRIMARY_KEEP","Eligible copepod LC50 candidate",51.9961,"PENDING_SOURCE_BASIS",,,,"PENDING_CR_SOURCE_BASIS","Cr(VI) chromate/dichromate rows are retained but molar conversion is held until source-specific compound-vs-ion basis is resolved.","SECONDARY","NO",20,,,"C","EXISTING_MEAN_PRESERVED",7,,,"0/00","EXISTING_MEAN_PRESERVED",,,,,"MISSING",,,,,"MISSING","ECOTOX","E_18307","E_T1201117","E_R160580",,,,,,,,FALSE,"Not explicit","Lifestage=Juvenile"
1785,1201128,160591,18307,"Cr","Chromic acid (H2Cr2O7), Potassium salt (1:2)","Nitocra spinipes","Harpacticoida","Juvenile",4,"Aquatic, unspecified","Total",,34800,,,"ug/L",34800,"ug/L",20,15,,,"Precision of the Nitocra spinipes Acute Toxicity Test and the Effect of Salinity on Toxicity of the Reference Toxicant Potassium Bichromate","PRIMARY_KEEP","Eligible copepod LC50 candidate",51.9961,"PENDING_SOURCE_BASIS",,,,"PENDING_CR_SOURCE_BASIS","Cr(VI) chromate/dichromate rows are retained but molar conversion is held until source-specific compound-vs-ion basis is resolved.","SECONDARY","NO",20,,,"C","EXISTING_MEAN_PRESERVED",15,,,"0/00","EXISTING_MEAN_PRESERVED",,,,,"MISSING",,,,,"MISSING","ECOTOX","E_18307","E_T1201128","E_R160591",,,,,,,,FALSE,"Not explicit","Lifestage=Juvenile"
1787,1236962,215847,66691,"Cr","Chromic acid (H2Cr2O7), Potassium salt (1:2)","Acartia tonsa","Calanoida","Adult",2,"Static","Total",,10,8.7,12,"mg/L",10,"mg/L",20,18,,,"Development of Copepod Nauplii to Copepodites - a Parameter for Chronic Toxicity Including Endocrine Disruption","PRIMARY_KEEP","Eligible copepod LC50 candidate",51.9961,"PENDING_SOURCE_BASIS",,,,"PENDING_CR_SOURCE_BASIS","Cr(VI) chromate/dichromate rows are retained but molar conversion is held until source-specific compound-vs-ion basis is resolved.","SECONDARY","NO",20,,,"C","EXISTING_MEAN_PRESERVED",18,,,"0/00","EXISTING_MEAN_PRESERVED",,,,,"MISSING",,,,,"MISSING","ECOTOX","E_66691","E_T1236962","E_R215847",,,,,,,,FALSE,"Not explicit","Lifestage=Adult"
1789,1201127,160590,18307,"Cr","Chromic acid (H2Cr2O7), Potassium salt (1:2)","Nitocra spinipes","Harpacticoida","Juvenile",4,"Aquatic, unspecified","Total",,7500,,,"ug/L",7500,"ug/L",20,9,,,"Precision of the Nitocra spinipes Acute Toxicity Test and the Effect of Salinity on Toxicity of the Reference Toxicant Potassium Bichromate","PRIMARY_KEEP","Eligible copepod LC50 candidate",51.9961,"PENDING_SOURCE_BASIS",,,,"PENDING_CR_SOURCE_BASIS","Cr(VI) chromate/dichromate rows are retained but molar conversion is held until source-specific compound-vs-ion basis is resolved.","SECONDARY","NO",20,,,"C","EXISTING_MEAN_PRESERVED",9,,,"0/00","EXISTING_MEAN_PRESERVED",,,,,"MISSING",,,,,"MISSING","ECOTOX","E_18307","E_T1201127","E_R160590",,,,,,,,FALSE,"Not explicit","Lifestage=Juvenile"
1792,1201125,160588,18307,"Cr","Chromic acid (H2Cr2O7), Potassium salt (1:2)","Nitocra spinipes","Harpacticoida","Juvenile",4,"Aquatic, unspecified","Total",,17000,,,"ug/L",17000,"ug/L",20,9,,,"Precision of the Nitocra spinipes Acute Toxicity Test and the Effect of Salinity on Toxicity of the Reference Toxicant Potassium Bichromate","PRIMARY_KEEP","Eligible copepod LC50 candidate",51.9961,"PENDING_SOURCE_BASIS",,,,"PENDING_CR_SOURCE_BASIS","Cr(VI) chromate/dichromate rows are retained but molar conversion is held until source-specific compound-vs-ion basis is resolved.","SECONDARY","NO",20,,,"C","EXISTING_MEAN_PRESERVED",9,,,"0/00","EXISTING_MEAN_PRESERVED",,,,,"MISSING",,,,,"MISSING","ECOTOX","E_18307","E_T1201125","E_R160588",,,,,,,,FALSE,"Not explicit","Lifestage=Juvenile"
1797,1201111,160574,18307,"Cr","Chromic acid (H2Cr2O7), Potassium salt (1:2)","Nitocra spinipes","Harpacticoida","Juvenile",3,"Aquatic, unspecified","Total",,37000,27000,55000,"ug/L",37000,"ug/L",20,13.5,,,"Precision of the Nitocra spinipes Acute Toxicity Test and the Effect of Salinity on Toxicity of the Reference Toxicant Potassium Bichromate","PRIMARY_KEEP","Eligible copepod LC50 candidate",51.9961,"PENDING_SOURCE_BASIS",,,,"PENDING_CR_SOURCE_BASIS","Cr(VI) chromate/dichromate rows are retained but molar conversion is held until source-specific compound-vs-ion basis is resolved.","SECONDARY","NO",20,,,"C","EXISTING_MEAN_PRESERVED",13.5,,,"0/00","EXISTING_MEAN_PRESERVED",,,,,"MISSING",,,,,"MISSING","ECOTOX","E_18307","E_T1201111","E_R160574",,,,,,,,FALSE,"Not explicit","Lifestage=Juvenile"
1801,2114273,2208826,167149,"Cr","Chromic acid (H2Cr2O7), Potassium salt (1:2)","Acartia tonsa","Calanoida","Multiple",2,"Static","Total",,10.6,7.2,26,"mg/L",10.6,"mg/L",25,33.2,8.1,,"Acute Toxicity of Sodium Cyanide to Marine Copepods (Acartia tonsa)","PRIMARY_KEEP","Eligible copepod LC50 candidate",51.9961,"PENDING_SOURCE_BASIS",,,,"PENDING_CR_SOURCE_BASIS","Cr(VI) chromate/dichromate rows are retained but molar conversion is held until source-specific compound-vs-ion basis is resolved.","SECONDARY","NO",25,,,"C","EXISTING_MEAN_PRESERVED",,30.4,36,"0/00","RAW_RANGE_MIDPOINT_RECOVERED",8.1,8,8.4,,"EXISTING_MEAN_PRESERVED",,,,,"MISSING","ECOTOX","E_167149","E_T2114273","E_R2208826",,,,,,,,FALSE,"Not explicit","Lifestage=Multiple"
1876,1179972,81929,15726,"Cd","Cadmium chloride (CdCl2)","Tisbe holothuriae","Harpacticoida","Adult",2,"Static","Total",,970,,,"ug/L",970,"ug/L",24,,,,"Individual and Combined Toxicity of Three Heavy Metals, Cu, Cd and Cr for the Marine Copepod Tisbe holothuriae","PRIMARY_KEEP","Eligible copepod LC50 candidate",112.414,"ECOTOX_STANDARDIZED_TARGET_METAL",0.97,8.62881847456723,2.15510758663405,"HARMONIZED","ECOTOX standardized concentration used; for metal salts ECOTOX generally expresses concentration as active ionic form.","CORE","YES",24,,,"C","EXISTING_MEAN_PRESERVED",,,,,"MISSING",,,,,"MISSING",,,,,"MISSING","ECOTOX","E_15726","E_T1179972","E_R81929",,,,,,,,TRUE,"Not explicit","Lifestage=Adult"
1919,2136234,2252281,153073,"Cd","Cadmium chloride (CdCl2)","Paracyclopina nana","Cyclopoida","Adult",4,"Renewal","Total",,0.3,0.26,0.36,"mg/L",0.3,"mg/L",25,15,,,"Molecular Characterization and Expression of Vitellogenin (Vg) Genes from the Cyclopoid Copepod, Paracyclopina nana Exposed to Heavy Metals","PRIMARY_KEEP","Eligible copepod LC50 candidate",112.414,"ECOTOX_STANDARDIZED_TARGET_METAL",0.3,2.66870674471151,0.981593989792818,"HARMONIZED","ECOTOX standardized concentration used; for metal salts ECOTOX generally expresses concentration as active ionic form.","CORE","YES",25,,,"C","EXISTING_MEAN_PRESERVED",15,,,"0/00","EXISTING_MEAN_PRESERVED",,,,,"MISSING",,,,,"MISSING","ECOTOX","E_153073","E_T2136234","E_R2252281",,,,,,,,TRUE,"Not explicit","Lifestage=Adult"
1928,1135993,90613,11097,"Cd","Cadmium chloride (CdCl2)","Tisbe holothuriae","Harpacticoida",,2,"Static","Total",,872.7,,,"ug/L",872.7,"ug/L",18,38,,,"Differentiation of the Sensitivity to Copper and Cadmium in Different Life Stages of a Copepod","PRIMARY_KEEP","Eligible copepod LC50 candidate",112.414,"ECOTOX_STANDARDIZED_TARGET_METAL",0.8727,7.76326792036579,2.04940336930588,"HARMONIZED","ECOTOX standardized concentration used; for metal salts ECOTOX generally expresses concentration as active ionic form.","CORE","YES",18,,,"C","EXISTING_MEAN_PRESERVED",38,,,"0/00","EXISTING_MEAN_PRESERVED",,,,,"MISSING",,,,,"MISSING","ECOTOX","E_11097","E_T1135993","E_R90613",,,,,,,,TRUE,"Not explicit",""
1932,1070633,15838,5563,"Cd","Cadmium chloride (CdCl2)","Paracalanus parvus","Calanoida","Multiple",1,"Static","Total",,2710,2070,5220,"ug/L",2710,"ug/L",17,35,,,"Acute Toxicity of Copper, Cadmium and Zinc to Three Species of Marine Copepod","PRIMARY_KEEP","Eligible copepod LC50 candidate",112.414,"ECOTOX_STANDARDIZED_TARGET_METAL",2.71,24.107317593894,3.18251542901036,"HARMONIZED","ECOTOX standardized concentration used; for metal salts ECOTOX generally expresses concentration as active ionic form.","CORE","YES",17,,,"C","EXISTING_MEAN_PRESERVED",,34.5,35.5,"0/00","RAW_RANGE_MIDPOINT_RECOVERED",,,,,"MISSING",,,,,"MISSING","ECOTOX","E_5563","E_T1070633","E_R15838",,,,,,,,TRUE,"Not explicit","Lifestage=Multiple"
1944,2307791,2748533,192310,"Cd","Cadmium chloride (CdCl2)","Oithona similis","Cyclopoida","Adult",4,"Renewal","Dissolved",,0.019,,,"mg/L",0.019,"mg/L",26,29.5,7.8,,"Prescribing Sea Water Quality Criteria for Arsenic, Cadmium and Lead Through Species Sensitivity Distribution","PRIMARY_KEEP","Eligible copepod LC50 candidate",112.414,"ECOTOX_STANDARDIZED_TARGET_METAL",0.019,0.169018093831729,-1.77774950569694,"HARMONIZED","ECOTOX standardized concentration used; for metal salts ECOTOX generally expresses concentration as active ionic form.","CORE","YES",26,,,"C","EXISTING_MEAN_PRESERVED",29.5,,,"PSU","EXISTING_MEAN_PRESERVED",7.8,,,,"EXISTING_MEAN_PRESERVED",,,,,"MISSING","ECOTOX","E_192310","E_T2307791","E_R2748533",,,,,,,,TRUE,"Not explicit","Lifestage=Adult"
1981,1070632,15837,5563,"Cd","Cadmium chloride (CdCl2)","Acartia simplex","Calanoida","Multiple",1,"Static","Total",,1370,1050,1760,"ug/L",1370,"ug/L",17,35,,,"Acute Toxicity of Copper, Cadmium and Zinc to Three Species of Marine Copepod","PRIMARY_KEEP","Eligible copepod LC50 candidate",112.414,"ECOTOX_STANDARDIZED_TARGET_METAL",1.37,12.1870941341826,2.50037753395879,"HARMONIZED","ECOTOX standardized concentration used; for metal salts ECOTOX generally expresses concentration as active ionic form.","CORE","YES",17,,,"C","EXISTING_MEAN_PRESERVED",,34.5,35.5,"0/00","RAW_RANGE_MIDPOINT_RECOVERED",,,,,"MISSING",,,,,"MISSING","ECOTOX","E_5563","E_T1070632","E_R15837",,,,,,,,TRUE,"Not explicit","Lifestage=Multiple"
2000,2307795,2748541,192310,"Cd","Cadmium chloride (CdCl2)","Acartia danae","Calanoida","Adult",4,"Renewal","Dissolved",,0.032,,,"mg/L",0.032,"mg/L",26,29.5,7.8,,"Prescribing Sea Water Quality Criteria for Arsenic, Cadmium and Lead Through Species Sensitivity Distribution","PRIMARY_KEEP","Eligible copepod LC50 candidate",112.414,"ECOTOX_STANDARDIZED_TARGET_METAL",0.032,0.284662052769228,-1.25645258206366,"HARMONIZED","ECOTOX standardized concentration used; for metal salts ECOTOX generally expresses concentration as active ionic form.","CORE","YES",26,,,"C","EXISTING_MEAN_PRESERVED",29.5,,,"PSU","EXISTING_MEAN_PRESERVED",7.8,,,,"EXISTING_MEAN_PRESERVED",,,,,"MISSING","ECOTOX","E_192310","E_T2307795","E_R2748541",,,,,,,,TRUE,"Not explicit","Lifestage=Adult"
2009,1135991,90611,11097,"Cd","Cadmium chloride (CdCl2)","Tisbe holothuriae","Harpacticoida","Copepodid",2,"Static","Total",,906.1,,,"ug/L",906.1,"ug/L",18,38,,,"Differentiation of the Sensitivity to Copper and Cadmium in Different Life Stages of a Copepod","PRIMARY_KEEP","Eligible copepod LC50 candidate",112.414,"ECOTOX_STANDARDIZED_TARGET_METAL",0.9061,8.06038393794367,2.08696119036463,"HARMONIZED","ECOTOX standardized concentration used; for metal salts ECOTOX generally expresses concentration as active ionic form.","CORE","YES",18,,,"C","EXISTING_MEAN_PRESERVED",38,,,"0/00","EXISTING_MEAN_PRESERVED",,,,,"MISSING",,,,,"MISSING","ECOTOX","E_11097","E_T1135991","E_R90611",,,,,,,,TRUE,"Not explicit","Lifestage=Copepodid"
2014,1135990,90610,11097,"Cd","Cadmium chloride (CdCl2)","Tisbe holothuriae","Harpacticoida","Nauplii",2,"Static","Total",,645,,,"ug/L",645,"ug/L",18,38,,,"Differentiation of the Sensitivity to Copper and Cadmium in Different Life Stages of a Copepod","PRIMARY_KEEP","Eligible copepod LC50 candidate",112.414,"ECOTOX_STANDARDIZED_TARGET_METAL",0.645,5.73771950112975,1.74706183193239,"HARMONIZED","ECOTOX standardized concentration used; for metal salts ECOTOX generally expresses concentration as active ionic form.","CORE","YES",18,,,"C","EXISTING_MEAN_PRESERVED",38,,,"0/00","EXISTING_MEAN_PRESERVED",,,,,"MISSING",,,,,"MISSING","ECOTOX","E_11097","E_T1135990","E_R90610",,,,,,,,TRUE,"Not explicit","Lifestage=Nauplii"
2021,1165807,189248,14601,"Cd","Cadmium chloride (CdCl2)","Pseudodiaptomus coronatus","Calanoida","Adult",3,"Static","Total",,1910,1350,2708,"ug/L",1910,"ug/L",15,30,,,"Results of Acute Toxicity Tests Conducted with Cadmium at ERL, Narragansett","PRIMARY_KEEP","Eligible copepod LC50 candidate",112.414,"ECOTOX_STANDARDIZED_TARGET_METAL",1.91,16.9907662746633,2.83267003617729,"HARMONIZED","ECOTOX standardized concentration used; for metal salts ECOTOX generally expresses concentration as active ionic form.","CORE","YES",15,,,"C","EXISTING_MEAN_PRESERVED",30,,,"0/00","EXISTING_MEAN_PRESERVED",,,,,"MISSING",,,,,"MISSING","ECOTOX","E_14601","E_T1165807","E_R189248",,,,,,,,TRUE,"Not explicit","Lifestage=Adult"
2062,1135989,90609,11097,"Cd","Cadmium chloride (CdCl2)","Tisbe holothuriae","Harpacticoida","Nauplii",2,"Static","Total",,538.4,,,"ug/L",538.4,"ug/L",18,38,,,"Differentiation of the Sensitivity to Copper and Cadmium in Different Life Stages of a Copepod","PRIMARY_KEEP","Eligible copepod LC50 candidate",112.414,"ECOTOX_STANDARDIZED_TARGET_METAL",0.5384,4.78943903784226,1.56641329346713,"HARMONIZED","ECOTOX standardized concentration used; for metal salts ECOTOX generally expresses concentration as active ionic form.","CORE","YES",18,,,"C","EXISTING_MEAN_PRESERVED",38,,,"0/00","EXISTING_MEAN_PRESERVED",,,,,"MISSING",,,,,"MISSING","ECOTOX","E_11097","E_T1135989","E_R90609",,,,,,,,TRUE,"Not explicit","Lifestage=Nauplii"
2092,1135992,90612,11097,"Cd","Cadmium chloride (CdCl2)","Tisbe holothuriae","Harpacticoida",,2,"Static","Total",,916.6,,,"ug/L",916.6,"ug/L",18,38,,,"Differentiation of the Sensitivity to Copper and Cadmium in Different Life Stages of a Copepod","PRIMARY_KEEP","Eligible copepod LC50 candidate",112.414,"ECOTOX_STANDARDIZED_TARGET_METAL",0.9166,8.15378867400858,2.09848268721164,"HARMONIZED","ECOTOX standardized concentration used; for metal salts ECOTOX generally expresses concentration as active ionic form.","CORE","YES",18,,,"C","EXISTING_MEAN_PRESERVED",38,,,"0/00","EXISTING_MEAN_PRESERVED",,,,,"MISSING",,,,,"MISSING","ECOTOX","E_11097","E_T1135992","E_R90612",,,,,,,,TRUE,"Not explicit",""
2093,1070634,15839,5563,"Cd","Cadmium chloride (CdCl2)","Scutellidium sp.","Harpacticoida","Multiple",1,"Static","Total",,660,470,970,"ug/L",660,"ug/L",17,35,,,"Acute Toxicity of Copper, Cadmium and Zinc to Three Species of Marine Copepod","PRIMARY_KEEP","Eligible copepod LC50 candidate",112.414,"ECOTOX_STANDARDIZED_TARGET_METAL",0.66,5.87115483836533,1.77005135015709,"HARMONIZED","ECOTOX standardized concentration used; for metal salts ECOTOX generally expresses concentration as active ionic form.","CORE","YES",17,,,"C","EXISTING_MEAN_PRESERVED",,34.5,35.5,"0/00","RAW_RANGE_MIDPOINT_RECOVERED",,,,,"MISSING",,,,,"MISSING","ECOTOX","E_5563","E_T1070634","E_R15839",,,,,,,,TRUE,"Not explicit","Lifestage=Multiple"
2128,1129768,85199,10443,"Cd","Cadmium chloride (CdCl2)","Eurytemora affinis","Calanoida","Nauplii",4,"Static","Total",,60,1,200,"ug/L",60,"ug/L",22,10,,,"Comparison of Estuarine Species Sensitivities to Three Toxicants","PRIMARY_KEEP","Eligible copepod LC50 candidate",112.414,"ECOTOX_STANDARDIZED_TARGET_METAL",0.06,0.533741348942303,-0.627843922641283,"HARMONIZED","ECOTOX standardized concentration used; for metal salts ECOTOX generally expresses concentration as active ionic form.","CORE","YES",22,,,"C","EXISTING_MEAN_PRESERVED",10,,,"0/00","EXISTING_MEAN_PRESERVED",,,,,"MISSING",,,,,"MISSING","ECOTOX","E_10443","E_T1129768","E_R85199",,,,,,,,TRUE,"Not explicit","Lifestage=Nauplii"
2132,1116278,107520,9029,"Cd","Cadmium chloride (CdCl2)","Acartia tonsa","Calanoida","Adult",4,"Static","Total",,151,120,191,"ug/L",151,"ug/L",13,20,,,"Acute and Sublethal Effects of Cadmium on Ingestion, Egg Production and Life-Cycle Development in the Copepod Acartia tonsa","PRIMARY_KEEP","Eligible copepod LC50 candidate",112.414,"ECOTOX_STANDARDIZED_TARGET_METAL",0.151,1.34324906150479,0.295091351951541,"HARMONIZED","ECOTOX standardized concentration used; for metal salts ECOTOX generally expresses concentration as active ionic form.","CORE","YES",13,,,"C","EXISTING_MEAN_PRESERVED",20,,,"0/00","EXISTING_MEAN_PRESERVED",,,,,"MISSING",,,,,"MISSING","ECOTOX","E_9029","E_T1116278","E_R107520",,,,,,,,TRUE,"Not explicit","Lifestage=Adult"
2137,1129769,85200,10443,"Cd","Cadmium chloride (CdCl2)","Acartia tonsa","Calanoida","Nauplii",4,"Static","Total",,380,6,1520,"ug/L",380,"ug/L",22,10,,,"Comparison of Estuarine Species Sensitivities to Three Toxicants","PRIMARY_KEEP","Eligible copepod LC50 candidate",112.414,"ECOTOX_STANDARDIZED_TARGET_METAL",0.38,3.38036187663458,1.21798276785705,"HARMONIZED","ECOTOX standardized concentration used; for metal salts ECOTOX generally expresses concentration as active ionic form.","CORE","YES",22,,,"C","EXISTING_MEAN_PRESERVED",10,,,"0/00","EXISTING_MEAN_PRESERVED",,,,,"MISSING",,,,,"MISSING","ECOTOX","E_10443","E_T1129769","E_R85200",,,,,,,,TRUE,"Not explicit","Lifestage=Nauplii"
2144,1159839,142848,14137,"Cd","Cadmium chloride (CdCl2)","Tisbe battagliai","Harpacticoida","Adult",4,"Renewal","Total",,340,,,"ug/L",340,"ug/L",20.5,34.755,7.92,,"Toxicity of Cadmium, Hexavalent Chromium and Copper to Marine Fish Larvae (Cypinodon variegatus) and Copepods (Tisbe battagliai)","PRIMARY_KEEP","Eligible copepod LC50 candidate",112.414,"ECOTOX_STANDARDIZED_TARGET_METAL",0.34,3.02453431067305,1.10675713274682,"HARMONIZED","ECOTOX standardized concentration used; for metal salts ECOTOX generally expresses concentration as active ionic form.","CORE","YES",,20,21,"C","RAW_RANGE_MIDPOINT_RECOVERED",,34.5,35.01,"0/00","RAW_RANGE_MIDPOINT_RECOVERED",,7.7,8.14,,"RAW_RANGE_MIDPOINT_RECOVERED",,,,,"MISSING","ECOTOX","E_14137","E_T1159839","E_R142848",,,,,,,,TRUE,"Not explicit","Lifestage=Adult"
2154,1159838,142847,14137,"Cd","Cadmium chloride (CdCl2)","Tisbe battagliai","Harpacticoida","Nauplii",4,"Renewal","Total",,460,,,"ug/L",460,"ug/L",20.5,34.755,7.92,,"Toxicity of Cadmium, Hexavalent Chromium and Copper to Marine Fish Larvae (Cypinodon variegatus) and Copepods (Tisbe battagliai)","PRIMARY_KEEP","Eligible copepod LC50 candidate",112.414,"ECOTOX_STANDARDIZED_TARGET_METAL",0.46,4.09201700855765,1.40903800461976,"HARMONIZED","ECOTOX standardized concentration used; for metal salts ECOTOX generally expresses concentration as active ionic form.","CORE","YES",,20,21,"C","RAW_RANGE_MIDPOINT_RECOVERED",,34.5,35.01,"0/00","RAW_RANGE_MIDPOINT_RECOVERED",,7.7,8.14,,"RAW_RANGE_MIDPOINT_RECOVERED",,,,,"MISSING","ECOTOX","E_14137","E_T1159838","E_R142847",,,,,,,,TRUE,"Not explicit","Lifestage=Nauplii"
2155,1210147,186387,19281,"Cd","Cadmium chloride (CdCl2)","Tigriopus brevicornis","Harpacticoida",,4,"Static","Total",,47.9,45.8,50,"ug/L",47.9,"ug/L",20,34.75,7.92,,"Mortality and LC50 Values for Several Stages of the Marine Copepod Tigriopus brevicornis (Muller) Exposed to the Metals Arsenic and Cadmium and the Pesticides Atrazine, Carbofuran, Dichlorvos, and Malathion","PRIMARY_KEEP","Eligible copepod LC50 candidate",112.414,"ECOTOX_STANDARDIZED_TARGET_METAL",0.0479,0.426103510238938,-0.853072980446514,"HARMONIZED","ECOTOX standardized concentration used; for metal salts ECOTOX generally expresses concentration as active ionic form.","CORE","YES",20,,,"C","EXISTING_MEAN_PRESERVED",,34.5,35,"0/00","RAW_RANGE_MIDPOINT_RECOVERED",,7.7,8.14,,"RAW_RANGE_MIDPOINT_RECOVERED",,,,,"MISSING","ECOTOX","E_19281","E_T1210147","E_R186387",,,,,,,,TRUE,"Not explicit",""
2158,1210145,186385,19281,"Cd","Cadmium chloride (CdCl2)","Tigriopus brevicornis","Harpacticoida","Nauplii",4,"Static","Total",,17.4,15.4,19.4,"ug/L",17.4,"ug/L",20,34.75,7.92,,"Mortality and LC50 Values for Several Stages of the Marine Copepod Tigriopus brevicornis (Muller) Exposed to the Metals Arsenic and Cadmium and the Pesticides Atrazine, Carbofuran, Dichlorvos, and Malathion","PRIMARY_KEEP","Eligible copepod LC50 candidate",112.414,"ECOTOX_STANDARDIZED_TARGET_METAL",0.0174,0.154784991193268,-1.8657182786429,"HARMONIZED","ECOTOX standardized concentration used; for metal salts ECOTOX generally expresses concentration as active ionic form.","CORE","YES",20,,,"C","EXISTING_MEAN_PRESERVED",,34.5,35,"0/00","RAW_RANGE_MIDPOINT_RECOVERED",,7.7,8.14,,"RAW_RANGE_MIDPOINT_RECOVERED",,,,,"MISSING","ECOTOX","E_19281","E_T1210145","E_R186385",,,,,,,,TRUE,"Not explicit","Lifestage=Nauplii"
2160,1116277,107519,9029,"Cd","Cadmium chloride (CdCl2)","Acartia tonsa","Calanoida","Adult",4,"Static","Total",,29,23,37,"ug/L",29,"ug/L",21,20,,,"Acute and Sublethal Effects of Cadmium on Ingestion, Egg Production and Life-Cycle Development in the Copepod Acartia tonsa","PRIMARY_KEEP","Eligible copepod LC50 candidate",112.414,"ECOTOX_STANDARDIZED_TARGET_METAL",0.029,0.257974985322113,-1.35489265487691,"HARMONIZED","ECOTOX standardized concentration used; for metal salts ECOTOX generally expresses concentration as active ionic form.","CORE","YES",21,,,"C","EXISTING_MEAN_PRESERVED",20,,,"0/00","EXISTING_MEAN_PRESERVED",,,,,"MISSING",,,,,"MISSING","ECOTOX","E_9029","E_T1116277","E_R107519",,,,,,,,TRUE,"Not explicit","Lifestage=Adult"
2168,1165805,189246,14601,"Cd","Cadmium chloride (CdCl2)","Acartia clausi","Calanoida","Adult",3,"Static","Total",,409,272,544,"ug/L",409,"ug/L",10,30,,,"Results of Acute Toxicity Tests Conducted with Cadmium at ERL, Narragansett","PRIMARY_KEEP","Eligible copepod LC50 candidate",112.414,"ECOTOX_STANDARDIZED_TARGET_METAL",0.409,3.6383368619567,1.29152667117942,"HARMONIZED","ECOTOX standardized concentration used; for metal salts ECOTOX generally expresses concentration as active ionic form.","CORE","YES",10,,,"C","EXISTING_MEAN_PRESERVED",30,,,"0/00","EXISTING_MEAN_PRESERVED",,,,,"MISSING",,,,,"MISSING","ECOTOX","E_14601","E_T1165805","E_R189246",,,,,,,,TRUE,"Not explicit","Lifestage=Adult"
2176,1191628,166350,17219,"Cd","Cadmium chloride (CdCl2)","Eurytemora affinis","Calanoida","Neonate",4,"Static","Total",,82.9,51.1,134.3,"ug/L",82.9,"ug/L",24.5,25,8.17,,"The Effect of Salinity on the Acute Toxicity of Total Dissolved and Free Cadmium to the Copepod Eurytemora affinis and the Larval Fish Cyprinodon","PRIMARY_KEEP","Eligible copepod LC50 candidate",112.414,"ECOTOX_STANDARDIZED_TARGET_METAL",0.0829,0.737452630455281,-0.304553422722134,"HARMONIZED","ECOTOX standardized concentration used; for metal salts ECOTOX generally expresses concentration as active ionic form.","CORE","YES",,24,25,"C","RAW_RANGE_MIDPOINT_RECOVERED",25,24,27,"0/00","EXISTING_MEAN_PRESERVED",,7.89,8.45,,"RAW_RANGE_MIDPOINT_RECOVERED",,,,,"MISSING","ECOTOX","E_17219","E_T1191628","E_R166350",,,,,,,,TRUE,"Not explicit","Lifestage=Neonate"
2177,1165809,189250,14601,"Cd","Cadmium chloride (CdCl2)","Eurytemora affinis","Calanoida","Adult",4,"Static","Total",,1077,903,1289,"ug/L",1077,"ug/L",15,30,,,"Results of Acute Toxicity Tests Conducted with Cadmium at ERL, Narragansett","PRIMARY_KEEP","Eligible copepod LC50 candidate",112.414,"ECOTOX_STANDARDIZED_TARGET_METAL",1.077,9.58065721351433,2.25974619229301,"HARMONIZED","ECOTOX standardized concentration used; for metal salts ECOTOX generally expresses concentration as active ionic form.","CORE","YES",15,,,"C","EXISTING_MEAN_PRESERVED",30,,,"0/00","EXISTING_MEAN_PRESERVED",,,,,"MISSING",,,,,"MISSING","ECOTOX","E_14601","E_T1165809","E_R189250",,,,,,,,TRUE,"Not explicit","Lifestage=Adult"
2195,1037866,104471,2332,"Cd","Cadmium chloride (CdCl2)","Nitocra spinipes","Harpacticoida",,4,"Flow-through","Total",,660,530,820,"ug/L",660,"ug/L",,7,,,"A Flowthrough Fecundity Test with Nitocra spinipes (Harpacticoidea Crustacea) for Aquatic Toxicity","PRIMARY_KEEP","Eligible copepod LC50 candidate",112.414,"ECOTOX_STANDARDIZED_TARGET_METAL",0.66,5.87115483836533,1.77005135015709,"HARMONIZED","ECOTOX standardized concentration used; for metal salts ECOTOX generally expresses concentration as active ionic form.","CORE","YES",,,,,"MISSING",7,,,"0/00","EXISTING_MEAN_PRESERVED",,,,,"MISSING",,,,,"MISSING","ECOTOX","E_2332","E_T1037866","E_R104471",,,,,,,,TRUE,"Not explicit",""
2214,1165808,189249,14601,"Cd","Cadmium chloride (CdCl2)","Eurytemora affinis","Calanoida","Adult",4,"Static","Total",,1651,1337,2025,"ug/L",1651,"ug/L",15,30,,,"Results of Acute Toxicity Tests Conducted with Cadmium at ERL, Narragansett","PRIMARY_KEEP","Eligible copepod LC50 candidate",112.414,"ECOTOX_STANDARDIZED_TARGET_METAL",1.651,14.6867827850624,2.68694795905675,"HARMONIZED","ECOTOX standardized concentration used; for metal salts ECOTOX generally expresses concentration as active ionic form.","CORE","YES",15,,,"C","EXISTING_MEAN_PRESERVED",30,,,"0/00","EXISTING_MEAN_PRESERVED",,,,,"MISSING",,,,,"MISSING","ECOTOX","E_14601","E_T1165808","E_R189249",,,,,,,,TRUE,"Not explicit","Lifestage=Adult"
2221,1035623,54864,2183,"Cd","Cadmium chloride (CdCl2)","Nitocra spinipes","Harpacticoida","Adult",4,"Static","Total",,1800,1200,2800,"ug/L",1800,"ug/L",20,7,8,,"Use of a Harpacticoid Copepod in Toxicity Tests","PRIMARY_KEEP","Eligible copepod LC50 candidate",112.414,"ECOTOX_STANDARDIZED_TARGET_METAL",1.8,16.0122404682691,2.77335345902087,"HARMONIZED","ECOTOX standardized concentration used; for metal salts ECOTOX generally expresses concentration as active ionic form.","CORE","YES",20,,,"C","EXISTING_MEAN_PRESERVED",7,,,"0/00","EXISTING_MEAN_PRESERVED",8,,,,"EXISTING_MEAN_PRESERVED",,,,,"MISSING","ECOTOX","E_2183","E_T1035623","E_R54864",,,,,,,,TRUE,"Not explicit","Lifestage=Adult"
2224,1165806,189247,14601,"Cd","Cadmium chloride (CdCl2)","Acartia clausi","Calanoida","Adult",4,"Static","Total",,200,154,260,"ug/L",200,"ug/L",10,30,,,"Results of Acute Toxicity Tests Conducted with Cadmium at ERL, Narragansett","PRIMARY_KEEP","Eligible copepod LC50 candidate",112.414,"ECOTOX_STANDARDIZED_TARGET_METAL",0.2,1.77913782980768,0.576128881684653,"HARMONIZED","ECOTOX standardized concentration used; for metal salts ECOTOX generally expresses concentration as active ionic form.","CORE","YES",10,,,"C","EXISTING_MEAN_PRESERVED",30,,,"0/00","EXISTING_MEAN_PRESERVED",,,,,"MISSING",,,,,"MISSING","ECOTOX","E_14601","E_T1165806","E_R189247",,,,,,,,TRUE,"Not explicit","Lifestage=Adult"
2226,1037865,104470,2332,"Cd","Cadmium chloride (CdCl2)","Nitocra spinipes","Harpacticoida",,4,"Flow-through","Total",,780,410,1200,"ug/L",780,"ug/L",,15,,,"A Flowthrough Fecundity Test with Nitocra spinipes (Harpacticoidea Crustacea) for Aquatic Toxicity","PRIMARY_KEEP","Eligible copepod LC50 candidate",112.414,"ECOTOX_STANDARDIZED_TARGET_METAL",0.78,6.93863753624993,1.93710543482025,"HARMONIZED","ECOTOX standardized concentration used; for metal salts ECOTOX generally expresses concentration as active ionic form.","CORE","YES",,,,,"MISSING",15,,,"0/00","EXISTING_MEAN_PRESERVED",,,,,"MISSING",,,,,"MISSING","ECOTOX","E_2332","E_T1037865","E_R104470",,,,,,,,TRUE,"Not explicit",""
2234,1116276,107518,9029,"Cd","Cadmium chloride (CdCl2)","Acartia tonsa","Calanoida","Adult",4,"Static","Total",,93,82,106,"ug/L",93,"ug/L",18,15,,,"Acute and Sublethal Effects of Cadmium on Ingestion, Egg Production and Life-Cycle Development in the Copepod Acartia tonsa","PRIMARY_KEEP","Eligible copepod LC50 candidate",112.414,"ECOTOX_STANDARDIZED_TARGET_METAL",0.093,0.827299090860569,-0.189588991710127,"HARMONIZED","ECOTOX standardized concentration used; for metal salts ECOTOX generally expresses concentration as active ionic form.","CORE","YES",18,,,"C","EXISTING_MEAN_PRESERVED",15,,,"0/00","EXISTING_MEAN_PRESERVED",,,,,"MISSING",,,,,"MISSING","ECOTOX","E_9029","E_T1116276","E_R107518",,,,,,,,TRUE,"Not explicit","Lifestage=Adult"
2249,1191627,166349,17219,"Cd","Cadmium chloride (CdCl2)","Eurytemora affinis","Calanoida","Neonate",4,"Static","Total",,213.2,182,249.7,"ug/L",213.2,"ug/L",24,15,8.235,,"The Effect of Salinity on the Acute Toxicity of Total Dissolved and Free Cadmium to the Copepod Eurytemora affinis and the Larval Fish Cyprinodon","PRIMARY_KEEP","Eligible copepod LC50 candidate",112.414,"ECOTOX_STANDARDIZED_TARGET_METAL",0.2132,1.89656092657498,0.640042207428306,"HARMONIZED","ECOTOX standardized concentration used; for metal salts ECOTOX generally expresses concentration as active ionic form.","CORE","YES",24,,,"C","EXISTING_MEAN_PRESERVED",15,14,16,"0/00","EXISTING_MEAN_PRESERVED",,8.09,8.38,,"RAW_RANGE_MIDPOINT_RECOVERED",,,,,"MISSING","ECOTOX","E_17219","E_T1191627","E_R166349",,,,,,,,TRUE,"Not explicit","Lifestage=Neonate"
2255,1210146,186386,19281,"Cd","Cadmium chloride (CdCl2)","Tigriopus brevicornis","Harpacticoida","Copepodid",4,"Static","Total",,29.7,27.7,31.7,"ug/L",29.7,"ug/L",20,34.75,7.92,,"Mortality and LC50 Values for Several Stages of the Marine Copepod Tigriopus brevicornis (Muller) Exposed to the Metals Arsenic and Cadmium and the Pesticides Atrazine, Carbofuran, Dichlorvos, and Malathion","PRIMARY_KEEP","Eligible copepod LC50 candidate",112.414,"ECOTOX_STANDARDIZED_TARGET_METAL",0.0297,0.26420196772644,-1.33104143905473,"HARMONIZED","ECOTOX standardized concentration used; for metal salts ECOTOX generally expresses concentration as active ionic form.","CORE","YES",20,,,"C","EXISTING_MEAN_PRESERVED",,34.5,35,"0/00","RAW_RANGE_MIDPOINT_RECOVERED",,7.7,8.14,,"RAW_RANGE_MIDPOINT_RECOVERED",,,,,"MISSING","ECOTOX","E_19281","E_T1210146","E_R186386",,,,,,,,TRUE,"Not explicit","Lifestage=Copepodid"
2257,1295986,751250,111315,"Cd","Cadmium chloride (CdCl2)","Tigriopus japonicus","Harpacticoida","Adult",4,"Renewal","Total",,25.2,17.81,35.55,"mg/L",25.2,"mg/L",20,32,7.9,,"Acute Toxicities of Trace Metals and Common Xenobiotics to the Marine Copepod Tigriopus japonicus:  Evaluation of Its Use as a Benchmark Species for Routine Ecotoxicity Tests in Western Pacific Coastal Regions","PRIMARY_KEEP","Eligible copepod LC50 candidate",112.414,"ECOTOX_STANDARDIZED_TARGET_METAL",25.2,224.171366555767,5.41241078863613,"HARMONIZED","ECOTOX standardized concentration used; for metal salts ECOTOX generally expresses concentration as active ionic form.","CORE","YES",20,,,"C","EXISTING_MEAN_PRESERVED",32,,,"0/00","EXISTING_MEAN_PRESERVED",7.9,,,,"EXISTING_MEAN_PRESERVED",,,,,"MISSING","ECOTOX","E_111315","E_T1295986","E_R751250",,,,,,,,TRUE,"Not explicit","Lifestage=Adult"
2260,1191626,166348,17219,"Cd","Cadmium chloride (CdCl2)","Eurytemora affinis","Calanoida","Neonate",4,"Static","Total",,51.6,36.2,73.5,"ug/L",51.6,"ug/L",24.5,5,8.145,,"The Effect of Salinity on the Acute Toxicity of Total Dissolved and Free Cadmium to the Copepod Eurytemora affinis and the Larval Fish Cyprinodon","PRIMARY_KEEP","Eligible copepod LC50 candidate",112.414,"ECOTOX_STANDARDIZED_TARGET_METAL",0.0516,0.45901756009038,-0.778666812375866,"HARMONIZED","ECOTOX standardized concentration used; for metal salts ECOTOX generally expresses concentration as active ionic form.","CORE","YES",,24,25,"C","RAW_RANGE_MIDPOINT_RECOVERED",5,5,6,"0/00","EXISTING_MEAN_PRESERVED",,7.53,8.76,,"RAW_RANGE_MIDPOINT_RECOVERED",,,,,"MISSING","ECOTOX","E_17219","E_T1191626","E_R166348",,,,,,,,TRUE,"Not explicit","Lifestage=Neonate"
2271,2146950,2279333,166028,"Hg","Mercury chloride (Hg2Cl2)","Tigriopus fulvus","Harpacticoida","Nauplii",2,"Static","Total",,0.095,,,"mg/L",0.095,"mg/L",20,38,8,,"Assessment of Individual and Combined Toxicities of Three Heavy Metals (Cu, Cd and Hg) by Using Tigriopus fulvus","PRIMARY_KEEP","Eligible copepod LC50 candidate",200.592,"ECOTOX_STANDARDIZED_TARGET_METAL",0.095,0.473598149477546,-0.747396102773129,"HARMONIZED","ECOTOX standardized concentration used; for metal salts ECOTOX generally expresses concentration as active ionic form.","EXPLORATORY","NO",20,,,"C","EXISTING_MEAN_PRESERVED",38,,,"0/00","EXISTING_MEAN_PRESERVED",8,,,,"EXISTING_MEAN_PRESERVED",,,,,"MISSING","ECOTOX","E_166028","E_T2146950","E_R2279333",,,,,,,,TRUE,"Not explicit","Lifestage=Nauplii"
2275,2146953,2279336,166028,"Cd","Nitric acid, Cadmium salt (2:1)","Tigriopus fulvus","Harpacticoida","Nauplii",2,"Static","Total",,2.12,,,"mg/L",2.12,"mg/L",20,38,8,,"Assessment of Individual and Combined Toxicities of Three Heavy Metals (Cu, Cd and Hg) by Using Tigriopus fulvus","PRIMARY_KEEP","Eligible copepod LC50 candidate",112.414,"ECOTOX_STANDARDIZED_TARGET_METAL",2.12,18.8588609959614,2.93698288280267,"HARMONIZED","ECOTOX standardized concentration used; for metal salts ECOTOX generally expresses concentration as active ionic form.","CORE","YES",20,,,"C","EXISTING_MEAN_PRESERVED",38,,,"0/00","EXISTING_MEAN_PRESERVED",8,,,,"EXISTING_MEAN_PRESERVED",,,,,"MISSING","ECOTOX","E_166028","E_T2146953","E_R2279336",,,,,,,,TRUE,"Not explicit","Lifestage=Nauplii"
,,,,"Ni","Ni salt not reported","Oithona similis","Cyclopoida","Adult",4,"Waterborne","Measured","=",2.52,,,"mg/L",2.52,"mg/L",24,30,,,,"WOS_SOURCE_VERIFIED_KEEP","Supplementary WoS record; source verified and retained for quantitative augmentation",58.6934,"WOS_SOURCE_VERIFIED_ELEMENTAL_METAL_MASS",2.52,42.9349807644471,3.75968689610868,"HARMONIZED","Reported metal-mass LC50 converted to umol/L using target-metal atomic weight","PENDING_COMBINED_SUPPORT_AUDIT","PENDING_COMBINED_SUPPORT_AUDIT",24,,,"C","SOURCE_REPORTED_WOS",30,,,"PSU/ppt as reported","SOURCE_REPORTED_WOS",,,,,"NOT_EXTRACTED_WOS",,,,,"NOT_EXTRACTED_WOS","WoS_supplemental","W_001","W_001_T01","W_001_T01_R01","A02","10.1007/s00128-018-2279-7","Panneerselvam et al. (2018)","Adult","Measured dissolved","Results/Table 1","Table/Results value used; abstract differs.",TRUE,"Not explicit","External_Stage_Sex=Adult | Lifestage=Adult"
,,,,"Ni","Ni salt not reported","Acartia danae","Calanoida","Adult",4,"Waterborne","Measured","=",2.351,,,"mg/L",2.351,"mg/L",24,30,,,,"WOS_SOURCE_VERIFIED_KEEP","Supplementary WoS record; source verified and retained for quantitative augmentation",58.6934,"WOS_SOURCE_VERIFIED_ELEMENTAL_METAL_MASS",2.351,40.0556110227044,3.69026876414328,"HARMONIZED","Reported metal-mass LC50 converted to umol/L using target-metal atomic weight","PENDING_COMBINED_SUPPORT_AUDIT","PENDING_COMBINED_SUPPORT_AUDIT",24,,,"C","SOURCE_REPORTED_WOS",30,,,"PSU/ppt as reported","SOURCE_REPORTED_WOS",,,,,"NOT_EXTRACTED_WOS",,,,,"NOT_EXTRACTED_WOS","WoS_supplemental","W_001","W_001_T02","W_001_T02_R01","A02","10.1007/s00128-018-2279-7","Panneerselvam et al. (2018)","Adult","Measured dissolved","Results/Table 1","Table/Results value used; abstract rounded differently.",TRUE,"Not explicit","External_Stage_Sex=Adult | Lifestage=Adult"
,,,,"Cd","Cd salt not reported","Pseudodiaptomus annandalei","Calanoida","Adult",3,"Waterborne","Nominal","=",252.2,,,"ug/L",252.2,"ug/L",26,15,,,,"WOS_SOURCE_VERIFIED_KEEP","Supplementary WoS record; source verified and retained for quantitative augmentation",112.414,"WOS_SOURCE_VERIFIED_ELEMENTAL_METAL_MASS",0.2522,2.24349280338748,0.808033938667436,"HARMONIZED","Reported metal-mass LC50 converted to umol/L using target-metal atomic weight","PENDING_COMBINED_SUPPORT_AUDIT","PENDING_COMBINED_SUPPORT_AUDIT",26,,,"C","SOURCE_REPORTED_WOS",15,,,"PSU/ppt as reported","SOURCE_REPORTED_WOS",,,,,"NOT_EXTRACTED_WOS",,,,,"NOT_EXTRACTED_WOS","WoS_supplemental","W_002","W_002_T01","W_002_T01_R01","A03","10.1007/s10646-017-1848-6","Kadiene et al. (2017)","Adult male","Nominal","Table 1",,TRUE,"Male","External_Stage_Sex=Adult male | Lifestage=Adult"
,,,,"Cd","Cd salt not reported","Pseudodiaptomus annandalei","Calanoida","Adult",4,"Waterborne","Nominal","=",120.59,,,"ug/L",120.59,"ug/L",26,15,,,,"WOS_SOURCE_VERIFIED_KEEP","Supplementary WoS record; source verified and retained for quantitative augmentation",112.414,"WOS_SOURCE_VERIFIED_ELEMENTAL_METAL_MASS",0.12059,1.07273115448254,0.070207877252118,"HARMONIZED","Reported metal-mass LC50 converted to umol/L using target-metal atomic weight","PENDING_COMBINED_SUPPORT_AUDIT","PENDING_COMBINED_SUPPORT_AUDIT",26,,,"C","SOURCE_REPORTED_WOS",15,,,"PSU/ppt as reported","SOURCE_REPORTED_WOS",,,,,"NOT_EXTRACTED_WOS",,,,,"NOT_EXTRACTED_WOS","WoS_supplemental","W_002","W_002_T01","W_002_T01_R02","A03","10.1007/s10646-017-1848-6","Kadiene et al. (2017)","Adult male","Nominal","Table 1",,TRUE,"Male","External_Stage_Sex=Adult male | Lifestage=Adult"
,,,,"Cd","Cd salt not reported","Pseudodiaptomus annandalei","Calanoida","Adult",3,"Waterborne","Nominal","=",461.86,,,"ug/L",461.86,"ug/L",26,15,,,,"WOS_SOURCE_VERIFIED_KEEP","Supplementary WoS record; source verified and retained for quantitative augmentation",112.414,"WOS_SOURCE_VERIFIED_ELEMENTAL_METAL_MASS",0.46186,4.10856299037486,1.41307332999237,"HARMONIZED","Reported metal-mass LC50 converted to umol/L using target-metal atomic weight","PENDING_COMBINED_SUPPORT_AUDIT","PENDING_COMBINED_SUPPORT_AUDIT",26,,,"C","SOURCE_REPORTED_WOS",15,,,"PSU/ppt as reported","SOURCE_REPORTED_WOS",,,,,"NOT_EXTRACTED_WOS",,,,,"NOT_EXTRACTED_WOS","WoS_supplemental","W_002","W_002_T02","W_002_T02_R01","A03","10.1007/s10646-017-1848-6","Kadiene et al. (2017)","Adult female","Nominal","Table 1","LC50 above highest tested concentration (360 µg/L).",TRUE,"Female","External_Stage_Sex=Adult female | Lifestage=Adult"
,,,,"Cd","Cd salt not reported","Pseudodiaptomus annandalei","Calanoida","Adult",4,"Waterborne","Nominal","=",239.46,,,"ug/L",239.46,"ug/L",26,15,,,,"WOS_SOURCE_VERIFIED_KEEP","Supplementary WoS record; source verified and retained for quantitative augmentation",112.414,"WOS_SOURCE_VERIFIED_ELEMENTAL_METAL_MASS",0.23946,2.13016172362873,0.756197903425314,"HARMONIZED","Reported metal-mass LC50 converted to umol/L using target-metal atomic weight","PENDING_COMBINED_SUPPORT_AUDIT","PENDING_COMBINED_SUPPORT_AUDIT",26,,,"C","SOURCE_REPORTED_WOS",15,,,"PSU/ppt as reported","SOURCE_REPORTED_WOS",,,,,"NOT_EXTRACTED_WOS",,,,,"NOT_EXTRACTED_WOS","WoS_supplemental","W_002","W_002_T02","W_002_T02_R02","A03","10.1007/s10646-017-1848-6","Kadiene et al. (2017)","Adult female","Nominal","Table 1",,TRUE,"Female","External_Stage_Sex=Adult female | Lifestage=Adult"
,,,,"Cd","Cd salt not reported","Eurytemora affinis","Calanoida","Adult",2,"Waterborne","Nominal","=",365.54,,,"ug/L",365.54,"ug/L",18,15,,,,"WOS_SOURCE_VERIFIED_KEEP","Supplementary WoS record; source verified and retained for quantitative augmentation",112.414,"WOS_SOURCE_VERIFIED_ELEMENTAL_METAL_MASS",0.36554,3.25173021153949,1.17918722746291,"HARMONIZED","Reported metal-mass LC50 converted to umol/L using target-metal atomic weight","PENDING_COMBINED_SUPPORT_AUDIT","PENDING_COMBINED_SUPPORT_AUDIT",18,,,"C","SOURCE_REPORTED_WOS",15,,,"PSU/ppt as reported","SOURCE_REPORTED_WOS",,,,,"NOT_EXTRACTED_WOS",,,,,"NOT_EXTRACTED_WOS","WoS_supplemental","W_002","W_002_T03","W_002_T03_R01","A03","10.1007/s10646-017-1848-6","Kadiene et al. (2017)","Adult female","Nominal","Table 1",,TRUE,"Female","External_Stage_Sex=Adult female | Lifestage=Adult"
,,,,"Cd","Cd salt not reported","Eurytemora affinis","Calanoida","Adult",3,"Waterborne","Nominal","=",158.88,,,"ug/L",158.88,"ug/L",18,15,,,,"WOS_SOURCE_VERIFIED_KEEP","Supplementary WoS record; source verified and retained for quantitative augmentation",112.414,"WOS_SOURCE_VERIFIED_ELEMENTAL_METAL_MASS",0.15888,1.41334709199922,0.345960715433479,"HARMONIZED","Reported metal-mass LC50 converted to umol/L using target-metal atomic weight","PENDING_COMBINED_SUPPORT_AUDIT","PENDING_COMBINED_SUPPORT_AUDIT",18,,,"C","SOURCE_REPORTED_WOS",15,,,"PSU/ppt as reported","SOURCE_REPORTED_WOS",,,,,"NOT_EXTRACTED_WOS",,,,,"NOT_EXTRACTED_WOS","WoS_supplemental","W_002","W_002_T03","W_002_T03_R02","A03","10.1007/s10646-017-1848-6","Kadiene et al. (2017)","Adult female","Nominal","Table 1",,TRUE,"Female","External_Stage_Sex=Adult female | Lifestage=Adult"
,,,,"Cd","Cd salt not reported","Eurytemora affinis","Calanoida","Adult",4,"Waterborne","Nominal","=",90.04,,,"ug/L",90.04,"ug/L",18,15,,,,"WOS_SOURCE_VERIFIED_KEEP","Supplementary WoS record; source verified and retained for quantitative augmentation",112.414,"WOS_SOURCE_VERIFIED_ELEMENTAL_METAL_MASS",0.09004,0.800967850979415,-0.221934468824852,"HARMONIZED","Reported metal-mass LC50 converted to umol/L using target-metal atomic weight","PENDING_COMBINED_SUPPORT_AUDIT","PENDING_COMBINED_SUPPORT_AUDIT",18,,,"C","SOURCE_REPORTED_WOS",15,,,"PSU/ppt as reported","SOURCE_REPORTED_WOS",,,,,"NOT_EXTRACTED_WOS",,,,,"NOT_EXTRACTED_WOS","WoS_supplemental","W_002","W_002_T03","W_002_T03_R03","A03","10.1007/s10646-017-1848-6","Kadiene et al. (2017)","Adult female","Nominal","Table 1",,TRUE,"Female","External_Stage_Sex=Adult female | Lifestage=Adult"
,,,,"Cd","Cd salt not reported","Eurytemora affinis","Calanoida","Adult",3,"Waterborne","Nominal","=",281.94,,,"ug/L",281.94,"ug/L",18,15,,,,"WOS_SOURCE_VERIFIED_KEEP","Supplementary WoS record; source verified and retained for quantitative augmentation",112.414,"WOS_SOURCE_VERIFIED_ELEMENTAL_METAL_MASS",0.28194,2.50805059867988,0.919505797479396,"HARMONIZED","Reported metal-mass LC50 converted to umol/L using target-metal atomic weight","PENDING_COMBINED_SUPPORT_AUDIT","PENDING_COMBINED_SUPPORT_AUDIT",18,,,"C","SOURCE_REPORTED_WOS",15,,,"PSU/ppt as reported","SOURCE_REPORTED_WOS",,,,,"NOT_EXTRACTED_WOS",,,,,"NOT_EXTRACTED_WOS","WoS_supplemental","W_002","W_002_T04","W_002_T04_R01","A03","10.1007/s10646-017-1848-6","Kadiene et al. (2017)","Adult male","Nominal","Table 1",,TRUE,"Male","External_Stage_Sex=Adult male | Lifestage=Adult"
,,,,"Cd","Cd salt not reported","Eurytemora affinis","Calanoida","Adult",4,"Waterborne","Nominal","=",127.75,,,"ug/L",127.75,"ug/L",18,15,,,,"WOS_SOURCE_VERIFIED_KEEP","Supplementary WoS record; source verified and retained for quantitative augmentation",112.414,"WOS_SOURCE_VERIFIED_ELEMENTAL_METAL_MASS",0.12775,1.13642428878965,0.127886744220431,"HARMONIZED","Reported metal-mass LC50 converted to umol/L using target-metal atomic weight","PENDING_COMBINED_SUPPORT_AUDIT","PENDING_COMBINED_SUPPORT_AUDIT",18,,,"C","SOURCE_REPORTED_WOS",15,,,"PSU/ppt as reported","SOURCE_REPORTED_WOS",,,,,"NOT_EXTRACTED_WOS",,,,,"NOT_EXTRACTED_WOS","WoS_supplemental","W_002","W_002_T04","W_002_T04_R02","A03","10.1007/s10646-017-1848-6","Kadiene et al. (2017)","Adult male","Nominal","Table 1",,TRUE,"Male","External_Stage_Sex=Adult male | Lifestage=Adult"
,,,,"Hg","HgCl2","Calanus finmarchicus","Calanoida","Copepodite",1,"Waterborne","Measured","=",279,,,"ug/L",279,"ug/L",10,,,,,"WOS_SOURCE_VERIFIED_KEEP","Supplementary WoS record; source verified and retained for quantitative augmentation",200.592,"WOS_SOURCE_VERIFIED_ELEMENTAL_METAL_MASS",0.279,1.39088298636037,0.329938787447696,"HARMONIZED","Reported metal-mass LC50 converted to umol/L using target-metal atomic weight","PENDING_COMBINED_SUPPORT_AUDIT","PENDING_COMBINED_SUPPORT_AUDIT",10,,,"C","SOURCE_REPORTED_WOS",,,,,"NOT_REPORTED_WOS",,,,,"NOT_EXTRACTED_WOS",,,,,"NOT_EXTRACTED_WOS","WoS_supplemental","W_003","W_003_T01","W_003_T01_R01","A04","10.1080/15287394.2017.1352198","Tollefsen et al. (2017)","Copepodite V (CV)","Measured","Abstract/Results","LC50 above tested concentration range.",TRUE,"Not explicit","External_Stage_Sex=Copepodite V (CV) | Lifestage=Copepodite"
,,,,"Hg","HgCl2","Calanus finmarchicus","Calanoida","Copepodite",2,"Waterborne","Measured","=",73,,,"ug/L",73,"ug/L",10,,,,,"WOS_SOURCE_VERIFIED_KEEP","Supplementary WoS record; source verified and retained for quantitative augmentation",200.592,"WOS_SOURCE_VERIFIED_ELEMENTAL_METAL_MASS",0.073,0.363922788545904,-1.01081355322528,"HARMONIZED","Reported metal-mass LC50 converted to umol/L using target-metal atomic weight","PENDING_COMBINED_SUPPORT_AUDIT","PENDING_COMBINED_SUPPORT_AUDIT",10,,,"C","SOURCE_REPORTED_WOS",,,,,"NOT_REPORTED_WOS",,,,,"NOT_EXTRACTED_WOS",,,,,"NOT_EXTRACTED_WOS","WoS_supplemental","W_003","W_003_T01","W_003_T01_R02","A04","10.1080/15287394.2017.1352198","Tollefsen et al. (2017)","Copepodite V (CV)","Measured","Abstract/Results","Discussion reports 43.1 once; Abstract/Results consistently report 73.",TRUE,"Not explicit","External_Stage_Sex=Copepodite V (CV) | Lifestage=Copepodite"
,,,,"Hg","HgCl2","Calanus finmarchicus","Calanoida","Copepodite",3,"Waterborne","Measured","=",48,,,"ug/L",48,"ug/L",10,,,,,"WOS_SOURCE_VERIFIED_KEEP","Supplementary WoS record; source verified and retained for quantitative augmentation",200.592,"WOS_SOURCE_VERIFIED_ELEMENTAL_METAL_MASS",0.048,0.239291696578129,-1.43007198346578,"HARMONIZED","Reported metal-mass LC50 converted to umol/L using target-metal atomic weight","PENDING_COMBINED_SUPPORT_AUDIT","PENDING_COMBINED_SUPPORT_AUDIT",10,,,"C","SOURCE_REPORTED_WOS",,,,,"NOT_REPORTED_WOS",,,,,"NOT_EXTRACTED_WOS",,,,,"NOT_EXTRACTED_WOS","WoS_supplemental","W_003","W_003_T01","W_003_T01_R03","A04","10.1080/15287394.2017.1352198","Tollefsen et al. (2017)","Copepodite V (CV)","Measured","Abstract/Results",,TRUE,"Not explicit","External_Stage_Sex=Copepodite V (CV) | Lifestage=Copepodite"
,,,,"Hg","HgCl2","Calanus finmarchicus","Calanoida","Copepodite",4,"Waterborne","Measured","=",34,,,"ug/L",34,"ug/L",10,,,,,"WOS_SOURCE_VERIFIED_KEEP","Supplementary WoS record; source verified and retained for quantitative augmentation",200.592,"WOS_SOURCE_VERIFIED_ELEMENTAL_METAL_MASS",0.034,0.169498285076175,-1.77491246975751,"HARMONIZED","Reported metal-mass LC50 converted to umol/L using target-metal atomic weight","PENDING_COMBINED_SUPPORT_AUDIT","PENDING_COMBINED_SUPPORT_AUDIT",10,,,"C","SOURCE_REPORTED_WOS",,,,,"NOT_REPORTED_WOS",,,,,"NOT_EXTRACTED_WOS",,,,,"NOT_EXTRACTED_WOS","WoS_supplemental","W_003","W_003_T01","W_003_T01_R04","A04","10.1080/15287394.2017.1352198","Tollefsen et al. (2017)","Copepodite V (CV)","Measured","Abstract/Results",,TRUE,"Not explicit","External_Stage_Sex=Copepodite V (CV) | Lifestage=Copepodite"
,,,,"Ni","NiSO4·6H2O","Pseudodiaptomus marinus","Calanoida","Adult",1,"Waterborne","Nominal","=",531.39,,,"ug/L",531.39,"ug/L",20,33,,,,"WOS_SOURCE_VERIFIED_KEEP","Supplementary WoS record; source verified and retained for quantitative augmentation",58.6934,"WOS_SOURCE_VERIFIED_ELEMENTAL_METAL_MASS",0.53139,9.05365850334109,2.20316893053582,"HARMONIZED","Reported metal-mass LC50 converted to umol/L using target-metal atomic weight","PENDING_COMBINED_SUPPORT_AUDIT","PENDING_COMBINED_SUPPORT_AUDIT",20,,,"C","SOURCE_REPORTED_WOS",33,,,"PSU/ppt as reported","SOURCE_REPORTED_WOS",,,,,"NOT_EXTRACTED_WOS",,,,,"NOT_EXTRACTED_WOS","WoS_supplemental","W_004","W_004_T01","W_004_T01_R01","A05","10.1016/j.chemosphere.2015.10.057","Tlili et al. (2016)","Adult","Nominal","Table 2","24-h LC50 slightly above highest tested concentration.",TRUE,"Not explicit","External_Stage_Sex=Adult | Lifestage=Adult"
,,,,"Ni","NiSO4·6H2O","Pseudodiaptomus marinus","Calanoida","Adult",2,"Waterborne","Nominal","=",313.84,,,"ug/L",313.84,"ug/L",20,33,,,,"WOS_SOURCE_VERIFIED_KEEP","Supplementary WoS record; source verified and retained for quantitative augmentation",58.6934,"WOS_SOURCE_VERIFIED_ELEMENTAL_METAL_MASS",0.31384,5.34710887425162,1.6765560175045,"HARMONIZED","Reported metal-mass LC50 converted to umol/L using target-metal atomic weight","PENDING_COMBINED_SUPPORT_AUDIT","PENDING_COMBINED_SUPPORT_AUDIT",20,,,"C","SOURCE_REPORTED_WOS",33,,,"PSU/ppt as reported","SOURCE_REPORTED_WOS",,,,,"NOT_EXTRACTED_WOS",,,,,"NOT_EXTRACTED_WOS","WoS_supplemental","W_004","W_004_T01","W_004_T01_R02","A05","10.1016/j.chemosphere.2015.10.057","Tlili et al. (2016)","Adult","Nominal","Table 2",,TRUE,"Not explicit","External_Stage_Sex=Adult | Lifestage=Adult"
,,,,"Ni","NiSO4·6H2O","Pseudodiaptomus marinus","Calanoida","Adult",3,"Waterborne","Nominal","=",182.51,,,"ug/L",182.51,"ug/L",20,33,,,,"WOS_SOURCE_VERIFIED_KEEP","Supplementary WoS record; source verified and retained for quantitative augmentation",58.6934,"WOS_SOURCE_VERIFIED_ELEMENTAL_METAL_MASS",0.18251,3.1095489441743,1.13447768164514,"HARMONIZED","Reported metal-mass LC50 converted to umol/L using target-metal atomic weight","PENDING_COMBINED_SUPPORT_AUDIT","PENDING_COMBINED_SUPPORT_AUDIT",20,,,"C","SOURCE_REPORTED_WOS",33,,,"PSU/ppt as reported","SOURCE_REPORTED_WOS",,,,,"NOT_EXTRACTED_WOS",,,,,"NOT_EXTRACTED_WOS","WoS_supplemental","W_004","W_004_T01","W_004_T01_R03","A05","10.1016/j.chemosphere.2015.10.057","Tlili et al. (2016)","Adult","Nominal","Table 2",,TRUE,"Not explicit","External_Stage_Sex=Adult | Lifestage=Adult"
,,,,"Ni","NiSO4·6H2O","Pseudodiaptomus marinus","Calanoida","Adult",4,"Waterborne","Nominal","=",136.17,,,"ug/L",136.17,"ug/L",20,33,,,,"WOS_SOURCE_VERIFIED_KEEP","Supplementary WoS record; source verified and retained for quantitative augmentation",58.6934,"WOS_SOURCE_VERIFIED_ELEMENTAL_METAL_MASS",0.13617,2.3200223534503,0.84157682073969,"HARMONIZED","Reported metal-mass LC50 converted to umol/L using target-metal atomic weight","PENDING_COMBINED_SUPPORT_AUDIT","PENDING_COMBINED_SUPPORT_AUDIT",20,,,"C","SOURCE_REPORTED_WOS",33,,,"PSU/ppt as reported","SOURCE_REPORTED_WOS",,,,,"NOT_EXTRACTED_WOS",,,,,"NOT_EXTRACTED_WOS","WoS_supplemental","W_004","W_004_T01","W_004_T01_R04","A05","10.1016/j.chemosphere.2015.10.057","Tlili et al. (2016)","Adult","Nominal","Table 2",,TRUE,"Not explicit","External_Stage_Sex=Adult | Lifestage=Adult"
,,,,"Zn","ZnSO4·7H2O","Tisbe biminiensis","Harpacticoida","Nauplii",3,"Waterborne","Nominal","=",0.79,,,"mg/L",0.79,"mg/L",28,34,,,,"WOS_SOURCE_VERIFIED_KEEP","Supplementary WoS record; source verified and retained for quantitative augmentation",65.38,"WOS_SOURCE_VERIFIED_ELEMENTAL_METAL_MASS",0.79,12.0832058733558,2.491816544165,"HARMONIZED","Reported metal-mass LC50 converted to umol/L using target-metal atomic weight","PENDING_COMBINED_SUPPORT_AUDIT","PENDING_COMBINED_SUPPORT_AUDIT",28,,,"C","SOURCE_REPORTED_WOS",34,,,"PSU/ppt as reported","SOURCE_REPORTED_WOS",,,,,"NOT_EXTRACTED_WOS",,,,,"NOT_EXTRACTED_WOS","WoS_supplemental","W_005","W_005_T01","W_005_T01_R01","A06","10.1016/j.ecoenv.2013.05.010","Lavorante et al. (2013)","Nauplii ≤24 h","Nominal; analytically verified","Table 1 / Results","Source also reports 3.46 mg/L ZnSO4·7H2O and converts to 0.79 mg/L Zn2+.",TRUE,"Not explicit","External_Stage_Sex=Nauplii ≤24 h | Lifestage=Nauplii"
,,,,"Ag","AgNO3","Calanus finmarchicus","Calanoida","Adult",4,"Waterborne","Measured","=",146,,,"ug/L",146,"ug/L",10,,,,,"WOS_SOURCE_VERIFIED_KEEP","Supplementary WoS record; source verified and retained for quantitative augmentation",107.8682,"WOS_SOURCE_VERIFIED_ELEMENTAL_METAL_MASS",0.146,1.35350362757513,0.302696510212797,"HARMONIZED","Reported metal-mass LC50 converted to umol/L using target-metal atomic weight","PENDING_COMBINED_SUPPORT_AUDIT","PENDING_COMBINED_SUPPORT_AUDIT",10,,,"C","SOURCE_REPORTED_WOS",,,,,"NOT_REPORTED_WOS",,,,,"NOT_EXTRACTED_WOS",,,,,"NOT_EXTRACTED_WOS","WoS_supplemental","W_006","W_006_T01","W_006_T01_R01","A08","10.1016/j.aquatox.2020.105582","Farkas et al. (2020)","Newly molted non-ovulating females","Measured total Ag","Results","Ionic Ag+ arm only; AgNP and oil-mixture arms excluded.",TRUE,"Female","External_Stage_Sex=Newly molted non-ovulating females | Lifestage=Adult"
,,,,"Zn","ZnSO4·H2O","Tigriopus fulvus","Harpacticoida","Nauplii",4,"Waterborne","Nominal","=",0.63,,,"mg/L",0.63,"mg/L",20,38,,,,"WOS_SOURCE_VERIFIED_KEEP","Supplementary WoS record; source verified and retained for quantitative augmentation",65.38,"WOS_SOURCE_VERIFIED_ELEMENTAL_METAL_MASS",0.63,9.63597430406852,2.26550341808951,"HARMONIZED","Reported metal-mass LC50 converted to umol/L using target-metal atomic weight","PENDING_COMBINED_SUPPORT_AUDIT","PENDING_COMBINED_SUPPORT_AUDIT",20,,,"C","SOURCE_REPORTED_WOS",38,,,"PSU/ppt as reported","SOURCE_REPORTED_WOS",,,,,"NOT_EXTRACTED_WOS",,,,,"NOT_EXTRACTED_WOS","WoS_supplemental","W_007","W_007_T01","W_007_T01_R01","A09","10.3389/fpubh.2020.00192","Vimercati et al. (2020)","Nauplii 24–48 h","Nominal; analytically verified","Table 6","Separate source-reported trial; source mean = 0.70 mg/L. ZnO NP arm excluded.",TRUE,"Not explicit","External_Stage_Sex=Nauplii 24–48 h | Lifestage=Nauplii"
,,,,"Zn","ZnSO4·H2O","Tigriopus fulvus","Harpacticoida","Nauplii",4,"Waterborne","Nominal","=",0.6,,,"mg/L",0.6,"mg/L",20,38,,,,"WOS_SOURCE_VERIFIED_KEEP","Supplementary WoS record; source verified and retained for quantitative augmentation",65.38,"WOS_SOURCE_VERIFIED_ELEMENTAL_METAL_MASS",0.6,9.17711838482716,2.21671325392008,"HARMONIZED","Reported metal-mass LC50 converted to umol/L using target-metal atomic weight","PENDING_COMBINED_SUPPORT_AUDIT","PENDING_COMBINED_SUPPORT_AUDIT",20,,,"C","SOURCE_REPORTED_WOS",38,,,"PSU/ppt as reported","SOURCE_REPORTED_WOS",,,,,"NOT_EXTRACTED_WOS",,,,,"NOT_EXTRACTED_WOS","WoS_supplemental","W_007","W_007_T02","W_007_T02_R01","A09","10.3389/fpubh.2020.00192","Vimercati et al. (2020)","Nauplii 24–48 h","Nominal; analytically verified","Table 6","Separate source-reported trial; source mean = 0.70 mg/L. ZnO NP arm excluded.",TRUE,"Not explicit","External_Stage_Sex=Nauplii 24–48 h | Lifestage=Nauplii"
,,,,"Zn","ZnSO4·H2O","Tigriopus fulvus","Harpacticoida","Nauplii",4,"Waterborne","Nominal","=",0.88,,,"mg/L",0.88,"mg/L",20,38,,,,"WOS_SOURCE_VERIFIED_KEEP","Supplementary WoS record; source verified and retained for quantitative augmentation",65.38,"WOS_SOURCE_VERIFIED_ELEMENTAL_METAL_MASS",0.88,13.4597736310798,2.59970550617619,"HARMONIZED","Reported metal-mass LC50 converted to umol/L using target-metal atomic weight","PENDING_COMBINED_SUPPORT_AUDIT","PENDING_COMBINED_SUPPORT_AUDIT",20,,,"C","SOURCE_REPORTED_WOS",38,,,"PSU/ppt as reported","SOURCE_REPORTED_WOS",,,,,"NOT_EXTRACTED_WOS",,,,,"NOT_EXTRACTED_WOS","WoS_supplemental","W_007","W_007_T03","W_007_T03_R01","A09","10.3389/fpubh.2020.00192","Vimercati et al. (2020)","Nauplii 24–48 h","Nominal; analytically verified","Table 6","Separate source-reported trial; source mean = 0.70 mg/L. ZnO NP arm excluded.",TRUE,"Not explicit","External_Stage_Sex=Nauplii 24–48 h | Lifestage=Nauplii"
,,,,"Zn","ZnCl2","Calanus glacialis","Calanoida","Copepodite",1,"Waterborne","Measured","=",3426,,,"ug/L",3426,"ug/L",14,33,,,,"WOS_SOURCE_VERIFIED_KEEP","Supplementary WoS record; source verified and retained for quantitative augmentation",65.38,"WOS_SOURCE_VERIFIED_ELEMENTAL_METAL_MASS",3.426,52.4013459773631,3.958932277588,"HARMONIZED","Reported metal-mass LC50 converted to umol/L using target-metal atomic weight","PENDING_COMBINED_SUPPORT_AUDIT","PENDING_COMBINED_SUPPORT_AUDIT",14,,,"C","SOURCE_REPORTED_WOS",33,,,"PSU/ppt as reported","SOURCE_REPORTED_WOS",,,,,"NOT_EXTRACTED_WOS",,,,,"NOT_EXTRACTED_WOS","WoS_supplemental","W_008","W_008_T01","W_008_T01_R01","A10","10.1134/S1063074020030037","Cherkashin (2020)","Copepodite IV–V","Measured; mean of start/end","Table 1",,TRUE,"Not explicit","External_Stage_Sex=Copepodite IV–V | Lifestage=Copepodite"
,,,,"Zn","ZnCl2","Calanus glacialis","Calanoida","Copepodite",2,"Waterborne","Measured","=",962,,,"ug/L",962,"ug/L",14,33,,,,"WOS_SOURCE_VERIFIED_KEEP","Supplementary WoS record; source verified and retained for quantitative augmentation",65.38,"WOS_SOURCE_VERIFIED_ELEMENTAL_METAL_MASS",0.962,14.7139798103396,2.68879804936964,"HARMONIZED","Reported metal-mass LC50 converted to umol/L using target-metal atomic weight","PENDING_COMBINED_SUPPORT_AUDIT","PENDING_COMBINED_SUPPORT_AUDIT",14,,,"C","SOURCE_REPORTED_WOS",33,,,"PSU/ppt as reported","SOURCE_REPORTED_WOS",,,,,"NOT_EXTRACTED_WOS",,,,,"NOT_EXTRACTED_WOS","WoS_supplemental","W_008","W_008_T01","W_008_T01_R02","A10","10.1134/S1063074020030037","Cherkashin (2020)","Copepodite IV–V","Measured; mean of start/end","Table 1",,TRUE,"Not explicit","External_Stage_Sex=Copepodite IV–V | Lifestage=Copepodite"
,,,,"Zn","ZnCl2","Neocalanus plumchrus","Calanoida","Copepodite",1,"Waterborne","Measured","=",5986,,,"ug/L",5986,"ug/L",12,33,,,,"WOS_SOURCE_VERIFIED_KEEP","Supplementary WoS record; source verified and retained for quantitative augmentation",65.38,"WOS_SOURCE_VERIFIED_ELEMENTAL_METAL_MASS",5.986,91.557051085959,4.51696228711658,"HARMONIZED","Reported metal-mass LC50 converted to umol/L using target-metal atomic weight","PENDING_COMBINED_SUPPORT_AUDIT","PENDING_COMBINED_SUPPORT_AUDIT",12,,,"C","SOURCE_REPORTED_WOS",33,,,"PSU/ppt as reported","SOURCE_REPORTED_WOS",,,,,"NOT_EXTRACTED_WOS",,,,,"NOT_EXTRACTED_WOS","WoS_supplemental","W_008","W_008_T02","W_008_T02_R01","A10","10.1134/S1063074020030037","Cherkashin (2020)","Copepodite IV–V","Measured; mean of start/end","Table 1",,TRUE,"Not explicit","External_Stage_Sex=Copepodite IV–V | Lifestage=Copepodite"
,,,,"Zn","ZnCl2","Neocalanus plumchrus","Calanoida","Copepodite",2,"Waterborne","Measured","=",4381,,,"ug/L",4381,"ug/L",12,33,,,,"WOS_SOURCE_VERIFIED_KEEP","Supplementary WoS record; source verified and retained for quantitative augmentation",65.38,"WOS_SOURCE_VERIFIED_ELEMENTAL_METAL_MASS",4.381,67.0082594065463,4.20481588651783,"HARMONIZED","Reported metal-mass LC50 converted to umol/L using target-metal atomic weight","PENDING_COMBINED_SUPPORT_AUDIT","PENDING_COMBINED_SUPPORT_AUDIT",12,,,"C","SOURCE_REPORTED_WOS",33,,,"PSU/ppt as reported","SOURCE_REPORTED_WOS",,,,,"NOT_EXTRACTED_WOS",,,,,"NOT_EXTRACTED_WOS","WoS_supplemental","W_008","W_008_T02","W_008_T02_R02","A10","10.1134/S1063074020030037","Cherkashin (2020)","Copepodite IV–V","Measured; mean of start/end","Table 1",,TRUE,"Not explicit","External_Stage_Sex=Copepodite IV–V | Lifestage=Copepodite"
,,,,"Cd","Cd salt not reported","Pseudodiaptomus annandalei","Calanoida","Nauplii",4,"Waterborne","Nominal","=",40.3,,,"ug/L",40.3,"ug/L",26,15,,,,"WOS_SOURCE_VERIFIED_KEEP","Supplementary WoS record; source verified and retained for quantitative augmentation",112.414,"WOS_SOURCE_VERIFIED_ELEMENTAL_METAL_MASS",0.0403,0.358496272706247,-1.02583701591075,"HARMONIZED","Reported metal-mass LC50 converted to umol/L using target-metal atomic weight","PENDING_COMBINED_SUPPORT_AUDIT","PENDING_COMBINED_SUPPORT_AUDIT",26,,,"C","SOURCE_REPORTED_WOS",15,,,"PSU/ppt as reported","SOURCE_REPORTED_WOS",,,,,"NOT_EXTRACTED_WOS",,,,,"NOT_EXTRACTED_WOS","WoS_supplemental","W_009","W_009_T01","W_009_T01_R01","A11","10.1016/j.chemosphere.2019.05.220","Kadiene et al. (2019)","Nauplii","Nominal","Results",,TRUE,"Not explicit","External_Stage_Sex=Nauplii | Lifestage=Nauplii"
,,,,"Cd","Cd salt not reported","Pseudodiaptomus annandalei","Calanoida","Copepodite",4,"Waterborne","Nominal","=",120.4,,,"ug/L",120.4,"ug/L",26,15,,,,"WOS_SOURCE_VERIFIED_KEEP","Supplementary WoS record; source verified and retained for quantitative augmentation",112.414,"WOS_SOURCE_VERIFIED_ELEMENTAL_METAL_MASS",0.1204,1.07104097354422,0.0686310480113376,"HARMONIZED","Reported metal-mass LC50 converted to umol/L using target-metal atomic weight","PENDING_COMBINED_SUPPORT_AUDIT","PENDING_COMBINED_SUPPORT_AUDIT",26,,,"C","SOURCE_REPORTED_WOS",15,,,"PSU/ppt as reported","SOURCE_REPORTED_WOS",,,,,"NOT_EXTRACTED_WOS",,,,,"NOT_EXTRACTED_WOS","WoS_supplemental","W_009","W_009_T02","W_009_T02_R01","A11","10.1016/j.chemosphere.2019.05.220","Kadiene et al. (2019)","Copepodids","Nominal","Results",,TRUE,"Not explicit","External_Stage_Sex=Copepodids | Lifestage=Copepodite"
,,,,"Hg","HgCl2","Pseudodiaptomus marinus","Calanoida","Adult",1,"Waterborne","Nominal","=",172.4,,,"ug/L",172.4,"ug/L",20,32,,,,"WOS_SOURCE_VERIFIED_KEEP","Supplementary WoS record; source verified and retained for quantitative augmentation",200.592,"WOS_SOURCE_VERIFIED_HGCL2_COMPOUND_MASS",0.127375949553585,0.635000147331821,-0.454130048070857,"HARMONIZED","Reported HgCl2-mass LC50 converted using HgCl2 molecular weight (1 Hg per molecule)","PENDING_COMBINED_SUPPORT_AUDIT","PENDING_COMBINED_SUPPORT_AUDIT",20,,,"C","SOURCE_REPORTED_WOS",32,,,"PSU/ppt as reported","SOURCE_REPORTED_WOS",,,,,"NOT_EXTRACTED_WOS",,,,,"NOT_EXTRACTED_WOS","WoS_supplemental","W_010","W_010_T01","W_010_T01_R01","A12","10.1007/s41742-019-00202-y","Tlili et al. (2019)","Adult","Nominal","Table 2","24/48-h LC50 above highest tested treatment.",TRUE,"Not explicit","External_Stage_Sex=Adult | Lifestage=Adult"
,,,,"Hg","HgCl2","Pseudodiaptomus marinus","Calanoida","Adult",2,"Waterborne","Nominal","=",90.72,,,"ug/L",90.72,"ug/L",20,32,,,,"WOS_SOURCE_VERIFIED_KEEP","Supplementary WoS record; source verified and retained for quantitative augmentation",200.592,"WOS_SOURCE_VERIFIED_HGCL2_COMPOUND_MASS",0.0670275298346937,0.334148569408021,-1.09616956632101,"HARMONIZED","Reported HgCl2-mass LC50 converted using HgCl2 molecular weight (1 Hg per molecule)","PENDING_COMBINED_SUPPORT_AUDIT","PENDING_COMBINED_SUPPORT_AUDIT",20,,,"C","SOURCE_REPORTED_WOS",32,,,"PSU/ppt as reported","SOURCE_REPORTED_WOS",,,,,"NOT_EXTRACTED_WOS",,,,,"NOT_EXTRACTED_WOS","WoS_supplemental","W_010","W_010_T01","W_010_T01_R02","A12","10.1007/s41742-019-00202-y","Tlili et al. (2019)","Adult","Nominal","Table 2","24/48-h LC50 above highest tested treatment.",TRUE,"Not explicit","External_Stage_Sex=Adult | Lifestage=Adult"
,,,,"Hg","HgCl2","Pseudodiaptomus marinus","Calanoida","Adult",3,"Waterborne","Nominal","=",60.65,,,"ug/L",60.65,"ug/L",20,32,,,,"WOS_SOURCE_VERIFIED_KEEP","Supplementary WoS record; source verified and retained for quantitative augmentation",200.592,"WOS_SOURCE_VERIFIED_HGCL2_COMPOUND_MASS",0.0448106226242744,0.223391873176769,-1.49882777091039,"HARMONIZED","Reported HgCl2-mass LC50 converted using HgCl2 molecular weight (1 Hg per molecule)","PENDING_COMBINED_SUPPORT_AUDIT","PENDING_COMBINED_SUPPORT_AUDIT",20,,,"C","SOURCE_REPORTED_WOS",32,,,"PSU/ppt as reported","SOURCE_REPORTED_WOS",,,,,"NOT_EXTRACTED_WOS",,,,,"NOT_EXTRACTED_WOS","WoS_supplemental","W_010","W_010_T01","W_010_T01_R03","A12","10.1007/s41742-019-00202-y","Tlili et al. (2019)","Adult","Nominal","Table 2",,TRUE,"Not explicit","External_Stage_Sex=Adult | Lifestage=Adult"
,,,,"Hg","HgCl2","Pseudodiaptomus marinus","Calanoida","Adult",4,"Waterborne","Nominal","=",42.42,,,"ug/L",42.42,"ug/L",20,32,,,,"WOS_SOURCE_VERIFIED_KEEP","Supplementary WoS record; source verified and retained for quantitative augmentation",200.592,"WOS_SOURCE_VERIFIED_HGCL2_COMPOUND_MASS",0.0313415764504818,0.156245395880602,-1.85632745716391,"HARMONIZED","Reported HgCl2-mass LC50 converted using HgCl2 molecular weight (1 Hg per molecule)","PENDING_COMBINED_SUPPORT_AUDIT","PENDING_COMBINED_SUPPORT_AUDIT",20,,,"C","SOURCE_REPORTED_WOS",32,,,"PSU/ppt as reported","SOURCE_REPORTED_WOS",,,,,"NOT_EXTRACTED_WOS",,,,,"NOT_EXTRACTED_WOS","WoS_supplemental","W_010","W_010_T01","W_010_T01_R04","A12","10.1007/s41742-019-00202-y","Tlili et al. (2019)","Adult","Nominal","Table 2",,TRUE,"Not explicit","External_Stage_Sex=Adult | Lifestage=Adult"
,,,,"Cu","CuCl2","Gladioferens pectinatus","Calanoida","Nauplii",2,"Waterborne","Measured","=",170,,,"ug/L",170,"ug/L",20,30,,,,"WOS_SOURCE_VERIFIED_KEEP","Supplementary WoS record; source verified and retained for quantitative augmentation",63.546,"WOS_SOURCE_VERIFIED_ELEMENTAL_METAL_MASS",0.17,2.67522739432852,0.984034383960675,"HARMONIZED","Reported metal-mass LC50 converted to umol/L using target-metal atomic weight","PENDING_COMBINED_SUPPORT_AUDIT","PENDING_COMBINED_SUPPORT_AUDIT",20,,,"C","SOURCE_REPORTED_WOS",30,,,"PSU/ppt as reported","SOURCE_REPORTED_WOS",,,,,"NOT_EXTRACTED_WOS",,,,,"NOT_EXTRACTED_WOS","WoS_supplemental","W_011","W_011_T01","W_011_T01_R01","A13","10.1016/j.ecoenv.2019.03.022","Charry et al. (2019)","Nauplii <12 h","Measured","Results/Table 1",,TRUE,"Not explicit","External_Stage_Sex=Nauplii <12 h | Lifestage=Nauplii"
,,,,"Cu","CuCl2","Gladioferens pectinatus","Calanoida","Adult",4,"Waterborne","Measured","=",216,,,"ug/L",216,"ug/L",20,30,,,,"WOS_SOURCE_VERIFIED_KEEP","Supplementary WoS record; source verified and retained for quantitative augmentation",63.546,"WOS_SOURCE_VERIFIED_ELEMENTAL_METAL_MASS",0.216,3.39911245397035,1.22351435459458,"HARMONIZED","Reported metal-mass LC50 converted to umol/L using target-metal atomic weight","PENDING_COMBINED_SUPPORT_AUDIT","PENDING_COMBINED_SUPPORT_AUDIT",20,,,"C","SOURCE_REPORTED_WOS",30,,,"PSU/ppt as reported","SOURCE_REPORTED_WOS",,,,,"NOT_EXTRACTED_WOS",,,,,"NOT_EXTRACTED_WOS","WoS_supplemental","W_011","W_011_T02","W_011_T02_R01","A13","10.1016/j.ecoenv.2019.03.022","Charry et al. (2019)","Adults; male + female","Measured","Results/Table 1",,TRUE,"Both sexes mentioned","External_Stage_Sex=Adults; male + female | Lifestage=Adult"
,,,,"Cd","CdCl2","Tigriopus japonicus","Harpacticoida","Adult",4,"Waterborne","Nominal","=",5.9,,,"mg/L",5.9,"mg/L",20,30,,,,"WOS_SOURCE_VERIFIED_KEEP","Supplementary WoS record; source verified and retained for quantitative augmentation",112.414,"WOS_SOURCE_VERIFIED_ELEMENTAL_METAL_MASS",5.9,52.4845659793264,3.96051914503043,"HARMONIZED","Reported metal-mass LC50 converted to umol/L using target-metal atomic weight","PENDING_COMBINED_SUPPORT_AUDIT","PENDING_COMBINED_SUPPORT_AUDIT",20,,,"C","SOURCE_REPORTED_WOS",30,,,"PSU/ppt as reported","SOURCE_REPORTED_WOS",,,,,"NOT_EXTRACTED_WOS",,,,,"NOT_EXTRACTED_WOS","WoS_supplemental","W_012","W_012_T01","W_012_T01_R01","A14","10.1016/j.cbpc.2019.04.014","Yi et al. (2019)","Adult","Nominal; dissolved Cd checked","Results","Plain Cd arm retained; nZnO mixture arms excluded.",TRUE,"Not explicit","External_Stage_Sex=Adult | Lifestage=Adult"
,,,,"Cd","CdCl2","Eurytemora affinis","Calanoida","Adult",2,"Waterborne","Nominal","=",239,,,"ug/L",239,"ug/L",18,15,,,,"WOS_SOURCE_VERIFIED_KEEP","Supplementary WoS record; source verified and retained for quantitative augmentation",112.414,"WOS_SOURCE_VERIFIED_ELEMENTAL_METAL_MASS",0.239,2.12606970662017,0.754275067068128,"HARMONIZED","Reported metal-mass LC50 converted to umol/L using target-metal atomic weight","PENDING_COMBINED_SUPPORT_AUDIT","PENDING_COMBINED_SUPPORT_AUDIT",18,,,"C","SOURCE_REPORTED_WOS",15,,,"PSU/ppt as reported","SOURCE_REPORTED_WOS",,,,,"NOT_EXTRACTED_WOS",,,,,"NOT_EXTRACTED_WOS","WoS_supplemental","W_013","W_013_T01","W_013_T01_R01","A15","10.1016/j.chemosphere.2018.12.148","Zidour et al. (2019)","Adult female","Nominal","Table 1 / Results",,TRUE,"Female","External_Stage_Sex=Adult female | Lifestage=Adult"
,,,,"Cd","CdCl2","Eurytemora affinis","Calanoida","Adult",3,"Waterborne","Nominal","=",121,,,"ug/L",121,"ug/L",18,15,,,,"WOS_SOURCE_VERIFIED_KEEP","Supplementary WoS record; source verified and retained for quantitative augmentation",112.414,"WOS_SOURCE_VERIFIED_ELEMENTAL_METAL_MASS",0.121,1.07637838703364,0.0736020607333579,"HARMONIZED","Reported metal-mass LC50 converted to umol/L using target-metal atomic weight","PENDING_COMBINED_SUPPORT_AUDIT","PENDING_COMBINED_SUPPORT_AUDIT",18,,,"C","SOURCE_REPORTED_WOS",15,,,"PSU/ppt as reported","SOURCE_REPORTED_WOS",,,,,"NOT_EXTRACTED_WOS",,,,,"NOT_EXTRACTED_WOS","WoS_supplemental","W_013","W_013_T01","W_013_T01_R02","A15","10.1016/j.chemosphere.2018.12.148","Zidour et al. (2019)","Adult female","Nominal","Table 1 / Results",,TRUE,"Female","External_Stage_Sex=Adult female | Lifestage=Adult"
,,,,"Cu","CuCl2","Eurytemora affinis","Calanoida","Adult",3,"Waterborne","Nominal","=",224,,,"ug/L",224,"ug/L",18,15,,,,"WOS_SOURCE_VERIFIED_KEEP","Supplementary WoS record; source verified and retained for quantitative augmentation",63.546,"WOS_SOURCE_VERIFIED_ELEMENTAL_METAL_MASS",0.224,3.52500550782111,1.25988199876545,"HARMONIZED","Reported metal-mass LC50 converted to umol/L using target-metal atomic weight","PENDING_COMBINED_SUPPORT_AUDIT","PENDING_COMBINED_SUPPORT_AUDIT",18,,,"C","SOURCE_REPORTED_WOS",15,,,"PSU/ppt as reported","SOURCE_REPORTED_WOS",,,,,"NOT_EXTRACTED_WOS",,,,,"NOT_EXTRACTED_WOS","WoS_supplemental","W_013","W_013_T02","W_013_T02_R01","A15","10.1016/j.chemosphere.2018.12.148","Zidour et al. (2019)","Adult female","Nominal","Table 1 / Results",,TRUE,"Female","External_Stage_Sex=Adult female | Lifestage=Adult"
,,,,"Cu","CuCl2","Eurytemora affinis","Calanoida","Adult",4,"Waterborne","Nominal","=",38,,,"ug/L",38,"ug/L",18,15,,,,"WOS_SOURCE_VERIFIED_KEEP","Supplementary WoS record; source verified and retained for quantitative augmentation",63.546,"WOS_SOURCE_VERIFIED_ELEMENTAL_METAL_MASS",0.038,0.59799200579108,-0.514177893363201,"HARMONIZED","Reported metal-mass LC50 converted to umol/L using target-metal atomic weight","PENDING_COMBINED_SUPPORT_AUDIT","PENDING_COMBINED_SUPPORT_AUDIT",18,,,"C","SOURCE_REPORTED_WOS",15,,,"PSU/ppt as reported","SOURCE_REPORTED_WOS",,,,,"NOT_EXTRACTED_WOS",,,,,"NOT_EXTRACTED_WOS","WoS_supplemental","W_013","W_013_T02","W_013_T02_R02","A15","10.1016/j.chemosphere.2018.12.148","Zidour et al. (2019)","Adult female","Nominal","Table 1 / Results","Source internal discrepancy: Table 1 gives 39; Abstract/Results/Table 3 give 38.",TRUE,"Female","External_Stage_Sex=Adult female | Lifestage=Adult"
,,,,"Ni","NiSO4·6H2O","Eurytemora affinis","Calanoida","Adult",4,"Waterborne","Nominal","=",161,,,"ug/L",161,"ug/L",18,15,,,,"WOS_SOURCE_VERIFIED_KEEP","Supplementary WoS record; source verified and retained for quantitative augmentation",58.6934,"WOS_SOURCE_VERIFIED_ELEMENTAL_METAL_MASS",0.161,2.74306821550634,1.00907708058767,"HARMONIZED","Reported metal-mass LC50 converted to umol/L using target-metal atomic weight","PENDING_COMBINED_SUPPORT_AUDIT","PENDING_COMBINED_SUPPORT_AUDIT",18,,,"C","SOURCE_REPORTED_WOS",15,,,"PSU/ppt as reported","SOURCE_REPORTED_WOS",,,,,"NOT_EXTRACTED_WOS",,,,,"NOT_EXTRACTED_WOS","WoS_supplemental","W_013","W_013_T03","W_013_T03_R01","A15","10.1016/j.chemosphere.2018.12.148","Zidour et al. (2019)","Adult female","Nominal","Table 1 / Results",,TRUE,"Female","External_Stage_Sex=Adult female | Lifestage=Adult"
,,,,"Cu","CuCl2","Eurytemora affinis","Calanoida","Adult",2,"Waterborne","Nominal","=",145.2,,,"ug/L",145.2,"ug/L",18,15,,,,"WOS_SOURCE_VERIFIED_KEEP","Supplementary WoS record; source verified and retained for quantitative augmentation",63.546,"WOS_SOURCE_VERIFIED_ELEMENTAL_METAL_MASS",0.1452,2.28495892739118,0.826348049301109,"HARMONIZED","Reported metal-mass LC50 converted to umol/L using target-metal atomic weight","PENDING_COMBINED_SUPPORT_AUDIT","PENDING_COMBINED_SUPPORT_AUDIT",18,,,"C","SOURCE_REPORTED_WOS",15,,,"PSU/ppt as reported","SOURCE_REPORTED_WOS",,,,,"NOT_EXTRACTED_WOS",,,,,"NOT_EXTRACTED_WOS","WoS_supplemental","W_013","W_013_T04","W_013_T04_R01","A15","10.1016/j.chemosphere.2018.12.148","Zidour et al. (2019)","Adult male","Nominal","Table 1 / Results",,TRUE,"Male","External_Stage_Sex=Adult male | Lifestage=Adult"
,,,,"Cu","CuCl2","Eurytemora affinis","Calanoida","Adult",3,"Waterborne","Nominal","=",51,,,"ug/L",51,"ug/L",18,15,,,,"WOS_SOURCE_VERIFIED_KEEP","Supplementary WoS record; source verified and retained for quantitative augmentation",63.546,"WOS_SOURCE_VERIFIED_ELEMENTAL_METAL_MASS",0.051,0.802568218298555,-0.219938420365261,"HARMONIZED","Reported metal-mass LC50 converted to umol/L using target-metal atomic weight","PENDING_COMBINED_SUPPORT_AUDIT","PENDING_COMBINED_SUPPORT_AUDIT",18,,,"C","SOURCE_REPORTED_WOS",15,,,"PSU/ppt as reported","SOURCE_REPORTED_WOS",,,,,"NOT_EXTRACTED_WOS",,,,,"NOT_EXTRACTED_WOS","WoS_supplemental","W_013","W_013_T04","W_013_T04_R02","A15","10.1016/j.chemosphere.2018.12.148","Zidour et al. (2019)","Adult male","Nominal","Table 1 / Results",,TRUE,"Male","External_Stage_Sex=Adult male | Lifestage=Adult"
,,,,"Cu","CuCl2","Eurytemora affinis","Calanoida","Adult",4,"Waterborne","Nominal","=",25,,,"ug/L",25,"ug/L",18,15,,,,"WOS_SOURCE_VERIFIED_KEEP","Supplementary WoS record; source verified and retained for quantitative augmentation",63.546,"WOS_SOURCE_VERIFIED_ELEMENTAL_METAL_MASS",0.025,0.393415793283606,-0.932888228221386,"HARMONIZED","Reported metal-mass LC50 converted to umol/L using target-metal atomic weight","PENDING_COMBINED_SUPPORT_AUDIT","PENDING_COMBINED_SUPPORT_AUDIT",18,,,"C","SOURCE_REPORTED_WOS",15,,,"PSU/ppt as reported","SOURCE_REPORTED_WOS",,,,,"NOT_EXTRACTED_WOS",,,,,"NOT_EXTRACTED_WOS","WoS_supplemental","W_013","W_013_T04","W_013_T04_R03","A15","10.1016/j.chemosphere.2018.12.148","Zidour et al. (2019)","Adult male","Nominal","Table 1 / Results","Source internal discrepancy: Table 1 gives 28; Abstract/Results/Table 3 give 25.",TRUE,"Male","External_Stage_Sex=Adult male | Lifestage=Adult"
,,,,"Cd","CdCl2","Eurytemora affinis","Calanoida","Adult",3,"Waterborne","Nominal","=",67,,,"ug/L",67,"ug/L",18,15,,,,"WOS_SOURCE_VERIFIED_KEEP","Supplementary WoS record; source verified and retained for quantitative augmentation",112.414,"WOS_SOURCE_VERIFIED_ELEMENTAL_METAL_MASS",0.067,0.596011172985571,-0.517495865472417,"HARMONIZED","Reported metal-mass LC50 converted to umol/L using target-metal atomic weight","PENDING_COMBINED_SUPPORT_AUDIT","PENDING_COMBINED_SUPPORT_AUDIT",18,,,"C","SOURCE_REPORTED_WOS",15,,,"PSU/ppt as reported","SOURCE_REPORTED_WOS",,,,,"NOT_EXTRACTED_WOS",,,,,"NOT_EXTRACTED_WOS","WoS_supplemental","W_013","W_013_T05","W_013_T05_R01","A15","10.1016/j.chemosphere.2018.12.148","Zidour et al. (2019)","Adult male","Nominal","Table 1 / Results","Unusual time trend relative to 96 h; retained as reported.",TRUE,"Male","External_Stage_Sex=Adult male | Lifestage=Adult"
,,,,"Ni","NiSO4·6H2O","Eurytemora affinis","Calanoida","Adult",3,"Waterborne","Nominal","=",88,,,"ug/L",88,"ug/L",18,15,,,,"WOS_SOURCE_VERIFIED_KEEP","Supplementary WoS record; source verified and retained for quantitative augmentation",58.6934,"WOS_SOURCE_VERIFIED_ELEMENTAL_METAL_MASS",0.088,1.49931678859974,0.405009530081413,"HARMONIZED","Reported metal-mass LC50 converted to umol/L using target-metal atomic weight","PENDING_COMBINED_SUPPORT_AUDIT","PENDING_COMBINED_SUPPORT_AUDIT",18,,,"C","SOURCE_REPORTED_WOS",15,,,"PSU/ppt as reported","SOURCE_REPORTED_WOS",,,,,"NOT_EXTRACTED_WOS",,,,,"NOT_EXTRACTED_WOS","WoS_supplemental","W_013","W_013_T06","W_013_T06_R01","A15","10.1016/j.chemosphere.2018.12.148","Zidour et al. (2019)","Adult male","Nominal","Table 1 / Results",,TRUE,"Male","External_Stage_Sex=Adult male | Lifestage=Adult"
,,,,"Ni","NiSO4·6H2O","Eurytemora affinis","Calanoida","Adult",4,"Waterborne","Nominal","=",90,,,"ug/L",90,"ug/L",18,15,,,,"WOS_SOURCE_VERIFIED_KEEP","Supplementary WoS record; source verified and retained for quantitative augmentation",58.6934,"WOS_SOURCE_VERIFIED_ELEMENTAL_METAL_MASS",0.09,1.53339217015883,0.427482385933471,"HARMONIZED","Reported metal-mass LC50 converted to umol/L using target-metal atomic weight","PENDING_COMBINED_SUPPORT_AUDIT","PENDING_COMBINED_SUPPORT_AUDIT",18,,,"C","SOURCE_REPORTED_WOS",15,,,"PSU/ppt as reported","SOURCE_REPORTED_WOS",,,,,"NOT_EXTRACTED_WOS",,,,,"NOT_EXTRACTED_WOS","WoS_supplemental","W_013","W_013_T06","W_013_T06_R02","A15","10.1016/j.chemosphere.2018.12.148","Zidour et al. (2019)","Adult male","Nominal","Table 1 / Results",,TRUE,"Male","External_Stage_Sex=Adult male | Lifestage=Adult"
,,,,"Cu","CuSO4·5H2O","Tigriopus fulvus","Harpacticoida","Nauplii",2,"Waterborne","Nominal","=",310,,,"ug/L",310,"ug/L",20,38,,,,"WOS_SOURCE_VERIFIED_KEEP","Supplementary WoS record; source verified and retained for quantitative augmentation",63.546,"WOS_SOURCE_VERIFIED_ELEMENTAL_METAL_MASS",0.31,4.87835583671671,1.5848082443896,"HARMONIZED","Reported metal-mass LC50 converted to umol/L using target-metal atomic weight","PENDING_COMBINED_SUPPORT_AUDIT","PENDING_COMBINED_SUPPORT_AUDIT",20,,,"C","SOURCE_REPORTED_WOS",38,,,"PSU/ppt as reported","SOURCE_REPORTED_WOS",,,,,"NOT_EXTRACTED_WOS",,,,,"NOT_EXTRACTED_WOS","WoS_supplemental","W_014","W_014_T01","W_014_T01_R01","A16","10.1016/j.ecoenv.2017.08.041","Biandolino et al. (2018)","Nauplii ≤24 h","Nominal; analytically verified","Results","Paper-reported mean across 3 acute runs; individual run LC50s not reported.",TRUE,"Not explicit","External_Stage_Sex=Nauplii ≤24 h | Lifestage=Nauplii"
,,,,"Hg","HgCl2","Calanus finmarchicus","Calanoida","Copepodite",2,"Waterborne","Nominal","=",72.4,,,"ug/L",72.4,"ug/L",10,,,,,"WOS_SOURCE_VERIFIED_KEEP","Supplementary WoS record; source verified and retained for quantitative augmentation",200.592,"WOS_SOURCE_VERIFIED_ELEMENTAL_METAL_MASS",0.0724,0.360931642338678,-1.019066694982,"HARMONIZED","Reported metal-mass LC50 converted to umol/L using target-metal atomic weight","PENDING_COMBINED_SUPPORT_AUDIT","PENDING_COMBINED_SUPPORT_AUDIT",10,,,"C","SOURCE_REPORTED_WOS",,,,,"NOT_REPORTED_WOS",,,,,"NOT_EXTRACTED_WOS",,,,,"NOT_EXTRACTED_WOS","WoS_supplemental","W_015","W_015_T01","W_015_T01_R01","A17","10.1016/j.aquatox.2014.06.019","Øverjordet et al. (2014)","Copepodite V (CV)","Nominal; exposure solutions measured","Figure 1 / Results",,TRUE,"Not explicit","External_Stage_Sex=Copepodite V (CV) | Lifestage=Copepodite"
,,,,"Hg","HgCl2","Calanus finmarchicus","Calanoida","Copepodite",4,"Waterborne","Nominal","=",41.6,,,"ug/L",41.6,"ug/L",10,,,,,"WOS_SOURCE_VERIFIED_KEEP","Supplementary WoS record; source verified and retained for quantitative augmentation",200.592,"WOS_SOURCE_VERIFIED_ELEMENTAL_METAL_MASS",0.0416,0.207386137034378,-1.57317282710645,"HARMONIZED","Reported metal-mass LC50 converted to umol/L using target-metal atomic weight","PENDING_COMBINED_SUPPORT_AUDIT","PENDING_COMBINED_SUPPORT_AUDIT",10,,,"C","SOURCE_REPORTED_WOS",,,,,"NOT_REPORTED_WOS",,,,,"NOT_EXTRACTED_WOS",,,,,"NOT_EXTRACTED_WOS","WoS_supplemental","W_015","W_015_T01","W_015_T01_R02","A17","10.1016/j.aquatox.2014.06.019","Øverjordet et al. (2014)","Copepodite V (CV)","Nominal; exposure solutions measured","Figure 1 / Results",,TRUE,"Not explicit","External_Stage_Sex=Copepodite V (CV) | Lifestage=Copepodite"
,,,,"Hg","HgCl2","Calanus glacialis","Calanoida","Copepodite",2,"Waterborne","Nominal","=",73.7,,,"ug/L",73.7,"ug/L",2,,,,,"WOS_SOURCE_VERIFIED_KEEP","Supplementary WoS record; source verified and retained for quantitative augmentation",200.592,"WOS_SOURCE_VERIFIED_ELEMENTAL_METAL_MASS",0.0737,0.367412459121002,-1.00127019517838,"HARMONIZED","Reported metal-mass LC50 converted to umol/L using target-metal atomic weight","PENDING_COMBINED_SUPPORT_AUDIT","PENDING_COMBINED_SUPPORT_AUDIT",2,,,"C","SOURCE_REPORTED_WOS",,,,,"NOT_REPORTED_WOS",,,,,"NOT_EXTRACTED_WOS",,,,,"NOT_EXTRACTED_WOS","WoS_supplemental","W_015","W_015_T02","W_015_T02_R01","A17","10.1016/j.aquatox.2014.06.019","Øverjordet et al. (2014)","Copepodite V (CV)","Nominal; exposure solutions measured","Figure 1 / Results",,TRUE,"Not explicit","External_Stage_Sex=Copepodite V (CV) | Lifestage=Copepodite"
,,,,"Hg","HgCl2","Calanus glacialis","Calanoida","Copepodite",4,"Waterborne","Nominal","=",35.3,,,"ug/L",35.3,"ug/L",2,,,,,"WOS_SOURCE_VERIFIED_KEEP","Supplementary WoS record; source verified and retained for quantitative augmentation",200.592,"WOS_SOURCE_VERIFIED_ELEMENTAL_METAL_MASS",0.0353,0.175979101858499,-1.73739003043442,"HARMONIZED","Reported metal-mass LC50 converted to umol/L using target-metal atomic weight","PENDING_COMBINED_SUPPORT_AUDIT","PENDING_COMBINED_SUPPORT_AUDIT",2,,,"C","SOURCE_REPORTED_WOS",,,,,"NOT_REPORTED_WOS",,,,,"NOT_EXTRACTED_WOS",,,,,"NOT_EXTRACTED_WOS","WoS_supplemental","W_015","W_015_T02","W_015_T02_R02","A17","10.1016/j.aquatox.2014.06.019","Øverjordet et al. (2014)","Copepodite V (CV)","Nominal; exposure solutions measured","Figure 1 / Results",,TRUE,"Not explicit","External_Stage_Sex=Copepodite V (CV) | Lifestage=Copepodite"
,,,,"Ni","NiCl2·6H2O","Tigriopus japonicus","Harpacticoida","Adult",2,"Waterborne","Nominal","=",17.7,,,"mg/L",17.7,"mg/L",20,25,,,,"WOS_SOURCE_VERIFIED_KEEP","Supplementary WoS record; source verified and retained for quantitative augmentation",58.6934,"WOS_SOURCE_VERIFIED_ELEMENTAL_METAL_MASS",17.7,301.567126797902,5.70899263416513,"HARMONIZED","Reported metal-mass LC50 converted to umol/L using target-metal atomic weight","PENDING_COMBINED_SUPPORT_AUDIT","PENDING_COMBINED_SUPPORT_AUDIT",20,,,"C","SOURCE_REPORTED_WOS",25,,,"PSU/ppt as reported","SOURCE_REPORTED_WOS",,,,,"NOT_EXTRACTED_WOS",,,,,"NOT_EXTRACTED_WOS","WoS_supplemental","W_016","W_016_T01","W_016_T01_R01","A18","10.1007/s10646-010-0471-6","Mohammed et al. (2010)","Adult female","Nominal","Table / Results",,TRUE,"Female","External_Stage_Sex=Adult female | Lifestage=Adult"
,,,,"Ni","NiCl2·6H2O","Apocyclops borneoensis","Cyclopoida","Adult",2,"Waterborne","Nominal","=",13.05,,,"mg/L",13.05,"mg/L",30,20,,,,"WOS_SOURCE_VERIFIED_KEEP","Supplementary WoS record; source verified and retained for quantitative augmentation",58.6934,"WOS_SOURCE_VERIFIED_ELEMENTAL_METAL_MASS",13.05,222.34186467303,5.40421612835405,"HARMONIZED","Reported metal-mass LC50 converted to umol/L using target-metal atomic weight","PENDING_COMBINED_SUPPORT_AUDIT","PENDING_COMBINED_SUPPORT_AUDIT",30,,,"C","SOURCE_REPORTED_WOS",20,,,"PSU/ppt as reported","SOURCE_REPORTED_WOS",,,,,"NOT_EXTRACTED_WOS",,,,,"NOT_EXTRACTED_WOS","WoS_supplemental","W_016","W_016_T02","W_016_T02_R01","A18","10.1007/s10646-010-0471-6","Mohammed et al. (2010)","Adult female","Nominal","Table / Results",,TRUE,"Female","External_Stage_Sex=Adult female | Lifestage=Adult"
,,,,"Ni","NiCl2·6H2O","Acartia pacifica","Calanoida","Adult",2,"Waterborne","Nominal","=",2.36,,,"mg/L",2.36,"mg/L",25,25,,,,"WOS_SOURCE_VERIFIED_KEEP","Supplementary WoS record; source verified and retained for quantitative augmentation",58.6934,"WOS_SOURCE_VERIFIED_ELEMENTAL_METAL_MASS",2.36,40.2089502397203,3.69408961362286,"HARMONIZED","Reported metal-mass LC50 converted to umol/L using target-metal atomic weight","PENDING_COMBINED_SUPPORT_AUDIT","PENDING_COMBINED_SUPPORT_AUDIT",25,,,"C","SOURCE_REPORTED_WOS",25,,,"PSU/ppt as reported","SOURCE_REPORTED_WOS",,,,,"NOT_EXTRACTED_WOS",,,,,"NOT_EXTRACTED_WOS","WoS_supplemental","W_016","W_016_T03","W_016_T03_R01","A18","10.1007/s10646-010-0471-6","Mohammed et al. (2010)","Adult female","Nominal","Table / Results",,TRUE,"Female","External_Stage_Sex=Adult female | Lifestage=Adult"
,,,,"Zn","ZnCl2","Tigriopus japonicus","Harpacticoida",,4,"Waterborne","Unspecified","=",7.03,,,"mg/L",7.03,"mg/L",,,,,,"WOS_SOURCE_VERIFIED_KEEP","Supplementary WoS record; source verified and retained for quantitative augmentation",65.38,"WOS_SOURCE_VERIFIED_ELEMENTAL_METAL_MASS",7.03,107.525237075558,4.67772558350865,"HARMONIZED","Reported metal-mass LC50 converted to umol/L using target-metal atomic weight","PENDING_COMBINED_SUPPORT_AUDIT","PENDING_COMBINED_SUPPORT_AUDIT",,,,,"NOT_REPORTED_WOS",,,,,"NOT_REPORTED_WOS",,,,,"NOT_EXTRACTED_WOS",,,,,"NOT_EXTRACTED_WOS","WoS_supplemental","W_017","W_017_T01","W_017_T01_R01","A26","10.1016/j.chemosphere.2022.134099","Yang et al. (2022)","Not specified for ZnCl2 arm","Unspecified","p. 6, section 3.3","96-h LC50 7.03 mg/L as Zn2+; 95% CI 6.88-7.38 mg/L. Separate ZnCl2 result, not leachate LC50. ZnCl2 dose series, measured/nominal basis and arm-specific protocol not separately reported. Stage, temperature, salinity and pH not transferred from culture/TWP/leachate methods. DOI: 10.1016/j.chemosphere.2022.134099",TRUE,"Not explicit","External_Stage_Sex=Not specified for ZnCl2 arm"
