Raw_Row,Test_Number,Result_Number,Reference_Number,Metal,Chemical_Name,Species,Order,Lifestage,Duration_days,Exposure_Type,Conc_Type,Mean_Op,Mean,Min,Max,Units,Analysis_Point,Analysis_Units,Temperature,Salinity,pH,Organic_Carbon,Title,Eligibility_Status,Eligibility_Reason,record_key
14,1301484,757363,115854,Cu,"Acetic acid, Copper(2+) salt",Tigriopus japonicus,Harpacticoida,Adult,4,"Aquatic, unspecified",Total,NA,743,NA,NA,ug/L,743,ug/L,25,33,NA,NA,Copper Toxicity in the Marine Copepod Tigropus japonicus:  Low Variability and High Reproducibility of Repeated Acute and Life-Cycle Tests,PRIMARY_KEEP,Eligible copepod LC50 candidate,1301484|757363|115854
26,1152733,86472,13179,Ni,"Acetic acid, Nickel(2+)salt",Tisbe holothuriae,Harpacticoida,NA,2,Static,Total,NA,2580,NA,NA,ug/L,2580,ug/L,22,38,NA,NA,"Combined Toxicity of Copper, Cadmium, Zinc, Lead, Nickel, and Chrome to the Copepod Tisbe holothuriae",PRIMARY_KEEP,Eligible copepod LC50 candidate,1152733|86472|13179
35,2146048,2276276,169694,Zn,Zinc oxide (ZnO),Tigriopus japonicus,Harpacticoida,Adult,4,Static,Dissolved,NA,2.44,NA,NA,mg/L,2.44,mg/L,20,35,8.65,NA,Effect of Salinity on Acute Copper and Zinc Toxicity to Tigriopus japonicus: The Difference Between Metal Ions and Nanoparticles,EXCLUDE_PRIMARY,ZnO,2146048|2276276|169694
36,2146047,2276270,169694,Zn,Zinc oxide (ZnO),Tigriopus japonicus,Harpacticoida,Adult,4,Static,Dissolved,NA,1.22,NA,NA,mg/L,1.22,mg/L,20,5,8.65,NA,Effect of Salinity on Acute Copper and Zinc Toxicity to Tigriopus japonicus: The Difference Between Metal Ions and Nanoparticles,EXCLUDE_PRIMARY,ZnO,2146047|2276270|169694
37,2101662,2186587,150008,Zn,Zinc oxide (ZnO),Tigriopus japonicus,Harpacticoida,Nauplii,4,Renewal,Dissolved,NA,0.68,0.62,0.75,mg/L,0.68,mg/L,25,NA,NA,NA,Toxicities of Nano Zinc Oxide to Five Marine Organisms: Influences of Aggregate Size and Ion Solubility,EXCLUDE_PRIMARY,ZnO,2101662|2186587|150008
38,2101658,2186583,150008,Zn,Zinc oxide (ZnO),Tigriopus japonicus,Harpacticoida,Nauplii,4,Renewal,Total,NA,0.43,0.4,0.47,mg/L,0.43,mg/L,25,NA,NA,NA,Toxicities of Nano Zinc Oxide to Five Marine Organisms: Influences of Aggregate Size and Ion Solubility,EXCLUDE_PRIMARY,ZnO,2101658|2186583|150008
39,2101654,2186579,150008,Zn,Zinc oxide (ZnO),Tigriopus japonicus,Harpacticoida,Nauplii,4,Renewal,Total,NA,0.85,0.78,0.94,mg/L,0.85,mg/L,25,NA,NA,NA,Toxicities of Nano Zinc Oxide to Five Marine Organisms: Influences of Aggregate Size and Ion Solubility,EXCLUDE_PRIMARY,ZnO,2101654|2186579|150008
49,1035621,54724,2183,Cu,Copper chloride,Nitocra spinipes,Harpacticoida,Adult,4,Static,Total,NA,1800,1300,2400,ug/L,1800,ug/L,20,7,8,NA,Use of a Harpacticoid Copepod in Toxicity Tests,PRIMARY_KEEP,Eligible copepod LC50 candidate,1035621|54724|2183
59,1159856,142865,14137,Cu,"Nitric acid, Copper(2+) salt",Tisbe battagliai,Harpacticoida,Adult,4,Renewal,Total,NA,88,NA,NA,ug/L,88,ug/L,NA,NA,NA,NA,"Toxicity of Cadmium, Hexavalent Chromium and Copper to Marine Fish Larvae (Cypinodon variegatus) and Copepods (Tisbe battagliai)",PRIMARY_KEEP,Eligible copepod LC50 candidate,1159856|142865|14137
60,1111947,42366,8446,Cu,"Nitric acid, Copper(2+) salt",Acartia tonsa,Calanoida,NA,3,Flow-through,Total,NA,9,NA,NA,ug/L,9,ug/L,20,30,NA,NA,The Effect of Nutrition on the Response of Field Populations of the Calanoid Copepod Acartia tonsa to Copper,SECONDARY_MODIFIER,Deliberate modifier experiment,1111947|42366|8446
61,1159857,142866,14137,Cu,"Nitric acid, Copper(2+) salt",Tisbe battagliai,Harpacticoida,Nauplii,4,Renewal,Total,NA,64,NA,NA,ug/L,64,ug/L,NA,NA,NA,NA,"Toxicity of Cadmium, Hexavalent Chromium and Copper to Marine Fish Larvae (Cypinodon variegatus) and Copepods (Tisbe battagliai)",PRIMARY_KEEP,Eligible copepod LC50 candidate,1159857|142866|14137
81,1054948,220835,3825,Pb,Lead,Acartia clausi,Calanoida,NA,4,"Aquatic, unspecified",Total,NA,668,484,876,ug/L,668,ug/L,10,30,NA,NA,"Results of Acute Toxicity Tests Conducted with Silver at ERL, Narragansett",PRIMARY_KEEP,Eligible copepod LC50 candidate,1054948|220835|3825
83,1053695,194886,3751,Pb,Lead,Acartia clausi,Calanoida,Adult,4,"Aquatic, unspecified",Total,NA,668,484,876,ug/L,668,ug/L,10,30,NA,NA,Unpublished Laboratory Data,PRIMARY_KEEP,Eligible copepod LC50 candidate,1053695|194886|3751
84,1078773,10206,6079,Hg,Mercury,Calanoida,Calanoida,NA,2,Static,Total,NA,31,NA,NA,ug/L,31,ug/L,9,NA,NA,NA,"Evaluation of Potential Indicators of Sub-Lethal Toxic Stress on Marine Zooplankton (Feeding, Fecundity, Respiration, and Excretion): Controlled Ecosystem Pollution Experiment",PRIMARY_KEEP,Eligible copepod LC50 candidate,1078773|10206|6079
88,1078775,10208,6079,Hg,Mercury,Calanoida,Calanoida,NA,2,Static,Total,NA,32,NA,NA,ug/L,32,ug/L,9,NA,NA,NA,"Evaluation of Potential Indicators of Sub-Lethal Toxic Stress on Marine Zooplankton (Feeding, Fecundity, Respiration, and Excretion): Controlled Ecosystem Pollution Experiment",PRIMARY_KEEP,Eligible copepod LC50 candidate,1078775|10208|6079
103,1078774,10207,6079,Hg,Mercury,Calanoida,Calanoida,Adult,2,Static,Total,NA,22,NA,NA,ug/L,22,ug/L,21,NA,NA,NA,"Evaluation of Potential Indicators of Sub-Lethal Toxic Stress on Marine Zooplankton (Feeding, Fecundity, Respiration, and Excretion): Controlled Ecosystem Pollution Experiment",PRIMARY_KEEP,Eligible copepod LC50 candidate,1078774|10207|6079
105,1053473,129431,3734,Hg,Mercury,Pseudodiaptomus coronatus,Calanoida,NA,4,Static,Total,NA,79,45,112,ug/L,79,ug/L,20,30,NA,NA,Unpublished Laboratory Data,PRIMARY_KEEP,Eligible copepod LC50 candidate,1053473|129431|3734
111,1111935,21216,8445,Hg,Mercury,Acartia tonsa,Calanoida,NA,2,Static,Total,NA,17,NA,NA,ug/L,17,ug/L,20,10,NA,NA,"Toxicological Comparison of Natural and Cultured Populations of Acartia tonsa to Cadmium, Copper, and Mercury",PRIMARY_KEEP,Eligible copepod LC50 candidate,1111935|21216|8445
112,1111929,21210,8445,Hg,Mercury,Acartia tonsa,Calanoida,F6 generation,4,Static,Total,NA,15,NA,NA,ug/L,15,ug/L,20,10,NA,NA,"Toxicological Comparison of Natural and Cultured Populations of Acartia tonsa to Cadmium, Copper, and Mercury",PRIMARY_KEEP,Eligible copepod LC50 candidate,1111929|21210|8445
113,1111930,21211,8445,Hg,Mercury,Acartia tonsa,Calanoida,F2 generation,1,Static,Total,NA,20,NA,NA,ug/L,20,ug/L,20,10,NA,NA,"Toxicological Comparison of Natural and Cultured Populations of Acartia tonsa to Cadmium, Copper, and Mercury",PRIMARY_KEEP,Eligible copepod LC50 candidate,1111930|21211|8445
114,1111932,21213,8445,Hg,Mercury,Acartia tonsa,Calanoida,F2 generation,3,Static,Total,NA,17,NA,NA,ug/L,17,ug/L,20,10,NA,NA,"Toxicological Comparison of Natural and Cultured Populations of Acartia tonsa to Cadmium, Copper, and Mercury",PRIMARY_KEEP,Eligible copepod LC50 candidate,1111932|21213|8445
115,1111926,21207,8445,Hg,Mercury,Acartia tonsa,Calanoida,F6 generation,1,Static,Total,NA,22,NA,NA,ug/L,22,ug/L,20,10,NA,NA,"Toxicological Comparison of Natural and Cultured Populations of Acartia tonsa to Cadmium, Copper, and Mercury",PRIMARY_KEEP,Eligible copepod LC50 candidate,1111926|21207|8445
116,1053474,129432,3734,Hg,Mercury,Eurytemora affinis,Calanoida,NA,4,Static,Total,NA,158,102,216,ug/L,158,ug/L,20,30,NA,NA,Unpublished Laboratory Data,PRIMARY_KEEP,Eligible copepod LC50 candidate,1053474|129432|3734
117,1111934,21215,8445,Hg,Mercury,Acartia tonsa,Calanoida,NA,1,Static,Total,NA,17.5,NA,NA,ug/L,17.5,ug/L,20,10,NA,NA,"Toxicological Comparison of Natural and Cultured Populations of Acartia tonsa to Cadmium, Copper, and Mercury",PRIMARY_KEEP,Eligible copepod LC50 candidate,1111934|21215|8445
118,1111928,21209,8445,Hg,Mercury,Acartia tonsa,Calanoida,F6 generation,3,Static,Total,NA,16,NA,NA,ug/L,16,ug/L,20,10,NA,NA,"Toxicological Comparison of Natural and Cultured Populations of Acartia tonsa to Cadmium, Copper, and Mercury",PRIMARY_KEEP,Eligible copepod LC50 candidate,1111928|21209|8445
119,1053471,129429,3734,Hg,Mercury,Acartia tonsa,Calanoida,NA,4,Static,Total,NA,20,7,38,ug/L,20,ug/L,20,30,NA,NA,Unpublished Laboratory Data,PRIMARY_KEEP,Eligible copepod LC50 candidate,1053471|129429|3734
120,1053472,129430,3734,Hg,Mercury,Acartia clausi,Calanoida,NA,4,Static,Total,NA,10,8,12,ug/L,10,ug/L,10,30,NA,NA,Unpublished Laboratory Data,PRIMARY_KEEP,Eligible copepod LC50 candidate,1053472|129430|3734
121,1111937,21218,8445,Hg,Mercury,Acartia tonsa,Calanoida,NA,4,Static,Total,NA,10,NA,NA,ug/L,10,ug/L,20,10,NA,NA,"Toxicological Comparison of Natural and Cultured Populations of Acartia tonsa to Cadmium, Copper, and Mercury",PRIMARY_KEEP,Eligible copepod LC50 candidate,1111937|21218|8445
122,1111936,21217,8445,Hg,Mercury,Acartia tonsa,Calanoida,NA,3,Static,Total,NA,13,NA,NA,ug/L,13,ug/L,20,10,NA,NA,"Toxicological Comparison of Natural and Cultured Populations of Acartia tonsa to Cadmium, Copper, and Mercury",PRIMARY_KEEP,Eligible copepod LC50 candidate,1111936|21217|8445
123,1111931,21212,8445,Hg,Mercury,Acartia tonsa,Calanoida,F2 generation,2,Static,Total,NA,19,NA,NA,ug/L,19,ug/L,20,10,NA,NA,"Toxicological Comparison of Natural and Cultured Populations of Acartia tonsa to Cadmium, Copper, and Mercury",PRIMARY_KEEP,Eligible copepod LC50 candidate,1111931|21212|8445
124,1111933,21214,8445,Hg,Mercury,Acartia tonsa,Calanoida,F2 generation,4,Static,Total,NA,14,NA,NA,ug/L,14,ug/L,20,10,NA,NA,"Toxicological Comparison of Natural and Cultured Populations of Acartia tonsa to Cadmium, Copper, and Mercury",PRIMARY_KEEP,Eligible copepod LC50 candidate,1111933|21214|8445
125,1111927,21208,8445,Hg,Mercury,Acartia tonsa,Calanoida,F6 generation,2,Static,Total,NA,19,NA,NA,ug/L,19,ug/L,20,10,NA,NA,"Toxicological Comparison of Natural and Cultured Populations of Acartia tonsa to Cadmium, Copper, and Mercury",PRIMARY_KEEP,Eligible copepod LC50 candidate,1111927|21208|8445
129,1053477,129435,3734,Ni,Nickel,Pseudodiaptomus coronatus,Calanoida,NA,3,Static,Total,NA,9100,6170,12400,ug/L,9100,ug/L,20,30,NA,NA,Unpublished Laboratory Data,PRIMARY_KEEP,Eligible copepod LC50 candidate,1053477|129435|3734
134,1053476,129434,3734,Ni,Nickel,Acartia clausi,Calanoida,NA,4,Static,Total,NA,2076,1525,2900,ug/L,2076,ug/L,10,30,NA,NA,Unpublished Laboratory Data,PRIMARY_KEEP,Eligible copepod LC50 candidate,1053476|129434|3734
135,1053478,129436,3734,Ni,Nickel,Eurytemora affinis,Calanoida,NA,4,Static,Total,NA,9670,7350,12120,ug/L,9670,ug/L,20,30,NA,NA,Unpublished Laboratory Data,PRIMARY_KEEP,Eligible copepod LC50 candidate,1053478|129436|3734
136,1053475,129433,3734,Ni,Nickel,Acartia tonsa,Calanoida,NA,3,Static,Total,NA,460,260,710,ug/L,460,ug/L,20,30,NA,NA,Unpublished Laboratory Data,PRIMARY_KEEP,Eligible copepod LC50 candidate,1053475|129433|3734
138,1284914,738947,59900,Ag,Silver,Acartia sp.,Calanoida,NA,2,Static,Total,NA,400,NA,NA,nM,400,nM,15,NA,8,1,Sublethal Effects of Silver in Zooplankton:  Importance of Exposure Pathways and Implications for Toxicity Testing,PRIMARY_KEEP,Eligible copepod LC50 candidate,1284914|738947|59900
139,1053694,194885,3751,Ag,Silver,Acartia tonsa,Calanoida,Adult,4,"Aquatic, unspecified",Total,NA,43,30,60,ug/L,43,ug/L,20,30,NA,NA,Unpublished Laboratory Data,PRIMARY_KEEP,Eligible copepod LC50 candidate,1053694|194885|3751
140,1053693,194884,3751,Ag,Silver,Acartia clausi,Calanoida,Adult,4,"Aquatic, unspecified",Total,NA,15,10,19,ug/L,15,ug/L,10,30,NA,NA,Unpublished Laboratory Data,PRIMARY_KEEP,Eligible copepod LC50 candidate,1053693|194884|3751
184,1111942,23768,8445,Cd,Cadmium,Acartia tonsa,Calanoida,F2 generation,4,Static,Total,NA,190,NA,NA,ug/L,190,ug/L,20,10,NA,NA,"Toxicological Comparison of Natural and Cultured Populations of Acartia tonsa to Cadmium, Copper, and Mercury",PRIMARY_KEEP,Eligible copepod LC50 candidate,1111942|23768|8445
193,1111941,23767,8445,Cd,Cadmium,Acartia tonsa,Calanoida,Adult,4,Static,Total,NA,122,60,341,ug/L,122,ug/L,20,30,NA,NA,"Toxicological Comparison of Natural and Cultured Populations of Acartia tonsa to Cadmium, Copper, and Mercury",PRIMARY_KEEP,Eligible copepod LC50 candidate,1111941|23767|8445
203,1120299,126283,9365,Cd,Cadmium,Amphiascus tenuiremis,Harpacticoida,Adult,4,Static,Total,NA,224,213,234,ug/L,224,ug/L,20.8,30.7,7.8,NA,"Aqueous-, Pore-Water-, and Sediment-Phase Cadmium: Toxicity Relationships for a Meiobenthic Copepod",PRIMARY_KEEP,Eligible copepod LC50 candidate,1120299|126283|9365
206,1111940,23766,8445,Cd,Cadmium,Acartia tonsa,Calanoida,F6 generation,4,Static,Total,NA,220,138,313,ug/L,220,ug/L,20,10,NA,NA,"Toxicological Comparison of Natural and Cultured Populations of Acartia tonsa to Cadmium, Copper, and Mercury",PRIMARY_KEEP,Eligible copepod LC50 candidate,1111940|23766|8445
214,1134122,107489,10900,Cd,Cadmium,Eurytemora affinis,Calanoida,Multiple,4,Static,Total,NA,147.7,133.1,166.1,ug/L,147.7,ug/L,15,10,NA,NA,"Effects of Copper and Cadmium on Growth, Swimming and Predator Avoidance in Eurytemora affinis (Copepoda)",PRIMARY_KEEP,Eligible copepod LC50 candidate,1134122|107489|10900
215,1111939,23765,8445,Cd,Cadmium,Acartia tonsa,Calanoida,NA,4,Static,Total,NA,90,58,135,ug/L,90,ug/L,20,10,NA,NA,"Toxicological Comparison of Natural and Cultured Populations of Acartia tonsa to Cadmium, Copper, and Mercury",PRIMARY_KEEP,Eligible copepod LC50 candidate,1111939|23765|8445
228,1111938,23764,8445,Cd,Cadmium,Acartia tonsa,Calanoida,NA,4,Static,Total,NA,337,184,530,ug/L,337,ug/L,20,10,NA,NA,"Toxicological Comparison of Natural and Cultured Populations of Acartia tonsa to Cadmium, Copper, and Mercury",PRIMARY_KEEP,Eligible copepod LC50 candidate,1111938|23764|8445
240,1134120,107487,10900,Cd,Cadmium,Eurytemora affinis,Calanoida,Multiple,4,Static,Total,>,120,NA,NA,ug/L,120,ug/L,15,10,NA,NA,"Effects of Copper and Cadmium on Growth, Swimming and Predator Avoidance in Eurytemora affinis (Copepoda)",EXCLUDE_PRIMARY,Censored LC50,1134120|107487|10900
243,1134121,107488,10900,Cd,Cadmium,Eurytemora affinis,Calanoida,Multiple,4,Static,Total,>,140,NA,NA,ug/L,140,ug/L,15,10,NA,NA,"Effects of Copper and Cadmium on Growth, Swimming and Predator Avoidance in Eurytemora affinis (Copepoda)",EXCLUDE_PRIMARY,Censored LC50,1134121|107488|10900
254,1054945,220832,3825,Cr,Chromium,Pseudodiaptomus coronatus,Calanoida,NA,4,"Aquatic, unspecified",Total,NA,3650,1290,6250,ug/L,3650,ug/L,20,30,NA,NA,"Results of Acute Toxicity Tests Conducted with Silver at ERL, Narragansett",EXCLUDE_PRIMARY,Cr identity unresolved,1054945|220832|3825
257,1053690,194881,3751,Cr,Chromium,Pseudodiaptomus coronatus,Calanoida,Adult,4,"Aquatic, unspecified",Total,NA,3650,1290,6250,ug/L,3650,ug/L,20,30,NA,NA,Unpublished Laboratory Data,EXCLUDE_PRIMARY,Cr identity unresolved,1053690|194881|3751
262,1053689,194880,3751,Cr,Chromium,Acartia clausi,Calanoida,Adult,4,"Aquatic, unspecified",Total,NA,6643,5697,7987,ug/L,6643,ug/L,10,30,NA,NA,Unpublished Laboratory Data,EXCLUDE_PRIMARY,Cr identity unresolved,1053689|194880|3751
263,1054944,220831,3825,Cr,Chromium,Acartia clausi,Calanoida,NA,4,"Aquatic, unspecified",Total,NA,6643,5697,7987,ug/L,6643,ug/L,10,30,NA,NA,"Results of Acute Toxicity Tests Conducted with Silver at ERL, Narragansett",EXCLUDE_PRIMARY,Cr identity unresolved,1054944|220831|3825
268,1078810,12517,6079,Cu,Copper,Calanoida,Calanoida,Adult,4,Static,Total,NA,60,NA,NA,ug/L,60,ug/L,21,NA,NA,NA,"Evaluation of Potential Indicators of Sub-Lethal Toxic Stress on Marine Zooplankton (Feeding, Fecundity, Respiration, and Excretion): Controlled Ecosystem Pollution Experiment",PRIMARY_KEEP,Eligible copepod LC50 candidate,1078810|12517|6079
285,1078809,12516,6079,Cu,Copper,Calanoida,Calanoida,NA,4,Static,Total,NA,45,NA,NA,ug/L,45,ug/L,9,NA,NA,NA,"Evaluation of Potential Indicators of Sub-Lethal Toxic Stress on Marine Zooplankton (Feeding, Fecundity, Respiration, and Excretion): Controlled Ecosystem Pollution Experiment",PRIMARY_KEEP,Eligible copepod LC50 candidate,1078809|12516|6079
322,1078811,12518,6079,Cu,Copper,Calanoida,Calanoida,NA,2,Static,Total,NA,105,NA,NA,ug/L,105,ug/L,9,NA,NA,NA,"Evaluation of Potential Indicators of Sub-Lethal Toxic Stress on Marine Zooplankton (Feeding, Fecundity, Respiration, and Excretion): Controlled Ecosystem Pollution Experiment",PRIMARY_KEEP,Eligible copepod LC50 candidate,1078811|12518|6079
324,1078808,12515,6079,Cu,Copper,Calanoida,Calanoida,Juvenile,4,Static,Total,NA,52,NA,NA,ug/L,52,ug/L,9,NA,NA,NA,"Evaluation of Potential Indicators of Sub-Lethal Toxic Stress on Marine Zooplankton (Feeding, Fecundity, Respiration, and Excretion): Controlled Ecosystem Pollution Experiment",PRIMARY_KEEP,Eligible copepod LC50 candidate,1078808|12515|6079
348,1111945,23785,8445,Cu,Copper,Acartia tonsa,Calanoida,Adult,4,Static,Total,NA,17,9,29,ug/L,17,ug/L,20,30,NA,NA,"Toxicological Comparison of Natural and Cultured Populations of Acartia tonsa to Cadmium, Copper, and Mercury",PRIMARY_KEEP,Eligible copepod LC50 candidate,1111945|23785|8445
349,1047099,115192,2977,Cu,Copper,Tigriopus californicus,Harpacticoida,Nauplii,4,Renewal,Total,NA,2.5,0.9,3.9,M,2.5,M,NA,35,NA,NA,"Copper Tolerance of the Life History Stages of the Splashpool Copepod Tigriopus californicus (Copepoda, Harpacticoida)",PRIMARY_KEEP,Eligible copepod LC50 candidate,1047099|115192|2977
350,1252479,700796,59877,Cu,Copper,Amphiascus tenuiremis,Harpacticoida,NA,4,Static,Total,NA,124.6,NA,NA,ug/L,124.6,ug/L,20,30,7.9,NA,"Acute Toxicity of Five Sediment-Associated Metals, Individually and in a Mixture, to the Estuarine Meiobenthic Harpacticoid Copepod Amphiascus tenuiremis",PRIMARY_KEEP,Eligible copepod LC50 candidate,1252479|700796|59877
351,1047101,115194,2977,Cu,Copper,Tigriopus californicus,Harpacticoida,Nauplii,4,Renewal,Total,NA,4.1,3.3,5,M,4.1,M,NA,35,NA,NA,"Copper Tolerance of the Life History Stages of the Splashpool Copepod Tigriopus californicus (Copepoda, Harpacticoida)",PRIMARY_KEEP,Eligible copepod LC50 candidate,1047101|115194|2977
352,1047097,115190,2977,Cu,Copper,Tigriopus californicus,Harpacticoida,Nauplii,4,Renewal,Total,NA,1.2,0.6,1.6,M,1.2,M,NA,35,NA,NA,"Copper Tolerance of the Life History Stages of the Splashpool Copepod Tigriopus californicus (Copepoda, Harpacticoida)",PRIMARY_KEEP,Eligible copepod LC50 candidate,1047097|115190|2977
353,1134112,107408,10900,Cu,Copper,Eurytemora affinis,Calanoida,Multiple,4,Static,Total,NA,31.1,NA,NA,ug/L,31.1,ug/L,15,10,NA,NA,"Effects of Copper and Cadmium on Growth, Swimming and Predator Avoidance in Eurytemora affinis (Copepoda)",PRIMARY_KEEP,Eligible copepod LC50 candidate,1134112|107408|10900
354,1047100,115193,2977,Cu,Copper,Tigriopus californicus,Harpacticoida,Nauplii,4,Renewal,Total,NA,2.9,1.5,4.2,M,2.9,M,NA,35,NA,NA,"Copper Tolerance of the Life History Stages of the Splashpool Copepod Tigriopus californicus (Copepoda, Harpacticoida)",PRIMARY_KEEP,Eligible copepod LC50 candidate,1047100|115193|2977
355,1134111,107407,10900,Cu,Copper,Eurytemora affinis,Calanoida,Multiple,4,Static,Total,NA,30.6,NA,NA,ug/L,30.6,ug/L,15,10,NA,NA,"Effects of Copper and Cadmium on Growth, Swimming and Predator Avoidance in Eurytemora affinis (Copepoda)",PRIMARY_KEEP,Eligible copepod LC50 candidate,1134111|107407|10900
356,1134115,107411,10900,Cu,Copper,Eurytemora affinis,Calanoida,Multiple,4,Static,Total,NA,33.7,24,46,ug/L,33.7,ug/L,15,10,NA,NA,"Effects of Copper and Cadmium on Growth, Swimming and Predator Avoidance in Eurytemora affinis (Copepoda)",PRIMARY_KEEP,Eligible copepod LC50 candidate,1134115|107411|10900
357,1134113,107409,10900,Cu,Copper,Eurytemora affinis,Calanoida,Multiple,4,Static,Total,NA,28.7,NA,NA,ug/L,28.7,ug/L,15,10,NA,NA,"Effects of Copper and Cadmium on Growth, Swimming and Predator Avoidance in Eurytemora affinis (Copepoda)",PRIMARY_KEEP,Eligible copepod LC50 candidate,1134113|107409|10900
358,1047096,115189,2977,Cu,Copper,Tigriopus californicus,Harpacticoida,Egg,4,Renewal,Total,NA,3.6,1.2,6.2,M,3.6,M,NA,35,NA,NA,"Copper Tolerance of the Life History Stages of the Splashpool Copepod Tigriopus californicus (Copepoda, Harpacticoida)",PRIMARY_KEEP,Eligible copepod LC50 candidate,1047096|115189|2977
359,1111944,23784,8445,Cu,Copper,Acartia tonsa,Calanoida,F6 generation,4,Static,Total,NA,55,36,76,ug/L,55,ug/L,20,10,NA,NA,"Toxicological Comparison of Natural and Cultured Populations of Acartia tonsa to Cadmium, Copper, and Mercury",PRIMARY_KEEP,Eligible copepod LC50 candidate,1111944|23784|8445
360,1047106,115199,2977,Cu,Copper,Tigriopus californicus,Harpacticoida,Copepodite,4,Renewal,Total,NA,6.2,3.9,7.9,M,6.2,M,NA,35,NA,NA,"Copper Tolerance of the Life History Stages of the Splashpool Copepod Tigriopus californicus (Copepoda, Harpacticoida)",PRIMARY_KEEP,Eligible copepod LC50 candidate,1047106|115199|2977
361,1047104,115197,2977,Cu,Copper,Tigriopus californicus,Harpacticoida,Copepodite,4,Renewal,Total,NA,7.8,4.5,11.5,M,7.8,M,NA,35,NA,NA,"Copper Tolerance of the Life History Stages of the Splashpool Copepod Tigriopus californicus (Copepoda, Harpacticoida)",PRIMARY_KEEP,Eligible copepod LC50 candidate,1047104|115197|2977
362,1047102,115195,2977,Cu,Copper,Tigriopus californicus,Harpacticoida,Nauplii,4,Renewal,Total,NA,4.8,3.5,6.1,M,4.8,M,NA,35,NA,NA,"Copper Tolerance of the Life History Stages of the Splashpool Copepod Tigriopus californicus (Copepoda, Harpacticoida)",PRIMARY_KEEP,Eligible copepod LC50 candidate,1047102|115195|2977
363,1111943,23783,8445,Cu,Copper,Acartia tonsa,Calanoida,NA,4,Static,Total,NA,31,21,44,ug/L,31,ug/L,20,10,NA,NA,"Toxicological Comparison of Natural and Cultured Populations of Acartia tonsa to Cadmium, Copper, and Mercury",PRIMARY_KEEP,Eligible copepod LC50 candidate,1111943|23783|8445
364,1111946,23786,8445,Cu,Copper,Acartia tonsa,Calanoida,F2 generation,4,Static,Total,NA,64,NA,NA,ug/L,64,ug/L,20,10,NA,NA,"Toxicological Comparison of Natural and Cultured Populations of Acartia tonsa to Cadmium, Copper, and Mercury",PRIMARY_KEEP,Eligible copepod LC50 candidate,1111946|23786|8445
365,1047098,115191,2977,Cu,Copper,Tigriopus californicus,Harpacticoida,Nauplii,4,Renewal,Total,NA,0.3,0.02,2,M,0.3,M,NA,35,NA,NA,"Copper Tolerance of the Life History Stages of the Splashpool Copepod Tigriopus californicus (Copepoda, Harpacticoida)",PRIMARY_KEEP,Eligible copepod LC50 candidate,1047098|115191|2977
366,1047103,115196,2977,Cu,Copper,Tigriopus californicus,Harpacticoida,Copepodite,4,Renewal,Total,NA,5.9,4.6,7.2,M,5.9,M,NA,35,NA,NA,"Copper Tolerance of the Life History Stages of the Splashpool Copepod Tigriopus californicus (Copepoda, Harpacticoida)",PRIMARY_KEEP,Eligible copepod LC50 candidate,1047103|115196|2977
367,1047105,115198,2977,Cu,Copper,Tigriopus californicus,Harpacticoida,Copepodite,4,Renewal,Total,NA,6.5,5,8.2,M,6.5,M,NA,35,NA,NA,"Copper Tolerance of the Life History Stages of the Splashpool Copepod Tigriopus californicus (Copepoda, Harpacticoida)",PRIMARY_KEEP,Eligible copepod LC50 candidate,1047105|115198|2977
368,1047107,115200,2977,Cu,Copper,Tigriopus californicus,Harpacticoida,Copepodite,4,Renewal,Total,NA,6.2,4.5,7.9,M,6.2,M,NA,35,NA,NA,"Copper Tolerance of the Life History Stages of the Splashpool Copepod Tigriopus californicus (Copepoda, Harpacticoida)",PRIMARY_KEEP,Eligible copepod LC50 candidate,1047107|115200|2977
369,1134114,107410,10900,Cu,Copper,Eurytemora affinis,Calanoida,Multiple,4,Static,Total,NA,7.5,1.5,44.7,ug/L,7.5,ug/L,15,10,NA,NA,"Effects of Copper and Cadmium on Growth, Swimming and Predator Avoidance in Eurytemora affinis (Copepoda)",PRIMARY_KEEP,Eligible copepod LC50 candidate,1134114|107410|10900
370,1047108,115201,2977,Cu,Copper,Tigriopus californicus,Harpacticoida,Adult,4,Renewal,Total,NA,12,10,14,M,12,M,NA,35,NA,NA,"Copper Tolerance of the Life History Stages of the Splashpool Copepod Tigriopus californicus (Copepoda, Harpacticoida)",PRIMARY_KEEP,Eligible copepod LC50 candidate,1047108|115201|2977
392,1053485,129448,3734,Zn,Zinc,Pseudodiaptomus coronatus,Calanoida,NA,4,Static,Total,NA,1783,1490,2090,ug/L,1783,ug/L,20,30,NA,NA,Unpublished Laboratory Data,PRIMARY_KEEP,Eligible copepod LC50 candidate,1053485|129448|3734
402,1282495,736155,59877,Zn,Zinc,Amphiascus tenuiremis,Harpacticoida,Adult,4,Leaching,Total,NA,375.8,346.1,408,ug/L,375.8,ug/L,20,31,8,34,"Acute Toxicity of Five Sediment-Associated Metals, Individually and in a Mixture, to the Estuarine Meiobenthic Harpacticoid Copepod Amphiascus tenuiremis",EXCLUDE_PRIMARY,Leaching exposure,1282495|736155|59877
403,1053484,129447,3734,Zn,Zinc,Acartia clausi,Calanoida,NA,4,Static,Total,NA,950,712,1338,ug/L,950,ug/L,10,30,NA,NA,Unpublished Laboratory Data,PRIMARY_KEEP,Eligible copepod LC50 candidate,1053484|129447|3734
404,1053486,129449,3734,Zn,Zinc,Eurytemora affinis,Calanoida,NA,4,Static,Total,NA,4090,3170,4960,ug/L,4090,ug/L,20,30,NA,NA,Unpublished Laboratory Data,PRIMARY_KEEP,Eligible copepod LC50 candidate,1053486|129449|3734
405,1053483,129446,3734,Zn,Zinc,Acartia tonsa,Calanoida,NA,4,Static,Total,NA,290,180,440,ug/L,290,ug/L,20,30,NA,NA,Unpublished Laboratory Data,PRIMARY_KEEP,Eligible copepod LC50 candidate,1053483|129446|3734
406,2142307,2267988,166161,Cu,Copper chloride (CuCl2),Amphiascoides atopus,Harpacticoida,Adult,4,"Aquatic, unspecified",Dissolved,NA,NA,2,4,uM,NA,uM,NA,30,NA,NA,Dietary Carotenoids Regulate Astaxanthin Content of Copepods and Modulate Their Susceptibility to UV Light and Copper Toxicity,SECONDARY_MODIFIER,Diet/UV modifier,2142307|2267988|166161
410,2154475,2295509,166814,Cu,Copper chloride (CuCl2),Tigriopus fulvus,Harpacticoida,Nauplii,4,Static,Total,NA,50,NA,NA,ug/L,50,ug/L,20,38,NA,NA,"Toxicity Assessment of Copper, Pentachlorophenol and Phenanthrene by Lethal and Sublethal Endpoints on Nauplii of Tigriopus fulvus",PRIMARY_KEEP,Eligible copepod LC50 candidate,2154475|2295509|166814
424,2142306,2267986,166161,Cu,Copper chloride (CuCl2),Amphiascoides atopus,Harpacticoida,Adult,4,"Aquatic, unspecified",Dissolved,NA,NA,2,4,uM,NA,uM,NA,30,NA,NA,Dietary Carotenoids Regulate Astaxanthin Content of Copepods and Modulate Their Susceptibility to UV Light and Copper Toxicity,SECONDARY_MODIFIER,Diet/UV modifier,2142306|2267986|166161
438,2142304,2267982,166161,Cu,Copper chloride (CuCl2),Amphiascoides atopus,Harpacticoida,Adult,4,"Aquatic, unspecified",Dissolved,NA,NA,10,12,uM,NA,uM,NA,30,NA,NA,Dietary Carotenoids Regulate Astaxanthin Content of Copepods and Modulate Their Susceptibility to UV Light and Copper Toxicity,SECONDARY_MODIFIER,Diet/UV modifier,2142304|2267982|166161
470,2142115,2267557,166161,Cu,Copper chloride (CuCl2),Amphiascoides atopus,Harpacticoida,Adult,4,"Aquatic, unspecified",Dissolved,NA,857.19,710.3,1204.6,ug/L,857.19,ug/L,NA,30,NA,NA,Dietary Carotenoids Regulate Astaxanthin Content of Copepods and Modulate Their Susceptibility to UV Light and Copper Toxicity,SECONDARY_MODIFIER,Diet/UV modifier,2142115|2267557|166161
493,2142113,2267555,166161,Cu,Copper chloride (CuCl2),Amphiascoides atopus,Harpacticoida,Adult,4,"Aquatic, unspecified",Dissolved,NA,538.67,455,657.8,ug/L,538.67,ug/L,NA,30,NA,NA,Dietary Carotenoids Regulate Astaxanthin Content of Copepods and Modulate Their Susceptibility to UV Light and Copper Toxicity,SECONDARY_MODIFIER,Diet/UV modifier,2142113|2267555|166161
495,2142305,2267984,166161,Cu,Copper chloride (CuCl2),Amphiascoides atopus,Harpacticoida,Adult,4,"Aquatic, unspecified",Dissolved,NA,NA,12,14,uM,NA,uM,NA,30,NA,NA,Dietary Carotenoids Regulate Astaxanthin Content of Copepods and Modulate Their Susceptibility to UV Light and Copper Toxicity,SECONDARY_MODIFIER,Diet/UV modifier,2142305|2267984|166161
497,2142308,2267990,166161,Cu,Copper chloride (CuCl2),Amphiascoides atopus,Harpacticoida,Adult,4,"Aquatic, unspecified",Dissolved,~,4,NA,NA,uM,4,uM,NA,30,NA,NA,Dietary Carotenoids Regulate Astaxanthin Content of Copepods and Modulate Their Susceptibility to UV Light and Copper Toxicity,SECONDARY_MODIFIER,Diet/UV modifier,2142308|2267990|166161
501,2148070,2282197,169914,Cu,Copper chloride (CuCl2),Tigriopus fulvus,Harpacticoida,Nauplii,4,"Aquatic, unspecified",Total,NA,0.14,NA,NA,mg/L,0.14,mg/L,NA,NA,NA,NA,Preliminary Assessment of Ostreopsis cfr. ovata Acute Toxicity by Using a Battery Bioassay,PRIMARY_KEEP,Eligible copepod LC50 candidate,2148070|2282197|169914
509,2142303,2267980,166161,Cu,Copper chloride (CuCl2),Amphiascoides atopus,Harpacticoida,Adult,4,"Aquatic, unspecified",Dissolved,NA,NA,8,10,uM,NA,uM,NA,30,NA,NA,Dietary Carotenoids Regulate Astaxanthin Content of Copepods and Modulate Their Susceptibility to UV Light and Copper Toxicity,SECONDARY_MODIFIER,Diet/UV modifier,2142303|2267980|166161
526,2142309,2267992,166161,Cu,Copper chloride (CuCl2),Amphiascoides atopus,Harpacticoida,Adult,4,"Aquatic, unspecified",Dissolved,~,4,NA,NA,uM,4,uM,NA,30,NA,NA,Dietary Carotenoids Regulate Astaxanthin Content of Copepods and Modulate Their Susceptibility to UV Light and Copper Toxicity,SECONDARY_MODIFIER,Diet/UV modifier,2142309|2267992|166161
528,2142302,2267978,166161,Cu,Copper chloride (CuCl2),Amphiascoides atopus,Harpacticoida,Adult,4,"Aquatic, unspecified",Dissolved,NA,NA,4,6,uM,NA,uM,NA,30,NA,NA,Dietary Carotenoids Regulate Astaxanthin Content of Copepods and Modulate Their Susceptibility to UV Light and Copper Toxicity,SECONDARY_MODIFIER,Diet/UV modifier,2142302|2267978|166161
531,2142112,2267554,166161,Cu,Copper chloride (CuCl2),Amphiascoides atopus,Harpacticoida,Adult,4,"Aquatic, unspecified",Dissolved,NA,334.24,280.6,396.1,ug/L,334.24,ug/L,NA,30,NA,NA,Dietary Carotenoids Regulate Astaxanthin Content of Copepods and Modulate Their Susceptibility to UV Light and Copper Toxicity,PRIMARY_KEEP,Eligible copepod LC50 candidate,2142112|2267554|166161
536,2142114,2267556,166161,Cu,Copper chloride (CuCl2),Amphiascoides atopus,Harpacticoida,Adult,4,"Aquatic, unspecified",Dissolved,NA,741.83,612.7,995.3,ug/L,741.83,ug/L,NA,30,NA,NA,Dietary Carotenoids Regulate Astaxanthin Content of Copepods and Modulate Their Susceptibility to UV Light and Copper Toxicity,SECONDARY_MODIFIER,Diet/UV modifier,2142114|2267556|166161
537,1312983,770479,107036,Cu,Copper chloride (CuCl2),Eurytemora affinis,Calanoida,Nauplii,4,Static,Dissolved,NA,108,99.1,118,ug/L,108,ug/L,NA,10,NA,NA,"The Influence of Salinity and Dissolved Organic Carbon on the Toxicity of Copper to the Estuarine Copepod, Eurytemora affinis",SECONDARY_MODIFIER,Deliberate DOC manipulation,1312983|770479|107036
538,2140678,2263526,166133,Cu,Copper chloride (CuCl2),Acartia tonsa,Calanoida,Multiple,2,Renewal,Dissolved,NA,NA,108.7,200,ug/L,NA,ug/L,20,30,7.49,4.3,Acute Waterborne Copper Toxicity to the Euryhaline Copepod Acartia tonsa at Different Salinities:  Influence of Natural Freshwater and Marine Dissolved Organic Matter,SECONDARY_MODIFIER,Experimental DOM treatment,2140678|2263526|166133
540,2140681,2263528,166133,Cu,Copper chloride (CuCl2),Acartia tonsa,Calanoida,Multiple,2,Renewal,Dissolved,NA,NA,107.8,200,ug/L,NA,ug/L,20,5,6.88,5.4,Acute Waterborne Copper Toxicity to the Euryhaline Copepod Acartia tonsa at Different Salinities:  Influence of Natural Freshwater and Marine Dissolved Organic Matter,SECONDARY_MODIFIER,Experimental DOM treatment,2140681|2263528|166133
541,1202376,128159,18395,Cu,Copper chloride (CuCl2),Eurytemora affinis,Calanoida,Nauplii,4,Renewal,Dissolved,NA,69.4,60.7,79.45,ug/L,69.4,ug/L,NA,NA,NA,NA,Acute and Chronic Toxicity of Copper to the Estuarine Copepod Eurytemora affinis: Influence of Organic Complexation and Speciation,PRIMARY_KEEP,Eligible copepod LC50 candidate,1202376|128159|18395
542,2140684,2263531,166133,Cu,Copper chloride (CuCl2),Acartia tonsa,Calanoida,Multiple,2,Renewal,Dissolved,NA,NA,108.7,200,ug/L,NA,ug/L,20,15,7.21,5.4,Acute Waterborne Copper Toxicity to the Euryhaline Copepod Acartia tonsa at Different Salinities:  Influence of Natural Freshwater and Marine Dissolved Organic Matter,SECONDARY_MODIFIER,Experimental DOM treatment,2140684|2263531|166133
543,1312982,770478,107036,Cu,Copper chloride (CuCl2),Eurytemora affinis,Calanoida,Nauplii,4,Static,Dissolved,NA,76.2,73.4,78.7,ug/L,76.2,ug/L,NA,10,NA,NA,"The Influence of Salinity and Dissolved Organic Carbon on the Toxicity of Copper to the Estuarine Copepod, Eurytemora affinis",SECONDARY_MODIFIER,Deliberate DOC manipulation,1312982|770478|107036
544,2140666,2263499,166133,Cu,Copper chloride (CuCl2),Acartia tonsa,Calanoida,Multiple,2,Renewal,Dissolved,NA,NA,0,41.8,ug/L,NA,ug/L,20,5,6.88,0.6,Acute Waterborne Copper Toxicity to the Euryhaline Copepod Acartia tonsa at Different Salinities:  Influence of Natural Freshwater and Marine Dissolved Organic Matter,SECONDARY_MODIFIER,Experimental DOM treatment,2140666|2263499|166133
545,2145455,2274198,169337,Cu,Copper chloride (CuCl2),Nitocra spinipes,Harpacticoida,NA,4,Static,Total,NA,2100,1800,2700,ug/L,2100,ug/L,22,7,8.2,NA,Comparison of Toxicity and Release Rates of Cu and Zn from Anti-Fouling Paints Leached in Natural and Artificial Brackish Seawater,PRIMARY_KEEP,Eligible copepod LC50 candidate,2145455|2274198|169337
546,2140696,2263542,166133,Cu,Copper chloride (CuCl2),Acartia tonsa,Calanoida,Multiple,2,Renewal,Dissolved,NA,NA,67.4,108.7,ug/L,NA,ug/L,20,30,7.49,1.4,Acute Waterborne Copper Toxicity to the Euryhaline Copepod Acartia tonsa at Different Salinities:  Influence of Natural Freshwater and Marine Dissolved Organic Matter,SECONDARY_MODIFIER,Experimental DOM treatment,2140696|2263542|166133
547,2140671,2263516,166133,Cu,Copper chloride (CuCl2),Acartia tonsa,Calanoida,Multiple,2,Renewal,Dissolved,NA,NA,67.4,100,ug/L,NA,ug/L,20,5,6.88,4.3,Acute Waterborne Copper Toxicity to the Euryhaline Copepod Acartia tonsa at Different Salinities:  Influence of Natural Freshwater and Marine Dissolved Organic Matter,SECONDARY_MODIFIER,Experimental DOM treatment,2140671|2263516|166133
548,2140664,2263491,166133,Cu,Copper chloride (CuCl2),Acartia tonsa,Calanoida,Multiple,2,Renewal,Dissolved,NA,67.4,43.2,92.9,ug/L,67.4,ug/L,20,15,7.21,0.1,Acute Waterborne Copper Toxicity to the Euryhaline Copepod Acartia tonsa at Different Salinities:  Influence of Natural Freshwater and Marine Dissolved Organic Matter,PRIMARY_KEEP,Eligible copepod LC50 candidate,2140664|2263491|166133
550,2140708,2263588,166133,Cu,Copper chloride (CuCl2),Acartia tonsa,Calanoida,Multiple,2,Renewal,Dissolved,NA,NA,67.4,108.7,ug/L,NA,ug/L,20,15,7.21,2.2,Acute Waterborne Copper Toxicity to the Euryhaline Copepod Acartia tonsa at Different Salinities:  Influence of Natural Freshwater and Marine Dissolved Organic Matter,SECONDARY_MODIFIER,Experimental DOM treatment,2140708|2263588|166133
551,2140686,2263533,166133,Cu,Copper chloride (CuCl2),Acartia tonsa,Calanoida,Multiple,2,Renewal,Dissolved,NA,NA,67.4,108.7,ug/L,NA,ug/L,20,30,7.49,2.5,Acute Waterborne Copper Toxicity to the Euryhaline Copepod Acartia tonsa at Different Salinities:  Influence of Natural Freshwater and Marine Dissolved Organic Matter,SECONDARY_MODIFIER,Experimental DOM treatment,2140686|2263533|166133
552,1312979,770475,107036,Cu,Copper chloride (CuCl2),Eurytemora affinis,Calanoida,Nauplii,4,Static,Dissolved,NA,104,94.2,109,ug/L,104,ug/L,NA,5,NA,NA,"The Influence of Salinity and Dissolved Organic Carbon on the Toxicity of Copper to the Estuarine Copepod, Eurytemora affinis",PRIMARY_KEEP,Eligible copepod LC50 candidate,1312979|770475|107036
553,2140676,2263524,166133,Cu,Copper chloride (CuCl2),Acartia tonsa,Calanoida,Multiple,2,Renewal,Dissolved,NA,NA,41.8,67.4,ug/L,NA,ug/L,20,30,7.49,0.6,Acute Waterborne Copper Toxicity to the Euryhaline Copepod Acartia tonsa at Different Salinities:  Influence of Natural Freshwater and Marine Dissolved Organic Matter,SECONDARY_MODIFIER,Experimental DOM treatment,2140676|2263524|166133
554,2140707,2263587,166133,Cu,Copper chloride (CuCl2),Acartia tonsa,Calanoida,Multiple,2,Renewal,Dissolved,NA,NA,108.7,200,ug/L,NA,ug/L,20,15,7.21,0.5,Acute Waterborne Copper Toxicity to the Euryhaline Copepod Acartia tonsa at Different Salinities:  Influence of Natural Freshwater and Marine Dissolved Organic Matter,SECONDARY_MODIFIER,Experimental DOM treatment,2140707|2263587|166133
555,2140683,2263530,166133,Cu,Copper chloride (CuCl2),Acartia tonsa,Calanoida,Multiple,2,Renewal,Dissolved,~,67.4,NA,NA,ug/L,67.4,ug/L,20,15,7.21,2.5,Acute Waterborne Copper Toxicity to the Euryhaline Copepod Acartia tonsa at Different Salinities:  Influence of Natural Freshwater and Marine Dissolved Organic Matter,SECONDARY_MODIFIER,Experimental DOM treatment,2140683|2263530|166133
556,2140710,2263590,166133,Cu,Copper chloride (CuCl2),Acartia tonsa,Calanoida,Multiple,2,Renewal,Dissolved,NA,NA,108.7,150,ug/L,NA,ug/L,20,30,7.49,2.2,Acute Waterborne Copper Toxicity to the Euryhaline Copepod Acartia tonsa at Different Salinities:  Influence of Natural Freshwater and Marine Dissolved Organic Matter,SECONDARY_MODIFIER,Experimental DOM treatment,2140710|2263590|166133
557,2140709,2263589,166133,Cu,Copper chloride (CuCl2),Acartia tonsa,Calanoida,Multiple,2,Renewal,Dissolved,NA,NA,67.4,108.7,ug/L,NA,ug/L,20,30,7.49,0.5,Acute Waterborne Copper Toxicity to the Euryhaline Copepod Acartia tonsa at Different Salinities:  Influence of Natural Freshwater and Marine Dissolved Organic Matter,SECONDARY_MODIFIER,Experimental DOM treatment,2140709|2263589|166133
558,2140695,2263541,166133,Cu,Copper chloride (CuCl2),Acartia tonsa,Calanoida,Multiple,2,Renewal,Dissolved,NA,NA,200,300,ug/L,NA,ug/L,20,15,7.21,6.7,Acute Waterborne Copper Toxicity to the Euryhaline Copepod Acartia tonsa at Different Salinities:  Influence of Natural Freshwater and Marine Dissolved Organic Matter,SECONDARY_MODIFIER,Experimental DOM treatment,2140695|2263541|166133
559,2140698,2263544,166133,Cu,Copper chloride (CuCl2),Acartia tonsa,Calanoida,Multiple,2,Renewal,Dissolved,NA,NA,108.7,200,ug/L,NA,ug/L,20,30,7.49,6.7,Acute Waterborne Copper Toxicity to the Euryhaline Copepod Acartia tonsa at Different Salinities:  Influence of Natural Freshwater and Marine Dissolved Organic Matter,SECONDARY_MODIFIER,Experimental DOM treatment,2140698|2263544|166133
560,2140704,2263580,166133,Cu,Copper chloride (CuCl2),Acartia tonsa,Calanoida,Multiple,2,Renewal,Dissolved,NA,NA,41.8,67.4,ug/L,NA,ug/L,20,5,6.88,2.2,Acute Waterborne Copper Toxicity to the Euryhaline Copepod Acartia tonsa at Different Salinities:  Influence of Natural Freshwater and Marine Dissolved Organic Matter,SECONDARY_MODIFIER,Experimental DOM treatment,2140704|2263580|166133
561,2140690,2263536,166133,Cu,Copper chloride (CuCl2),Acartia tonsa,Calanoida,Multiple,2,Renewal,Dissolved,NA,NA,41.8,67.4,ug/L,NA,ug/L,20,5,6.88,1.4,Acute Waterborne Copper Toxicity to the Euryhaline Copepod Acartia tonsa at Different Salinities:  Influence of Natural Freshwater and Marine Dissolved Organic Matter,SECONDARY_MODIFIER,Experimental DOM treatment,2140690|2263536|166133
562,1202375,76832,18395,Cu,Copper chloride (CuCl2),Eurytemora affinis,Calanoida,Nauplii,2,Static,Dissolved,NA,83,75.31,91.68,ug/L,83,ug/L,NA,14,NA,NA,Acute and Chronic Toxicity of Copper to the Estuarine Copepod Eurytemora affinis: Influence of Organic Complexation and Speciation,PRIMARY_KEEP,Eligible copepod LC50 candidate,1202375|76832|18395
564,2140702,2263575,166133,Cu,Copper chloride (CuCl2),Acartia tonsa,Calanoida,Multiple,2,Renewal,Dissolved,NA,NA,67.4,108.7,ug/L,NA,ug/L,20,5,6.88,0.5,Acute Waterborne Copper Toxicity to the Euryhaline Copepod Acartia tonsa at Different Salinities:  Influence of Natural Freshwater and Marine Dissolved Organic Matter,SECONDARY_MODIFIER,Experimental DOM treatment,2140702|2263575|166133
565,1312986,770482,107036,Cu,Copper chloride (CuCl2),Eurytemora affinis,Calanoida,Nauplii,4,Static,Dissolved,NA,111,93.4,131,ug/L,111,ug/L,NA,10,NA,NA,"The Influence of Salinity and Dissolved Organic Carbon on the Toxicity of Copper to the Estuarine Copepod, Eurytemora affinis",SECONDARY_MODIFIER,Deliberate DOC manipulation,1312986|770482|107036
566,2140693,2263539,166133,Cu,Copper chloride (CuCl2),Acartia tonsa,Calanoida,Multiple,2,Renewal,Dissolved,NA,NA,108.7,200,ug/L,NA,ug/L,20,15,7.21,1.4,Acute Waterborne Copper Toxicity to the Euryhaline Copepod Acartia tonsa at Different Salinities:  Influence of Natural Freshwater and Marine Dissolved Organic Matter,SECONDARY_MODIFIER,Experimental DOM treatment,2140693|2263539|166133
567,1300832,756507,115854,Cu,Copper chloride (CuCl2),Tigriopus japonicus,Harpacticoida,Adult,4,"Aquatic, unspecified",Total,NA,813,NA,NA,ug/L,813,ug/L,25,33,NA,NA,Copper Toxicity in the Marine Copepod Tigropus japonicus:  Low Variability and High Reproducibility of Repeated Acute and Life-Cycle Tests,PRIMARY_KEEP,Eligible copepod LC50 candidate,1300832|756507|115854
568,2140673,2263518,166133,Cu,Copper chloride (CuCl2),Acartia tonsa,Calanoida,Multiple,2,Renewal,Dissolved,NA,NA,108.7,200,ug/L,NA,ug/L,20,15,7.21,0.6,Acute Waterborne Copper Toxicity to the Euryhaline Copepod Acartia tonsa at Different Salinities:  Influence of Natural Freshwater and Marine Dissolved Organic Matter,SECONDARY_MODIFIER,Experimental DOM treatment,2140673|2263518|166133
569,2140685,2263532,166133,Cu,Copper chloride (CuCl2),Acartia tonsa,Calanoida,Multiple,2,Renewal,Dissolved,NA,NA,300,400,ug/L,NA,ug/L,20,15,7.21,10.5,Acute Waterborne Copper Toxicity to the Euryhaline Copepod Acartia tonsa at Different Salinities:  Influence of Natural Freshwater and Marine Dissolved Organic Matter,SECONDARY_MODIFIER,Experimental DOM treatment,2140685|2263532|166133
570,2140680,2263527,166133,Cu,Copper chloride (CuCl2),Acartia tonsa,Calanoida,Multiple,2,Renewal,Dissolved,NA,NA,67.4,108.7,ug/L,NA,ug/L,20,5,6.88,2.5,Acute Waterborne Copper Toxicity to the Euryhaline Copepod Acartia tonsa at Different Salinities:  Influence of Natural Freshwater and Marine Dissolved Organic Matter,SECONDARY_MODIFIER,Experimental DOM treatment,2140680|2263527|166133
571,2140675,2263520,166133,Cu,Copper chloride (CuCl2),Acartia tonsa,Calanoida,Multiple,2,Renewal,Dissolved,NA,NA,108.7,200,ug/L,NA,ug/L,20,15,7.21,4.3,Acute Waterborne Copper Toxicity to the Euryhaline Copepod Acartia tonsa at Different Salinities:  Influence of Natural Freshwater and Marine Dissolved Organic Matter,SECONDARY_MODIFIER,Experimental DOM treatment,2140675|2263520|166133
573,2140692,2263538,166133,Cu,Copper chloride (CuCl2),Acartia tonsa,Calanoida,Multiple,2,Renewal,Dissolved,NA,NA,67.4,100,ug/L,NA,ug/L,20,5,6.88,6.7,Acute Waterborne Copper Toxicity to the Euryhaline Copepod Acartia tonsa at Different Salinities:  Influence of Natural Freshwater and Marine Dissolved Organic Matter,SECONDARY_MODIFIER,Experimental DOM treatment,2140692|2263538|166133
574,2140677,2263525,166133,Cu,Copper chloride (CuCl2),Acartia tonsa,Calanoida,Multiple,2,Renewal,Dissolved,NA,NA,41.8,67.4,ug/L,NA,ug/L,20,30,7.49,1.6,Acute Waterborne Copper Toxicity to the Euryhaline Copepod Acartia tonsa at Different Salinities:  Influence of Natural Freshwater and Marine Dissolved Organic Matter,SECONDARY_MODIFIER,Experimental DOM treatment,2140677|2263525|166133
576,1312981,770477,107036,Cu,Copper chloride (CuCl2),Eurytemora affinis,Calanoida,Nauplii,4,Static,Dissolved,NA,58.1,52,64.9,ug/L,58.1,ug/L,25,25,NA,NA,"The Influence of Salinity and Dissolved Organic Carbon on the Toxicity of Copper to the Estuarine Copepod, Eurytemora affinis",PRIMARY_KEEP,Eligible copepod LC50 candidate,1312981|770477|107036
577,2140665,2263492,166133,Cu,Copper chloride (CuCl2),Acartia tonsa,Calanoida,Multiple,2,Renewal,Dissolved,NA,108.7,79.3,128.2,ug/L,108.7,ug/L,20,30,7.49,0.1,Acute Waterborne Copper Toxicity to the Euryhaline Copepod Acartia tonsa at Different Salinities:  Influence of Natural Freshwater and Marine Dissolved Organic Matter,PRIMARY_KEEP,Eligible copepod LC50 candidate,2140665|2263492|166133
578,2140694,2263540,166133,Cu,Copper chloride (CuCl2),Acartia tonsa,Calanoida,Multiple,2,Renewal,Dissolved,NA,NA,108.7,200,ug/L,NA,ug/L,20,15,7.21,3.2,Acute Waterborne Copper Toxicity to the Euryhaline Copepod Acartia tonsa at Different Salinities:  Influence of Natural Freshwater and Marine Dissolved Organic Matter,SECONDARY_MODIFIER,Experimental DOM treatment,2140694|2263540|166133
579,2140682,2263529,166133,Cu,Copper chloride (CuCl2),Acartia tonsa,Calanoida,Multiple,2,Renewal,Dissolved,NA,NA,200,300,ug/L,NA,ug/L,20,5,6.88,10.5,Acute Waterborne Copper Toxicity to the Euryhaline Copepod Acartia tonsa at Different Salinities:  Influence of Natural Freshwater and Marine Dissolved Organic Matter,SECONDARY_MODIFIER,Experimental DOM treatment,2140682|2263529|166133
580,2140674,2263519,166133,Cu,Copper chloride (CuCl2),Acartia tonsa,Calanoida,Multiple,2,Renewal,Dissolved,NA,NA,108.7,200,ug/L,NA,ug/L,20,15,7.21,1.6,Acute Waterborne Copper Toxicity to the Euryhaline Copepod Acartia tonsa at Different Salinities:  Influence of Natural Freshwater and Marine Dissolved Organic Matter,SECONDARY_MODIFIER,Experimental DOM treatment,2140674|2263519|166133
581,2140689,2263535,166133,Cu,Copper chloride (CuCl2),Acartia tonsa,Calanoida,Multiple,2,Renewal,Dissolved,NA,NA,300,400,ug/L,NA,ug/L,20,30,7.49,10.5,Acute Waterborne Copper Toxicity to the Euryhaline Copepod Acartia tonsa at Different Salinities:  Influence of Natural Freshwater and Marine Dissolved Organic Matter,SECONDARY_MODIFIER,Experimental DOM treatment,2140689|2263535|166133
582,2140687,2263534,166133,Cu,Copper chloride (CuCl2),Acartia tonsa,Calanoida,Multiple,2,Renewal,Dissolved,NA,NA,67.4,108.7,ug/L,NA,ug/L,20,30,7.49,5.4,Acute Waterborne Copper Toxicity to the Euryhaline Copepod Acartia tonsa at Different Salinities:  Influence of Natural Freshwater and Marine Dissolved Organic Matter,SECONDARY_MODIFIER,Experimental DOM treatment,2140687|2263534|166133
583,2140697,2263543,166133,Cu,Copper chloride (CuCl2),Acartia tonsa,Calanoida,Multiple,2,Renewal,Dissolved,NA,NA,108.7,200,ug/L,NA,ug/L,20,30,7.49,3.2,Acute Waterborne Copper Toxicity to the Euryhaline Copepod Acartia tonsa at Different Salinities:  Influence of Natural Freshwater and Marine Dissolved Organic Matter,SECONDARY_MODIFIER,Experimental DOM treatment,2140697|2263543|166133
584,2140661,2263489,166133,Cu,Copper chloride (CuCl2),Acartia tonsa,Calanoida,Multiple,2,Renewal,Dissolved,NA,41.8,33.2,52.2,ug/L,41.8,ug/L,20,5,6.88,0.1,Acute Waterborne Copper Toxicity to the Euryhaline Copepod Acartia tonsa at Different Salinities:  Influence of Natural Freshwater and Marine Dissolved Organic Matter,PRIMARY_KEEP,Eligible copepod LC50 candidate,2140661|2263489|166133
585,2140691,2263537,166133,Cu,Copper chloride (CuCl2),Acartia tonsa,Calanoida,Multiple,2,Renewal,Dissolved,NA,NA,67.4,108.7,ug/L,NA,ug/L,20,5,6.88,3.2,Acute Waterborne Copper Toxicity to the Euryhaline Copepod Acartia tonsa at Different Salinities:  Influence of Natural Freshwater and Marine Dissolved Organic Matter,SECONDARY_MODIFIER,Experimental DOM treatment,2140691|2263537|166133
586,2140670,2263515,166133,Cu,Copper chloride (CuCl2),Acartia tonsa,Calanoida,Multiple,2,Renewal,Dissolved,NA,NA,41.8,67.4,ug/L,NA,ug/L,20,5,6.88,1.6,Acute Waterborne Copper Toxicity to the Euryhaline Copepod Acartia tonsa at Different Salinities:  Influence of Natural Freshwater and Marine Dissolved Organic Matter,SECONDARY_MODIFIER,Experimental DOM treatment,2140670|2263515|166133
587,1312987,770483,107036,Cu,Copper chloride (CuCl2),Eurytemora affinis,Calanoida,Nauplii,4,Static,Dissolved,NA,166,154,179,ug/L,166,ug/L,NA,10,NA,NA,"The Influence of Salinity and Dissolved Organic Carbon on the Toxicity of Copper to the Estuarine Copepod, Eurytemora affinis",SECONDARY_MODIFIER,Deliberate DOC manipulation,1312987|770483|107036
588,1193934,181507,17398,Cu,Copper chloride (CuCl2),Acartia tonsa,Calanoida,NA,4,Static,Total,NA,10,NA,NA,ug/L,10,ug/L,NA,NA,NA,NA,Acute Effects of (bis)Tributyltin Oxide on Marine Organisms,PRIMARY_KEEP,Eligible copepod LC50 candidate,1193934|181507|17398
590,1312980,770476,107036,Cu,Copper chloride (CuCl2),Eurytemora affinis,Calanoida,Nauplii,4,Static,Dissolved,NA,67.6,55.1,82.9,ug/L,67.6,ug/L,NA,15,NA,NA,"The Influence of Salinity and Dissolved Organic Carbon on the Toxicity of Copper to the Estuarine Copepod, Eurytemora affinis",PRIMARY_KEEP,Eligible copepod LC50 candidate,1312980|770476|107036
600,1078445,130922,6045,Hg,Mercury chloride (HgCl2),Euchaeta marina,Calanoida,NA,1,Static,Total,NA,50,NA,NA,ppb,50,ppb,NA,NA,NA,NA,A Controlled Environmental Pollution Experiment (CEPEX) and Its Usefulness in the Study of Larger Marine Zooplankton Under Toxic Stress,PRIMARY_KEEP,Eligible copepod LC50 candidate,1078445|130922|6045
745,1078444,130921,6045,Hg,Mercury chloride (HgCl2),Labidocera scotti,Calanoida,NA,1,Static,Total,NA,31,NA,NA,ppb,31,ppb,NA,NA,NA,NA,A Controlled Environmental Pollution Experiment (CEPEX) and Its Usefulness in the Study of Larger Marine Zooplankton Under Toxic Stress,PRIMARY_KEEP,Eligible copepod LC50 candidate,1078444|130921|6045
785,1035611,29495,2183,Hg,Mercury chloride (HgCl2),Nitocra spinipes,Harpacticoida,Adult,4,Static,Total,NA,230,180,290,ug/L,230,ug/L,20,7,8,NA,Use of a Harpacticoid Copepod in Toxicity Tests,PRIMARY_KEEP,Eligible copepod LC50 candidate,1035611|29495|2183
788,1078429,100481,6045,Hg,Mercury chloride (HgCl2),Acartia tonsa,Calanoida,Nauplii,1,Static,Total,NA,3,NA,NA,ppb,3,ppb,NA,NA,NA,NA,A Controlled Environmental Pollution Experiment (CEPEX) and Its Usefulness in the Study of Larger Marine Zooplankton Under Toxic Stress,PRIMARY_KEEP,Eligible copepod LC50 candidate,1078429|100481|6045
789,1078428,94768,6045,Hg,Mercury chloride (HgCl2),Acartia tonsa,Calanoida,Adult,1,Static,Total,NA,34,NA,NA,ppb,34,ppb,NA,NA,NA,NA,A Controlled Environmental Pollution Experiment (CEPEX) and Its Usefulness in the Study of Larger Marine Zooplankton Under Toxic Stress,PRIMARY_KEEP,Eligible copepod LC50 candidate,1078428|94768|6045
807,1070631,12736,5563,Zn,Zinc chloride (ZnCl2),Scutellidium sp.,Harpacticoida,Multiple,1,Static,Total,NA,1090,900,1290,ug/L,1090,ug/L,17,NA,NA,NA,"Acute Toxicity of Copper, Cadmium and Zinc to Three Species of Marine Copepod",PRIMARY_KEEP,Eligible copepod LC50 candidate,1070631|12736|5563
818,1053651,133692,3744,Zn,Zinc chloride (ZnCl2),Pseudodiaptomus coronatus,Calanoida,Adult,3,Static,Total,NA,3150,2475,4142,ug/L,3150,ug/L,15,30,NA,NA,"Results of Acute Toxicity Tests Conducted with Zinc at ERL, Narragansett",PRIMARY_KEEP,Eligible copepod LC50 candidate,1053651|133692|3744
822,1053652,133693,3744,Zn,Zinc chloride (ZnCl2),Pseudodiaptomus coronatus,Calanoida,Adult,4,Static,Total,NA,1783,NA,NA,ug/L,1783,ug/L,15,30,NA,NA,"Results of Acute Toxicity Tests Conducted with Zinc at ERL, Narragansett",PRIMARY_KEEP,Eligible copepod LC50 candidate,1053652|133693|3744
827,1070630,12735,5563,Zn,Zinc chloride (ZnCl2),Paracalanus parvus,Calanoida,Multiple,1,Static,Total,NA,1380,1060,1750,ug/L,1380,ug/L,17,NA,NA,NA,"Acute Toxicity of Copper, Cadmium and Zinc to Three Species of Marine Copepod",PRIMARY_KEEP,Eligible copepod LC50 candidate,1070630|12735|5563
832,1070629,12734,5563,Zn,Zinc chloride (ZnCl2),Acartia simplex,Calanoida,Multiple,1,Static,Total,NA,1860,1470,3880,ug/L,1860,ug/L,17,NA,NA,NA,"Acute Toxicity of Copper, Cadmium and Zinc to Three Species of Marine Copepod",PRIMARY_KEEP,Eligible copepod LC50 candidate,1070629|12734|5563
863,2145457,2274200,169337,Zn,Zinc chloride (ZnCl2),Nitocra spinipes,Harpacticoida,NA,4,Static,Total,NA,890,750,1100,ug/L,890,ug/L,22,7,8.2,NA,Comparison of Toxicity and Release Rates of Cu and Zn from Anti-Fouling Paints Leached in Natural and Artificial Brackish Seawater,PRIMARY_KEEP,Eligible copepod LC50 candidate,2145457|2274200|169337
871,1053649,133690,3744,Zn,Zinc chloride (ZnCl2),Acartia clausi,Calanoida,Adult,4,Static,Total,NA,950,NA,NA,ug/L,950,ug/L,10,30,NA,NA,"Results of Acute Toxicity Tests Conducted with Zinc at ERL, Narragansett",PRIMARY_KEEP,Eligible copepod LC50 candidate,1053649|133690|3744
875,1295983,751247,111315,Zn,Zinc chloride (ZnCl2),Tigriopus japonicus,Harpacticoida,Adult,4,Renewal,Total,NA,7.8,5.42,11.34,mg/L,7.8,mg/L,20,32,7.9,NA,Acute Toxicities of Trace Metals and Common Xenobiotics to the Marine Copepod Tigriopus japonicus:  Evaluation of Its Use as a Benchmark Species for Routine Ecotoxicity Tests in Western Pacific Coastal Regions,PRIMARY_KEEP,Eligible copepod LC50 candidate,1295983|751247|111315
876,1035615,41944,2183,Zn,Zinc chloride (ZnCl2),Nitocra spinipes,Harpacticoida,Adult,4,Static,Total,NA,1450,930,2260,ug/L,1450,ug/L,20,7,NA,NA,Use of a Harpacticoid Copepod in Toxicity Tests,PRIMARY_KEEP,Eligible copepod LC50 candidate,1035615|41944|2183
878,1053653,133694,3744,Zn,Zinc chloride (ZnCl2),Eurytemora affinis,Calanoida,Adult,4,Static,Total,NA,4090,NA,NA,ug/L,4090,ug/L,15,30,NA,NA,"Results of Acute Toxicity Tests Conducted with Zinc at ERL, Narragansett",PRIMARY_KEEP,Eligible copepod LC50 candidate,1053653|133694|3744
881,1037878,104483,2332,Zn,Zinc chloride (ZnCl2),Nitocra spinipes,Harpacticoida,NA,4,Flow-through,Total,NA,1300,980,1730,ug/L,1300,ug/L,NA,7,NA,NA,A Flowthrough Fecundity Test with Nitocra spinipes (Harpacticoidea Crustacea) for Aquatic Toxicity,PRIMARY_KEEP,Eligible copepod LC50 candidate,1037878|104483|2332
884,1053650,133691,3744,Zn,Zinc chloride (ZnCl2),Acartia clausi,Calanoida,Adult,3,Static,Total,NA,707.1,591.5,845.3,ug/L,707.1,ug/L,15,30,NA,NA,"Results of Acute Toxicity Tests Conducted with Zinc at ERL, Narragansett",PRIMARY_KEEP,Eligible copepod LC50 candidate,1053650|133691|3744
887,1053654,133695,3744,Zn,Zinc chloride (ZnCl2),Acartia tonsa,Calanoida,Adult,4,Static,Total,NA,294.2,196.1,428,ug/L,294.2,ug/L,20,30,NA,NA,"Results of Acute Toxicity Tests Conducted with Zinc at ERL, Narragansett",PRIMARY_KEEP,Eligible copepod LC50 candidate,1053654|133695|3744
899,1054979,131353,3826,Ni,Nickel chloride (NiCl2),Pseudodiaptomus coronatus,Calanoida,Adult,3,Static,Total,NA,14.573,10.85,19.163,ppm,14.573,ppm,15,30,NA,NA,"Results of Acute Toxicity Tests Conducted with Nickel at ERL, Narragansett",PRIMARY_KEEP,Eligible copepod LC50 candidate,1054979|131353|3826
913,1054981,131355,3826,Ni,Nickel chloride (NiCl2),Eurytemora affinis,Calanoida,Adult,4,Static,Total,NA,13.182,11.566,14.981,ppm,13.182,ppm,15,30,NA,NA,"Results of Acute Toxicity Tests Conducted with Nickel at ERL, Narragansett",PRIMARY_KEEP,Eligible copepod LC50 candidate,1054981|131355|3826
915,2030265,2047702,3826,Ni,Nickel chloride (NiCl2),Acartia tonsa,Calanoida,Adult,3,Static,Total,NA,0.747,0.5,1.04,ppm,0.747,ppm,20,30,NA,NA,"Results of Acute Toxicity Tests Conducted with Nickel at ERL, Narragansett",PRIMARY_KEEP,Eligible copepod LC50 candidate,2030265|2047702|3826
918,2319264,2802768,193873,Ni,Nickel chloride (NiCl2),Tigriopus japonicus,Harpacticoida,Neonate,4,Renewal,Dissolved,NA,4300,3610,5090,ug/L,4300,ug/L,27,NA,NA,NA,Acute and Chronic Toxicity of Nickel on Freshwater and Marine Tropical Aquatic Organisms,PRIMARY_KEEP,Eligible copepod LC50 candidate,2319264|2802768|193873
933,1054980,131354,3826,Ni,Nickel chloride (NiCl2),Eurytemora affinis,Calanoida,Adult,4,Static,Total,NA,9.593,7.098,13.252,ppm,9.593,ppm,15,30,NA,NA,"Results of Acute Toxicity Tests Conducted with Nickel at ERL, Narragansett",PRIMARY_KEEP,Eligible copepod LC50 candidate,1054980|131354|3826
935,1054977,131351,3826,Ni,Nickel chloride (NiCl2),Acartia clausi,Calanoida,Adult,4,Static,Total,NA,3.466,2.821,4.317,ppm,3.466,ppm,20,30,NA,NA,"Results of Acute Toxicity Tests Conducted with Nickel at ERL, Narragansett",PRIMARY_KEEP,Eligible copepod LC50 candidate,1054977|131351|3826
952,1035629,54870,2183,Ni,Nickel chloride (NiCl2),Nitocra spinipes,Harpacticoida,Adult,4,Static,Total,NA,6000,3900,9100,ug/L,6000,ug/L,20,7,8,NA,Use of a Harpacticoid Copepod in Toxicity Tests,PRIMARY_KEEP,Eligible copepod LC50 candidate,1035629|54870|2183
963,1054978,131352,3826,Ni,Nickel chloride (NiCl2),Acartia clausi,Calanoida,Adult,3,Static,Total,NA,6.006,4.095,8.696,ppm,6.006,ppm,15,30,NA,NA,"Results of Acute Toxicity Tests Conducted with Nickel at ERL, Narragansett",PRIMARY_KEEP,Eligible copepod LC50 candidate,1054978|131352|3826
972,1096430,121126,6825,Zn,"Sulfuric acid, Zinc salt (1:1)",Temora stylifera,Calanoida,Adult,2,Static,Total,NA,30,23,35,ug/L,30,ug/L,25,25,NA,NA,Toxicity Testing with Coastal Species of Southeastern Brazil. Mysids and Copepods,PRIMARY_KEEP,Eligible copepod LC50 candidate,1096430|121126|6825
981,1096447,130167,6825,Zn,"Sulfuric acid, Zinc salt (1:1)",Acartia lillgeborgi,Calanoida,Adult,2,Static,Formulation,NA,800,310,960,ug/L,800,ug/L,25,23,NA,NA,Toxicity Testing with Coastal Species of Southeastern Brazil. Mysids and Copepods,EXCLUDE_PRIMARY,Failed source validity,1096447|130167|6825
983,1096428,121124,6825,Zn,"Sulfuric acid, Zinc salt (1:1)",Temora stylifera,Calanoida,Adult,2,Static,Total,NA,90,60,120,ug/L,90,ug/L,25,33.5,NA,NA,Toxicity Testing with Coastal Species of Southeastern Brazil. Mysids and Copepods,PRIMARY_KEEP,Eligible copepod LC50 candidate,1096428|121124|6825
995,1033122,107272,2084,Zn,"Sulfuric acid, Zinc salt (1:1)",Tisbe holothuriae,Harpacticoida,NA,2,Static,Total,NA,1076,NA,NA,ug/L,1076,ug/L,18,NA,NA,NA,Toxicity of Zinc to the Marine Copepod Tisbe holothuriae; the Importance of the Food Factor,SECONDARY_MODIFIER,Deliberate modifier experiment,1033122|107272|2084
997,1096431,121127,6825,Zn,"Sulfuric acid, Zinc salt (1:1)",Temora stylifera,Calanoida,Adult,2,Static,Total,NA,23,4,36,ug/L,23,ug/L,25,28,NA,NA,Toxicity Testing with Coastal Species of Southeastern Brazil. Mysids and Copepods,PRIMARY_KEEP,Eligible copepod LC50 candidate,1096431|121127|6825
1006,1340234,801239,111830,Zn,"Sulfuric acid, Zinc salt (1:1)",Robertsonia propinqua,Harpacticoida,Nauplii,4,Static,Total,NA,1.7,1.1,2.5,mg/L,1.7,mg/L,21,32,8.2,NA,Zinc Sulfate and Atrazine Toxicity to the Marine Harpacticoid Copepod Robertsonia propinqua,PRIMARY_KEEP,Eligible copepod LC50 candidate,1340234|801239|111830
1007,1096427,121123,6825,Zn,"Sulfuric acid, Zinc salt (1:1)",Temora stylifera,Calanoida,Adult,2,Static,Total,NA,14,5,40,ug/L,14,ug/L,25,33.5,NA,NA,Toxicity Testing with Coastal Species of Southeastern Brazil. Mysids and Copepods,PRIMARY_KEEP,Eligible copepod LC50 candidate,1096427|121123|6825
1010,1096445,130165,6825,Zn,"Sulfuric acid, Zinc salt (1:1)",Acartia lillgeborgi,Calanoida,Adult,2,Static,Total,NA,320,110,940,ug/L,320,ug/L,25,33.5,NA,NA,Toxicity Testing with Coastal Species of Southeastern Brazil. Mysids and Copepods,PRIMARY_KEEP,Eligible copepod LC50 candidate,1096445|130165|6825
1014,1096429,121125,6825,Zn,"Sulfuric acid, Zinc salt (1:1)",Temora stylifera,Calanoida,Adult,2,Static,Total,NA,4,0,18,ug/L,4,ug/L,25,23,NA,NA,Toxicity Testing with Coastal Species of Southeastern Brazil. Mysids and Copepods,EXCLUDE_PRIMARY,Failed source validity,1096429|121125|6825
1019,1340235,801240,111830,Zn,"Sulfuric acid, Zinc salt (1:1)",Robertsonia propinqua,Harpacticoida,Adult,4,Static,Total,NA,2.7,1.7,4.2,mg/L,2.7,mg/L,21,32,8.2,NA,Zinc Sulfate and Atrazine Toxicity to the Marine Harpacticoid Copepod Robertsonia propinqua,PRIMARY_KEEP,Eligible copepod LC50 candidate,1340235|801240|111830
1022,1096448,130168,6825,Zn,"Sulfuric acid, Zinc salt (1:1)",Acartia lillgeborgi,Calanoida,Adult,2,Static,Formulation,NA,700,10,940,ug/L,700,ug/L,25,25,NA,NA,Toxicity Testing with Coastal Species of Southeastern Brazil. Mysids and Copepods,PRIMARY_RECOVERED,Nipper source-resolved Zn basis,1096448|130168|6825
1027,2095611,2175506,161986,Zn,"Sulfuric acid, Zinc salt (1:1)",Quinquelaophonte sp.,Harpacticoida,Adult,4,Static,Total,NA,0.38,0.32,0.46,mg/L,0.38,mg/L,20,30,NA,NA,"Development of a Harpacticoid Copepod Bioassay:  Selection of Species and Relative Sensitivity to Zinc, Atrazine and Phenanthrene",PRIMARY_KEEP,Eligible copepod LC50 candidate,2095611|2175506|161986
1028,2095611,2175507,161986,Zn,"Sulfuric acid, Zinc salt (1:1)",Quinquelaophonte sp.,Harpacticoida,Adult,4,Static,Total,NA,1.1,0.81,1.47,mg/L,1.1,mg/L,20,30,NA,NA,"Development of a Harpacticoid Copepod Bioassay:  Selection of Species and Relative Sensitivity to Zinc, Atrazine and Phenanthrene",PRIMARY_KEEP,Eligible copepod LC50 candidate,2095611|2175507|161986
1029,2095611,2175498,161986,Zn,"Sulfuric acid, Zinc salt (1:1)",Quinquelaophonte sp.,Harpacticoida,Adult,4,Static,Total,NA,0.64,0.51,0.82,mg/L,0.64,mg/L,20,30,NA,NA,"Development of a Harpacticoid Copepod Bioassay:  Selection of Species and Relative Sensitivity to Zinc, Atrazine and Phenanthrene",PRIMARY_KEEP,Eligible copepod LC50 candidate,2095611|2175498|161986
1037,1096426,121122,6825,Zn,"Sulfuric acid, Zinc salt (1:1)",Temora stylifera,Calanoida,Adult,2,Static,Formulation,NA,40,20,80,ug/L,40,ug/L,25,33.5,NA,NA,Toxicity Testing with Coastal Species of Southeastern Brazil. Mysids and Copepods,PRIMARY_RECOVERED,Nipper source-resolved Zn basis,1096426|121122|6825
1048,1096450,130170,6825,Zn,"Sulfuric acid, Zinc salt (1:1)",Acartia lillgeborgi,Calanoida,Adult,2,Static,Formulation,NA,890,600,1020,ug/L,890,ug/L,25,32,NA,NA,Toxicity Testing with Coastal Species of Southeastern Brazil. Mysids and Copepods,PRIMARY_RECOVERED,Nipper source-resolved Zn basis,1096450|130170|6825
1052,1033118,107268,2084,Zn,"Sulfuric acid, Zinc salt (1:1)",Tisbe holothuriae,Harpacticoida,Copepodid,2,Static,Total,NA,421,NA,NA,ug/L,421,ug/L,18,NA,NA,NA,Toxicity of Zinc to the Marine Copepod Tisbe holothuriae; the Importance of the Food Factor,SECONDARY_MODIFIER,Deliberate modifier experiment,1033118|107268|2084
1054,1096425,121121,6825,Zn,"Sulfuric acid, Zinc salt (1:1)",Temora stylifera,Calanoida,Adult,2,Static,Formulation,NA,31,10,46,ug/L,31,ug/L,25,33.5,NA,NA,Toxicity Testing with Coastal Species of Southeastern Brazil. Mysids and Copepods,PRIMARY_RECOVERED,Nipper source-resolved Zn basis,1096425|121121|6825
1064,1096449,130169,6825,Zn,"Sulfuric acid, Zinc salt (1:1)",Acartia lillgeborgi,Calanoida,Adult,2,Static,Formulation,NA,550,0,860,ug/L,550,ug/L,25,28,NA,NA,Toxicity Testing with Coastal Species of Southeastern Brazil. Mysids and Copepods,PRIMARY_RECOVERED,Nipper source-resolved Zn basis,1096449|130169|6825
1068,1096446,130166,6825,Zn,"Sulfuric acid, Zinc salt (1:1)",Acartia lillgeborgi,Calanoida,Adult,2,Static,Total,NA,420,310,560,ug/L,420,ug/L,25,33.5,NA,NA,Toxicity Testing with Coastal Species of Southeastern Brazil. Mysids and Copepods,PRIMARY_KEEP,Eligible copepod LC50 candidate,1096446|130166|6825
1069,1033121,107271,2084,Zn,"Sulfuric acid, Zinc salt (1:1)",Tisbe holothuriae,Harpacticoida,NA,2,Static,Total,NA,713,NA,NA,ug/L,713,ug/L,18,NA,NA,NA,Toxicity of Zinc to the Marine Copepod Tisbe holothuriae; the Importance of the Food Factor,SECONDARY_MODIFIER,Deliberate modifier experiment,1033121|107271|2084
1073,1033119,107269,2084,Zn,"Sulfuric acid, Zinc salt (1:1)",Tisbe holothuriae,Harpacticoida,Adult,2,Static,Total,NA,1150,NA,NA,ug/L,1150,ug/L,18,NA,NA,NA,Toxicity of Zinc to the Marine Copepod Tisbe holothuriae; the Importance of the Food Factor,SECONDARY_MODIFIER,Deliberate modifier experiment,1033119|107269|2084
1087,1096432,121128,6825,Zn,"Sulfuric acid, Zinc salt (1:1)",Temora stylifera,Calanoida,Adult,2,Static,Formulation,NA,31,10,46,ug/L,31,ug/L,25,32,NA,NA,Toxicity Testing with Coastal Species of Southeastern Brazil. Mysids and Copepods,PRIMARY_RECOVERED,Nipper source-resolved Zn basis,1096432|121128|6825
1105,1033120,107270,2084,Zn,"Sulfuric acid, Zinc salt (1:1)",Tisbe holothuriae,Harpacticoida,NA,2,Static,Total,NA,783,NA,NA,ug/L,783,ug/L,18,NA,NA,NA,Toxicity of Zinc to the Marine Copepod Tisbe holothuriae; the Importance of the Food Factor,SECONDARY_MODIFIER,Deliberate modifier experiment,1033120|107270|2084
1106,2095567,2175478,161986,Zn,"Sulfuric acid, Zinc salt (1:1)",Robertsonia propinqua,Harpacticoida,Adult,4,Static,Total,NA,2,1.56,2.25,mg/L,2,mg/L,20,30,NA,NA,"Development of a Harpacticoid Copepod Bioassay:  Selection of Species and Relative Sensitivity to Zinc, Atrazine and Phenanthrene",PRIMARY_KEEP,Eligible copepod LC50 candidate,2095567|2175478|161986
1125,1037874,104479,2332,Zn,"Sulfuric acid, Zinc salt (1:1)",Nitocra spinipes,Harpacticoida,NA,4,Flow-through,Total,NA,2800,2000,3900,ug/L,2800,ug/L,NA,25,NA,NA,A Flowthrough Fecundity Test with Nitocra spinipes (Harpacticoidea Crustacea) for Aquatic Toxicity,PRIMARY_KEEP,Eligible copepod LC50 candidate,1037874|104479|2332
1144,2299150,2706689,5185,Zn,"Sulfuric acid, Zinc salt (1:1)",Nitocra spinipes,Harpacticoida,Adult,4,Static,Total,NA,4.3,3.6,5.1,mg/L,4.3,mg/L,21,7,7.8,NA,"The Acute Toxicity of 78 Chemicals and Pesticide Formulations Against Two Brackish Water Organisms, the Bleak (Alburnus alburnus) and the Harpacticoid Nitocra spinipes",PRIMARY_KEEP,Eligible copepod LC50 candidate,2299150|2706689|5185
1145,2101666,2186591,150008,Zn,"Sulfuric acid, Zinc salt (1:1)",Tigriopus japonicus,Harpacticoida,Nauplii,4,Renewal,Dissolved,NA,1.14,0.86,1.5,mg/L,1.14,mg/L,25,NA,NA,NA,Toxicities of Nano Zinc Oxide to Five Marine Organisms: Influences of Aggregate Size and Ion Solubility,PRIMARY_KEEP,Eligible copepod LC50 candidate,2101666|2186591|150008
1150,1037871,104476,2332,Zn,"Sulfuric acid, Zinc salt (1:1)",Nitocra spinipes,Harpacticoida,NA,4,Flow-through,Total,NA,2400,2000,2900,ug/L,2400,ug/L,NA,15,NA,NA,A Flowthrough Fecundity Test with Nitocra spinipes (Harpacticoidea Crustacea) for Aquatic Toxicity,PRIMARY_KEEP,Eligible copepod LC50 candidate,1037871|104476|2332
1156,1278692,731972,62291,Zn,"Sulfuric acid, Zinc salt (1:1)",Tigriopus brevicornis,Harpacticoida,Adult,4,Renewal,Total,NA,715.2,666.4,764,ug/L,715.2,ug/L,20,NA,NA,NA,Influence of Different Essential and Non-Essential Metals on MTLP Levels in the Copepod Tigriopus brevicornis,PRIMARY_KEEP,Eligible copepod LC50 candidate,1278692|731972|62291
1163,1053489,5143,3735,Cu,Copper chloride (CuCl),Pseudodiaptomus coronatus,Calanoida,Adult,4,Static,Total,NA,235.4,188.7,299.2,ppb,235.4,ppb,15,30,NA,NA,"Results of Acute Toxicity Tests Conducted with Copper at ERL, Narragansett",PRIMARY_KEEP,Eligible copepod LC50 candidate,1053489|5143|3735
1164,1053490,5144,3735,Cu,Copper chloride (CuCl),Eurytemora affinis,Calanoida,Adult,4,Static,Total,NA,0.928,0.761,1.119,ppm,0.928,ppm,15,30,NA,NA,"Results of Acute Toxicity Tests Conducted with Copper at ERL, Narragansett",PRIMARY_KEEP,Eligible copepod LC50 candidate,1053490|5144|3735
1165,1053488,5142,3735,Cu,Copper chloride (CuCl),Acartia tonsa,Calanoida,Adult,3,Static,Total,NA,58.1,40.2,82.9,ppb,58.1,ppb,10,30,NA,NA,"Results of Acute Toxicity Tests Conducted with Copper at ERL, Narragansett",PRIMARY_KEEP,Eligible copepod LC50 candidate,1053488|5142|3735
1166,1301502,757396,115854,Cu,Copper chloride (CuCl),Tigriopus japonicus,Harpacticoida,Adult,4,"Aquatic, unspecified",Total,NA,1175,NA,NA,ug/L,1175,ug/L,25,33,NA,NA,Copper Toxicity in the Marine Copepod Tigropus japonicus:  Low Variability and High Reproducibility of Repeated Acute and Life-Cycle Tests,PRIMARY_KEEP,Eligible copepod LC50 candidate,1301502|757396|115854
1167,1053487,5141,3735,Cu,Copper chloride (CuCl),Acartia clausi,Calanoida,Adult,4,Static,Total,NA,0.049,0.04,0.06,ppm,0.049,ppm,10,30,NA,NA,"Results of Acute Toxicity Tests Conducted with Copper at ERL, Narragansett",PRIMARY_KEEP,Eligible copepod LC50 candidate,1053487|5141|3735
1168,2307797,2748544,192310,Pb,Lead chloride (PbCl2),Acartia danae,Calanoida,Adult,4,Renewal,Dissolved,NA,0.1,NA,NA,mg/L,0.1,mg/L,26,29.5,7.8,NA,"Prescribing Sea Water Quality Criteria for Arsenic, Cadmium and Lead Through Species Sensitivity Distribution",PRIMARY_KEEP,Eligible copepod LC50 candidate,2307797|2748544|192310
1172,2307792,2748535,192310,Pb,Lead chloride (PbCl2),Oithona similis,Cyclopoida,Adult,4,Renewal,Dissolved,NA,0.05,NA,NA,mg/L,0.05,mg/L,26,29.5,7.8,NA,"Prescribing Sea Water Quality Criteria for Arsenic, Cadmium and Lead Through Species Sensitivity Distribution",PRIMARY_KEEP,Eligible copepod LC50 candidate,2307792|2748535|192310
1191,2146952,2279335,166028,Cu,Sulfuric acid copper(2+) salt (1:1),Tigriopus fulvus,Harpacticoida,Nauplii,2,Static,Total,NA,0.23,NA,NA,mg/L,0.23,mg/L,20,38,8,NA,"Assessment of Individual and Combined Toxicities of Three Heavy Metals (Cu, Cd and Hg) by Using Tigriopus fulvus",PRIMARY_KEEP,Eligible copepod LC50 candidate,2146952|2279335|166028
1198,1070626,12731,5563,Cu,Sulfuric acid copper(2+) salt (1:1),Acartia simplex,Calanoida,Multiple,1,Static,Total,NA,200,80,310,ug/L,200,ug/L,17,NA,NA,NA,"Acute Toxicity of Copper, Cadmium and Zinc to Three Species of Marine Copepod",PRIMARY_KEEP,Eligible copepod LC50 candidate,1070626|12731|5563
1201,1155887,159531,13507,Cu,Sulfuric acid copper(2+) salt (1:1),Tisbe furcata,Harpacticoida,NA,4,Renewal,Dissolved,NA,178,NA,NA,ug/L,178,ug/L,NA,34,8,NA,Use of Life Tables and LC50 Tests to Evaluate Chronic and Acute Toxicity Effects of Copper on the Marine Copepod Tisbe furcata (Baird),PRIMARY_KEEP,Eligible copepod LC50 candidate,1155887|159531|13507
1206,1135994,90926,11097,Cu,Sulfuric acid copper(2+) salt (1:1),Tisbe holothuriae,Harpacticoida,Nauplii,2,Static,Total,NA,314.2,NA,NA,ug/L,314.2,ug/L,18,38,NA,NA,Differentiation of the Sensitivity to Copper and Cadmium in Different Life Stages of a Copepod,PRIMARY_KEEP,Eligible copepod LC50 candidate,1135994|90926|11097
1213,1310646,767829,14474,Cu,Sulfuric acid copper(2+) salt (1:1),Tisbe holothuriae,Harpacticoida,Adult,2,Static,Total,NA,0.5289,NA,NA,mg/L,0.5289,mg/L,NA,NA,NA,NA,"Lethal and Sublethal Effects of Some Contaminants (Heavy Metals, Oil, Dispersants) to Marine Planktonic Animals",PRIMARY_KEEP,Eligible copepod LC50 candidate,1310646|767829|14474
1236,1078431,102405,6045,Cu,Sulfuric acid copper(2+) salt (1:1),Metridia pacifica,Calanoida,NA,1,Static,Total,NA,176,NA,NA,ppb,176,ppb,NA,NA,NA,NA,A Controlled Environmental Pollution Experiment (CEPEX) and Its Usefulness in the Study of Larger Marine Zooplankton Under Toxic Stress,PRIMARY_KEEP,Eligible copepod LC50 candidate,1078431|102405|6045
1252,2148404,2283208,156333,Cu,Sulfuric acid copper(2+) salt (1:1),Robertgurneya hopkinsi,Harpacticoida,Adult,4,"Aquatic, unspecified",Dissolved,NA,238,NA,NA,ug/L,238,ug/L,21,30,NA,NA,An Assessment of Three Harpacticoid Copepod Species for Use in Ecotoxicological Testing,PRIMARY_KEEP,Eligible copepod LC50 candidate,2148404|2283208|156333
1255,1078425,89398,6045,Cu,Sulfuric acid copper(2+) salt (1:1),Calanus plumchrus,Calanoida,NA,1,Static,Total,NA,2778,NA,NA,ppb,2778,ppb,NA,NA,NA,NA,A Controlled Environmental Pollution Experiment (CEPEX) and Its Usefulness in the Study of Larger Marine Zooplankton Under Toxic Stress,PRIMARY_KEEP,Eligible copepod LC50 candidate,1078425|89398|6045
1262,1310647,767830,14474,Cu,Sulfuric acid copper(2+) salt (1:1),Tisbe holothuriae,Harpacticoida,Adult,2,Static,Total,NA,0.4473,NA,NA,mg/L,0.4473,mg/L,NA,NA,NA,NA,"Lethal and Sublethal Effects of Some Contaminants (Heavy Metals, Oil, Dispersants) to Marine Planktonic Animals",PRIMARY_KEEP,Eligible copepod LC50 candidate,1310647|767830|14474
1263,2136233,2252278,153073,Cu,Sulfuric acid copper(2+) salt (1:1),Paracyclopina nana,Cyclopoida,Adult,4,Renewal,Total,NA,0.8,0.76,0.91,mg/L,0.8,mg/L,25,15,NA,NA,"Molecular Characterization and Expression of Vitellogenin (Vg) Genes from the Cyclopoid Copepod, Paracyclopina nana Exposed to Heavy Metals",PRIMARY_KEEP,Eligible copepod LC50 candidate,2136233|2252278|153073
1271,1310648,767831,14474,Cu,Sulfuric acid copper(2+) salt (1:1),Tisbe holothuriae,Harpacticoida,NA,2,Static,Total,NA,0.4281,NA,NA,mg/L,0.4281,mg/L,NA,NA,NA,NA,"Lethal and Sublethal Effects of Some Contaminants (Heavy Metals, Oil, Dispersants) to Marine Planktonic Animals",PRIMARY_KEEP,Eligible copepod LC50 candidate,1310648|767831|14474
1285,1135996,90928,11097,Cu,Sulfuric acid copper(2+) salt (1:1),Tisbe holothuriae,Harpacticoida,Copepodid,2,Static,Total,NA,528.9,NA,NA,ug/L,528.9,ug/L,18,38,NA,NA,Differentiation of the Sensitivity to Copper and Cadmium in Different Life Stages of a Copepod,PRIMARY_KEEP,Eligible copepod LC50 candidate,1135996|90928|11097
1295,1310618,767801,14474,Cu,Sulfuric acid copper(2+) salt (1:1),Tisbe holothuriae,Harpacticoida,NA,2,Static,Total,NA,0.4187,NA,NA,mg/L,0.4187,mg/L,NA,NA,NA,NA,"Lethal and Sublethal Effects of Some Contaminants (Heavy Metals, Oil, Dispersants) to Marine Planktonic Animals",PRIMARY_KEEP,Eligible copepod LC50 candidate,1310618|767801|14474
1298,1310619,767802,14474,Cu,Sulfuric acid copper(2+) salt (1:1),Tisbe holothuriae,Harpacticoida,NA,2,Static,Total,NA,0.4451,NA,NA,mg/L,0.4451,mg/L,NA,NA,NA,NA,"Lethal and Sublethal Effects of Some Contaminants (Heavy Metals, Oil, Dispersants) to Marine Planktonic Animals",PRIMARY_KEEP,Eligible copepod LC50 candidate,1310619|767802|14474
1304,1078436,102816,6045,Cu,Sulfuric acid copper(2+) salt (1:1),Undinula vulgaris,Calanoida,NA,1,Static,Total,NA,192,NA,NA,ppb,192,ppb,NA,NA,NA,NA,A Controlled Environmental Pollution Experiment (CEPEX) and Its Usefulness in the Study of Larger Marine Zooplankton Under Toxic Stress,PRIMARY_KEEP,Eligible copepod LC50 candidate,1078436|102816|6045
1312,1310621,767804,14474,Cu,Sulfuric acid copper(2+) salt (1:1),Tisbe holothuriae,Harpacticoida,NA,2,Static,Total,NA,0.4281,NA,NA,mg/L,0.4281,mg/L,NA,NA,NA,NA,"Lethal and Sublethal Effects of Some Contaminants (Heavy Metals, Oil, Dispersants) to Marine Planktonic Animals",PRIMARY_KEEP,Eligible copepod LC50 candidate,1310621|767804|14474
1315,1179974,82523,15726,Cu,Sulfuric acid copper(2+) salt (1:1),Tisbe holothuriae,Harpacticoida,Adult,2,Static,Total,NA,80,NA,NA,ug/L,80,ug/L,24,NA,NA,NA,"Individual and Combined Toxicity of Three Heavy Metals, Cu, Cd and Cr for the Marine Copepod Tisbe holothuriae",PRIMARY_KEEP,Eligible copepod LC50 candidate,1179974|82523|15726
1321,1078474,231987,6045,Cu,Sulfuric acid copper(2+) salt (1:1),Euchaeta marina,Calanoida,NA,1,Static,Total,NA,188,NA,NA,ppb,188,ppb,NA,NA,NA,NA,A Controlled Environmental Pollution Experiment (CEPEX) and Its Usefulness in the Study of Larger Marine Zooplankton Under Toxic Stress,PRIMARY_KEEP,Eligible copepod LC50 candidate,1078474|231987|6045
1324,1135997,90929,11097,Cu,Sulfuric acid copper(2+) salt (1:1),Tisbe holothuriae,Harpacticoida,NA,2,Static,Total,NA,447.3,NA,NA,ug/L,447.3,ug/L,18,38,NA,NA,Differentiation of the Sensitivity to Copper and Cadmium in Different Life Stages of a Copepod,PRIMARY_KEEP,Eligible copepod LC50 candidate,1135997|90929|11097
1327,1078421,66949,6045,Cu,Sulfuric acid copper(2+) salt (1:1),Labidocera scotti,Calanoida,NA,1,Static,Total,NA,132,NA,NA,ppb,132,ppb,NA,NA,NA,NA,A Controlled Environmental Pollution Experiment (CEPEX) and Its Usefulness in the Study of Larger Marine Zooplankton Under Toxic Stress,PRIMARY_KEEP,Eligible copepod LC50 candidate,1078421|66949|6045
1336,1135998,90930,11097,Cu,Sulfuric acid copper(2+) salt (1:1),Tisbe holothuriae,Harpacticoida,NA,2,Static,Total,NA,428.1,NA,NA,ug/L,428.1,ug/L,18,38,NA,NA,Differentiation of the Sensitivity to Copper and Cadmium in Different Life Stages of a Copepod,PRIMARY_KEEP,Eligible copepod LC50 candidate,1135998|90930|11097
1358,1070627,12732,5563,Cu,Sulfuric acid copper(2+) salt (1:1),Paracalanus parvus,Calanoida,Multiple,1,Static,Total,NA,190,160,220,ug/L,190,ug/L,17,NA,NA,NA,"Acute Toxicity of Copper, Cadmium and Zinc to Three Species of Marine Copepod",PRIMARY_KEEP,Eligible copepod LC50 candidate,1070627|12732|5563
1371,1310620,767803,14474,Cu,Sulfuric acid copper(2+) salt (1:1),Tisbe holothuriae,Harpacticoida,NA,2,Static,Total,NA,0.5177,NA,NA,mg/L,0.5177,mg/L,NA,NA,NA,NA,"Lethal and Sublethal Effects of Some Contaminants (Heavy Metals, Oil, Dispersants) to Marine Planktonic Animals",PRIMARY_KEEP,Eligible copepod LC50 candidate,1310620|767803|14474
1374,1178108,69500,15500,Cu,Sulfuric acid copper(2+) salt (1:1),Tisbe holothuriae,Harpacticoida,NA,2,Static,Total,NA,428,NA,NA,ug/L,428,ug/L,18,NA,NA,NA,Effects of Copper Sulphate on Tisbe holothuriae Humes (Copepoda) and Development of Tolerance to Copper,PRIMARY_KEEP,Eligible copepod LC50 candidate,1178108|69500|15500
1375,1135995,90927,11097,Cu,Sulfuric acid copper(2+) salt (1:1),Tisbe holothuriae,Harpacticoida,Nauplii,2,Static,Total,NA,341.5,NA,NA,ug/L,341.5,ug/L,18,38,NA,NA,Differentiation of the Sensitivity to Copper and Cadmium in Different Life Stages of a Copepod,PRIMARY_KEEP,Eligible copepod LC50 candidate,1135995|90927|11097
1377,1310644,767827,14474,Cu,Sulfuric acid copper(2+) salt (1:1),Tisbe holothuriae,Harpacticoida,Nauplii,2,Static,Total,NA,0.3415,NA,NA,mg/L,0.3415,mg/L,NA,NA,NA,NA,"Lethal and Sublethal Effects of Some Contaminants (Heavy Metals, Oil, Dispersants) to Marine Planktonic Animals",PRIMARY_KEEP,Eligible copepod LC50 candidate,1310644|767827|14474
1381,1310643,767826,14474,Cu,Sulfuric acid copper(2+) salt (1:1),Tisbe holothuriae,Harpacticoida,Nauplii,2,Static,Total,NA,0.3142,NA,NA,mg/L,0.3142,mg/L,NA,NA,NA,NA,"Lethal and Sublethal Effects of Some Contaminants (Heavy Metals, Oil, Dispersants) to Marine Planktonic Animals",PRIMARY_KEEP,Eligible copepod LC50 candidate,1310643|767826|14474
1383,1310622,767805,14474,Cu,Sulfuric acid copper(2+) salt (1:1),Tisbe holothuriae,Harpacticoida,NA,2,Static,Total,NA,0.428,NA,NA,mg/L,0.428,mg/L,NA,NA,NA,NA,"Lethal and Sublethal Effects of Some Contaminants (Heavy Metals, Oil, Dispersants) to Marine Planktonic Animals",PRIMARY_KEEP,Eligible copepod LC50 candidate,1310622|767805|14474
1389,1070628,12733,5563,Cu,Sulfuric acid copper(2+) salt (1:1),Scutellidium sp.,Harpacticoida,Multiple,1,Static,Total,NA,180,120,230,ug/L,180,ug/L,17,NA,NA,NA,"Acute Toxicity of Copper, Cadmium and Zinc to Three Species of Marine Copepod",PRIMARY_KEEP,Eligible copepod LC50 candidate,1070628|12733|5563
1394,2019866,2033704,156339,Cu,Sulfuric acid copper(2+) salt (1:1),Tigriopus japonicus,Harpacticoida,Adult,4,Renewal,Total,NA,580,430,790,ug/L,580,ug/L,25,33,NA,NA,Acute Toxicities of Five Commonly Used Antifouling Booster Biocides to Selected Subtropical and Cosmopolitan Marine Species,PRIMARY_KEEP,Eligible copepod LC50 candidate,2019866|2033704|156339
1395,1205935,171326,18833,Cu,Sulfuric acid copper(2+) salt (1:1),Tigriopus brevicornis,Harpacticoida,Adult,4,Renewal,Total,NA,1010,NA,NA,ug/L,1010,ug/L,20,37,NA,NA,"Toxic Effects of Two Trace Metals, Copper and Silver, on a Crustacean Harpacticoid Copepod Tigriopus brevicornis (Muller). Lethal and Sublethal Effects at Different Development Stages (Effets Biologiques de Deux Metaux",PRIMARY_KEEP,Eligible copepod LC50 candidate,1205935|171326|18833
1396,1300800,756472,115854,Cu,Sulfuric acid copper(2+) salt (1:1),Tigriopus japonicus,Harpacticoida,Adult,4,Renewal,Total,NA,323,NA,NA,ug/L,323,ug/L,NA,NA,NA,NA,Copper Toxicity in the Marine Copepod Tigropus japonicus:  Low Variability and High Reproducibility of Repeated Acute and Life-Cycle Tests,PRIMARY_KEEP,Eligible copepod LC50 candidate,1300800|756472|115854
1397,2135201,2249958,119554,Cu,Sulfuric acid copper(2+) salt (1:1),Tisbe battagliai,Harpacticoida,Nauplii,2,Static,Dissolved,NA,83.1,NA,NA,ug/L,83.1,ug/L,20,35,8.2,NA,Short-Term Toxicity Tests on the Harpacticoid Copepod Tisbe battagliai:  Lethal and Reproductive Endpoints,PRIMARY_KEEP,Eligible copepod LC50 candidate,2135201|2249958|119554
1398,1205933,171324,18833,Cu,Sulfuric acid copper(2+) salt (1:1),Tigriopus brevicornis,Harpacticoida,Copepodite,4,Renewal,Total,NA,412,NA,NA,ug/L,412,ug/L,20,37,NA,NA,"Toxic Effects of Two Trace Metals, Copper and Silver, on a Crustacean Harpacticoid Copepod Tigriopus brevicornis (Muller). Lethal and Sublethal Effects at Different Development Stages (Effets Biologiques de Deux Metaux",PRIMARY_KEEP,Eligible copepod LC50 candidate,1205933|171324|18833
1399,2135202,2249960,119554,Cu,Sulfuric acid copper(2+) salt (1:1),Tisbe battagliai,Harpacticoida,Gestation,3,Static,Dissolved,NA,157,NA,NA,ug/L,157,ug/L,20,35,8.2,NA,Short-Term Toxicity Tests on the Harpacticoid Copepod Tisbe battagliai:  Lethal and Reproductive Endpoints,PRIMARY_KEEP,Eligible copepod LC50 candidate,2135202|2249960|119554
1400,1078459,231971,6045,Cu,Sulfuric acid copper(2+) salt (1:1),Acartia tonsa,Calanoida,NA,1,Static,Total,NA,NA,200,300,ppb,NA,ppb,26,36,NA,NA,A Controlled Environmental Pollution Experiment (CEPEX) and Its Usefulness in the Study of Larger Marine Zooplankton Under Toxic Stress,EXCLUDE_PRIMARY,Reeve non-point/unresolved,1078459|231971|6045
1401,1078460,231972,6045,Cu,Sulfuric acid copper(2+) salt (1:1),Acartia tonsa,Calanoida,NA,1,Static,Total,NA,NA,200,300,ppb,NA,ppb,28,36,NA,NA,A Controlled Environmental Pollution Experiment (CEPEX) and Its Usefulness in the Study of Larger Marine Zooplankton Under Toxic Stress,EXCLUDE_PRIMARY,Reeve non-point/unresolved,1078460|231972|6045
1402,1078471,231984,6045,Cu,Sulfuric acid copper(2+) salt (1:1),Acartia tonsa,Calanoida,NA,1,Static,Total,NA,NA,100,200,ppb,NA,ppb,24,36,NA,NA,A Controlled Environmental Pollution Experiment (CEPEX) and Its Usefulness in the Study of Larger Marine Zooplankton Under Toxic Stress,EXCLUDE_PRIMARY,Reeve non-point/unresolved,1078471|231984|6045
1403,1078463,231975,6045,Cu,Sulfuric acid copper(2+) salt (1:1),Acartia tonsa,Calanoida,NA,1,Static,Total,NA,NA,120,170,ppb,NA,ppb,NA,36,NA,NA,A Controlled Environmental Pollution Experiment (CEPEX) and Its Usefulness in the Study of Larger Marine Zooplankton Under Toxic Stress,EXCLUDE_PRIMARY,Reeve non-point/unresolved,1078463|231975|6045
1405,1078469,231982,6045,Cu,Sulfuric acid copper(2+) salt (1:1),Acartia tonsa,Calanoida,NA,1,Static,Total,NA,NA,100,200,ppb,NA,ppb,NA,36,NA,NA,A Controlled Environmental Pollution Experiment (CEPEX) and Its Usefulness in the Study of Larger Marine Zooplankton Under Toxic Stress,EXCLUDE_PRIMARY,Reeve non-point/unresolved,1078469|231982|6045
1406,1078462,231974,6045,Cu,Sulfuric acid copper(2+) salt (1:1),Acartia tonsa,Calanoida,NA,1,Static,Total,NA,NA,100,200,ppb,NA,ppb,NA,36,NA,NA,A Controlled Environmental Pollution Experiment (CEPEX) and Its Usefulness in the Study of Larger Marine Zooplankton Under Toxic Stress,EXCLUDE_PRIMARY,Reeve non-point/unresolved,1078462|231974|6045
1408,1300793,756465,115854,Cu,Sulfuric acid copper(2+) salt (1:1),Tigriopus japonicus,Harpacticoida,Adult,4,"Aquatic, unspecified",Total,NA,NA,1000,1100,ug/L,1.045558,mg/L,25,33,NA,NA,Copper Toxicity in the Marine Copepod Tigropus japonicus:  Low Variability and High Reproducibility of Repeated Acute and Life-Cycle Tests,PRIMARY_RECOVERED,Kwok recovered via Heuschele supplement,1300793|756465|115854
1409,1301479,757358,115854,Cu,Sulfuric acid copper(2+) salt (1:1),Tigriopus japonicus,Harpacticoida,Adult,4,Renewal,Total,NA,NA,400,600,ug/L,0.473573,mg/L,NA,NA,NA,NA,Copper Toxicity in the Marine Copepod Tigropus japonicus:  Low Variability and High Reproducibility of Repeated Acute and Life-Cycle Tests,PRIMARY_RECOVERED,Kwok recovered via Heuschele supplement,1301479|757358|115854
1410,1078467,231980,6045,Cu,Sulfuric acid copper(2+) salt (1:1),Acartia tonsa,Calanoida,NA,1,Static,Total,~,200,NA,NA,ppb,200,ppb,22,36,NA,NA,A Controlled Environmental Pollution Experiment (CEPEX) and Its Usefulness in the Study of Larger Marine Zooplankton Under Toxic Stress,EXCLUDE_PRIMARY,Reeve non-point/unresolved,1078467|231980|6045
1411,1296798,752112,111315,Cu,Sulfuric acid copper(2+) salt (1:1),Tigriopus japonicus,Harpacticoida,Adult,4,Renewal,Total,NA,3.9,2.6,5.87,mg/L,3.9,mg/L,20,32,7.9,NA,Acute Toxicities of Trace Metals and Common Xenobiotics to the Marine Copepod Tigriopus japonicus:  Evaluation of Its Use as a Benchmark Species for Routine Ecotoxicity Tests in Western Pacific Coastal Regions,PRIMARY_KEEP,Eligible copepod LC50 candidate,1296798|752112|111315
1413,1078461,231973,6045,Cu,Sulfuric acid copper(2+) salt (1:1),Acartia tonsa,Calanoida,NA,1,Static,Total,NA,NA,100,200,ppb,NA,ppb,30,36,NA,NA,A Controlled Environmental Pollution Experiment (CEPEX) and Its Usefulness in the Study of Larger Marine Zooplankton Under Toxic Stress,EXCLUDE_PRIMARY,Reeve non-point/unresolved,1078461|231973|6045
1414,1078473,231986,6045,Cu,Sulfuric acid copper(2+) salt (1:1),Acartia tonsa,Calanoida,NA,1,Static,Total,NA,NA,100,200,ppb,NA,ppb,26,36,NA,NA,A Controlled Environmental Pollution Experiment (CEPEX) and Its Usefulness in the Study of Larger Marine Zooplankton Under Toxic Stress,EXCLUDE_PRIMARY,Reeve non-point/unresolved,1078473|231986|6045
1415,1300801,756473,115854,Cu,Sulfuric acid copper(2+) salt (1:1),Tigriopus japonicus,Harpacticoida,Adult,4,Renewal,Total,~,800,NA,NA,ug/L,0.799154,mg/L,NA,NA,NA,NA,Copper Toxicity in the Marine Copepod Tigropus japonicus:  Low Variability and High Reproducibility of Repeated Acute and Life-Cycle Tests,PRIMARY_RECOVERED,Kwok recovered via Heuschele supplement,1300801|756473|115854
1416,1300806,756479,115854,Cu,Sulfuric acid copper(2+) salt (1:1),Tigriopus japonicus,Harpacticoida,Adult,4,Renewal,Total,NA,NA,200,400,ug/L,0.392178,mg/L,NA,NA,NA,NA,Copper Toxicity in the Marine Copepod Tigropus japonicus:  Low Variability and High Reproducibility of Repeated Acute and Life-Cycle Tests,PRIMARY_RECOVERED,Kwok recovered via Heuschele supplement,1300806|756479|115854
1418,1312278,769701,111599,Cu,Sulfuric acid copper(2+) salt (1:1),Tigriopus japonicus,Harpacticoida,Adult,4,Renewal,Total,NA,1024,NA,NA,ug/L,1024,ug/L,25,34.5,NA,NA,"Toxicity of Antifouling Biocides to the Intertidal Harpacticoid Copepod Tigriopus japonicus (Crustacea, Copepoda):  Effects of Temperature and Salinity",PRIMARY_KEEP,Eligible copepod LC50 candidate,1312278|769701|111599
1419,1310608,767790,14474,Cu,Sulfuric acid copper(2+) salt (1:1),Acartia clausi,Calanoida,NA,2,Static,Total,NA,0.034,NA,NA,mg/L,0.034,mg/L,NA,NA,NA,NA,"Lethal and Sublethal Effects of Some Contaminants (Heavy Metals, Oil, Dispersants) to Marine Planktonic Animals",PRIMARY_KEEP,Eligible copepod LC50 candidate,1310608|767790|14474
1421,1205932,171323,18833,Cu,Sulfuric acid copper(2+) salt (1:1),Tigriopus brevicornis,Harpacticoida,Nauplii,4,Renewal,Total,NA,308,NA,NA,ug/L,308,ug/L,20,37,NA,NA,"Toxic Effects of Two Trace Metals, Copper and Silver, on a Crustacean Harpacticoid Copepod Tigriopus brevicornis (Muller). Lethal and Sublethal Effects at Different Development Stages (Effets Biologiques de Deux Metaux",PRIMARY_KEEP,Eligible copepod LC50 candidate,1205932|171323|18833
1422,1078435,102769,6045,Cu,Sulfuric acid copper(2+) salt (1:1),Acartia tonsa,Calanoida,Adult,1,Static,Total,NA,NA,104,311,ppb,NA,ppb,NA,NA,NA,NA,A Controlled Environmental Pollution Experiment (CEPEX) and Its Usefulness in the Study of Larger Marine Zooplankton Under Toxic Stress,EXCLUDE_PRIMARY,Reeve non-point/unresolved,1078435|102769|6045
1423,1078472,231985,6045,Cu,Sulfuric acid copper(2+) salt (1:1),Acartia tonsa,Calanoida,NA,1,Static,Total,NA,NA,200,300,ppb,NA,ppb,24,36,NA,NA,A Controlled Environmental Pollution Experiment (CEPEX) and Its Usefulness in the Study of Larger Marine Zooplankton Under Toxic Stress,EXCLUDE_PRIMARY,Reeve non-point/unresolved,1078472|231985|6045
1428,1078465,231978,6045,Cu,Sulfuric acid copper(2+) salt (1:1),Acartia tonsa,Calanoida,NA,1,Static,Total,NA,300,NA,NA,ppb,300,ppb,NA,36,NA,NA,A Controlled Environmental Pollution Experiment (CEPEX) and Its Usefulness in the Study of Larger Marine Zooplankton Under Toxic Stress,PRIMARY_KEEP,Eligible copepod LC50 candidate,1078465|231978|6045
1430,2148405,2283209,156333,Cu,Sulfuric acid copper(2+) salt (1:1),Nitocra spinipes,Harpacticoida,Adult,4,"Aquatic, unspecified",Dissolved,NA,350,NA,NA,ug/L,350,ug/L,21,30,NA,NA,An Assessment of Three Harpacticoid Copepod Species for Use in Ecotoxicological Testing,PRIMARY_KEEP,Eligible copepod LC50 candidate,2148405|2283209|156333
1431,2148402,2283207,156333,Cu,Sulfuric acid copper(2+) salt (1:1),Nitocra spinipes,Harpacticoida,Adult,3,"Aquatic, unspecified",Dissolved,NA,323,NA,NA,ug/L,323,ug/L,21,30,NA,NA,An Assessment of Three Harpacticoid Copepod Species for Use in Ecotoxicological Testing,PRIMARY_KEEP,Eligible copepod LC50 candidate,2148402|2283207|156333
1432,1078466,231979,6045,Cu,Sulfuric acid copper(2+) salt (1:1),Acartia tonsa,Calanoida,NA,1,Static,Total,NA,NA,100,200,ppb,NA,ppb,NA,36,NA,NA,A Controlled Environmental Pollution Experiment (CEPEX) and Its Usefulness in the Study of Larger Marine Zooplankton Under Toxic Stress,EXCLUDE_PRIMARY,Reeve non-point/unresolved,1078466|231979|6045
1433,1205934,171325,18833,Cu,Sulfuric acid copper(2+) salt (1:1),Tigriopus brevicornis,Harpacticoida,Adult,4,Renewal,Total,NA,790,NA,NA,ug/L,790,ug/L,20,37,NA,NA,"Toxic Effects of Two Trace Metals, Copper and Silver, on a Crustacean Harpacticoid Copepod Tigriopus brevicornis (Muller). Lethal and Sublethal Effects at Different Development Stages (Effets Biologiques de Deux Metaux",PRIMARY_KEEP,Eligible copepod LC50 candidate,1205934|171325|18833
1434,1078468,231981,6045,Cu,Sulfuric acid copper(2+) salt (1:1),Acartia tonsa,Calanoida,NA,1,Static,Total,NA,NA,100,200,ppb,NA,ppb,NA,36,NA,NA,A Controlled Environmental Pollution Experiment (CEPEX) and Its Usefulness in the Study of Larger Marine Zooplankton Under Toxic Stress,EXCLUDE_PRIMARY,Reeve non-point/unresolved,1078468|231981|6045
1436,1078464,231977,6045,Cu,Sulfuric acid copper(2+) salt (1:1),Acartia tonsa,Calanoida,NA,1,Static,Total,NA,NA,300,400,ppb,NA,ppb,NA,36,NA,NA,A Controlled Environmental Pollution Experiment (CEPEX) and Its Usefulness in the Study of Larger Marine Zooplankton Under Toxic Stress,EXCLUDE_PRIMARY,Reeve non-point/unresolved,1078464|231977|6045
1439,1300799,756471,115854,Cu,Sulfuric acid copper(2+) salt (1:1),Tigriopus japonicus,Harpacticoida,Adult,4,Renewal,Total,NA,NA,400,600,ug/L,0.430655,mg/L,NA,NA,NA,NA,Copper Toxicity in the Marine Copepod Tigropus japonicus:  Low Variability and High Reproducibility of Repeated Acute and Life-Cycle Tests,PRIMARY_RECOVERED,Kwok recovered via Heuschele supplement,1300799|756471|115854
1442,1300788,756460,115854,Cu,Sulfuric acid copper(2+) salt (1:1),Tigriopus japonicus,Harpacticoida,Adult,4,Renewal,Total,NA,585,NA,NA,ug/L,585,ug/L,NA,NA,NA,NA,Copper Toxicity in the Marine Copepod Tigropus japonicus:  Low Variability and High Reproducibility of Repeated Acute and Life-Cycle Tests,PRIMARY_KEEP,Eligible copepod LC50 candidate,1300788|756460|115854
1444,1078470,231983,6045,Cu,Sulfuric acid copper(2+) salt (1:1),Acartia tonsa,Calanoida,NA,1,Static,Total,NA,NA,300,400,ppb,NA,ppb,NA,36,NA,NA,A Controlled Environmental Pollution Experiment (CEPEX) and Its Usefulness in the Study of Larger Marine Zooplankton Under Toxic Stress,EXCLUDE_PRIMARY,Reeve non-point/unresolved,1078470|231983|6045
1445,1310606,767787,14474,Cu,Sulfuric acid copper(2+) salt (1:1),Acartia clausi,Calanoida,NA,2,Static,Total,NA,0.082,NA,NA,mg/L,0.082,mg/L,NA,NA,NA,NA,"Lethal and Sublethal Effects of Some Contaminants (Heavy Metals, Oil, Dispersants) to Marine Planktonic Animals",PRIMARY_KEEP,Eligible copepod LC50 candidate,1310606|767787|14474
1446,2145987,2276128,169694,Cu,Sulfuric acid copper(2+) salt (1:1),Tigriopus japonicus,Harpacticoida,Adult,4,Static,Dissolved,NA,32.75,31.85,33.68,mg/L,32.75,mg/L,20,35,8.65,NA,Effect of Salinity on Acute Copper and Zinc Toxicity to Tigriopus japonicus: The Difference Between Metal Ions and Nanoparticles,PRIMARY_KEEP,Eligible copepod LC50 candidate,2145987|2276128|169694
1447,2140455,2262926,166160,Cu,Sulfuric acid copper(2+) salt (1:1),Tigriopus japonicus,Harpacticoida,Adult,4,Renewal,Total,NA,330,280,390,ug/L,330,ug/L,25,33,NA,NA,Acute and Chronic Toxicities of Irgarol Alone and in Combination with Copper to the Marine Copepod Tigriopus japonicus,PRIMARY_KEEP,Eligible copepod LC50 candidate,2140455|2262926|166160
1448,2140455,2262923,166160,Cu,Sulfuric acid copper(2+) salt (1:1),Tigriopus japonicus,Harpacticoida,Adult,1,Renewal,Total,>,1000,NA,NA,ug/L,1000,ug/L,25,33,NA,NA,Acute and Chronic Toxicities of Irgarol Alone and in Combination with Copper to the Marine Copepod Tigriopus japonicus,EXCLUDE_PRIMARY,Censored LC50,2140455|2262923|166160
1450,2140455,2262924,166160,Cu,Sulfuric acid copper(2+) salt (1:1),Tigriopus japonicus,Harpacticoida,Adult,2,Renewal,Total,>,1000,NA,NA,ug/L,1000,ug/L,25,33,NA,NA,Acute and Chronic Toxicities of Irgarol Alone and in Combination with Copper to the Marine Copepod Tigriopus japonicus,EXCLUDE_PRIMARY,Censored LC50,2140455|2262924|166160
1451,2140455,2262925,166160,Cu,Sulfuric acid copper(2+) salt (1:1),Tigriopus japonicus,Harpacticoida,Adult,3,Renewal,Total,NA,590,510,690,ug/L,590,ug/L,25,33,NA,NA,Acute and Chronic Toxicities of Irgarol Alone and in Combination with Copper to the Marine Copepod Tigriopus japonicus,PRIMARY_KEEP,Eligible copepod LC50 candidate,2140455|2262925|166160
1453,2135202,2249959,119554,Cu,Sulfuric acid copper(2+) salt (1:1),Tisbe battagliai,Harpacticoida,Gestation,2,Static,Dissolved,NA,256,NA,NA,ug/L,256,ug/L,20,35,8.2,NA,Short-Term Toxicity Tests on the Harpacticoid Copepod Tisbe battagliai:  Lethal and Reproductive Endpoints,PRIMARY_KEEP,Eligible copepod LC50 candidate,2135202|2249959|119554
1475,1053588,126384,3740,Ag,Nitric acid silver (1+) salt (1:1),Acartia tonsa,Calanoida,NA,4,Static,Total,NA,30.9,22.3,46.7,ug/L,30.9,ug/L,22,28,NA,NA,Results: Interlaboratory Comparison - Acute Toxicity Tests Using Estuarine Animals,PRIMARY_KEEP,Eligible copepod LC50 candidate,1053588|126384|3740
1478,1053718,194909,3751,Ag,Nitric acid silver (1+) salt (1:1),Acartia tonsa,Calanoida,Adult,4,Static,Total,NA,36.3,21.8,102,ug/L,36.3,ug/L,20,30,NA,NA,Unpublished Laboratory Data,PRIMARY_KEEP,Eligible copepod LC50 candidate,1053718|194909|3751
1479,1054942,134343,3825,Ag,Nitric acid silver (1+) salt (1:1),Acartia clausi,Calanoida,Adult,4,Static,Total,NA,43,NA,NA,ug/L,43,ug/L,8,30,NA,NA,"Results of Acute Toxicity Tests Conducted with Silver at ERL, Narragansett",PRIMARY_KEEP,Eligible copepod LC50 candidate,1054942|134343|3825
1480,1211481,184788,19538,Ag,Nitric acid silver (1+) salt (1:1),Tigriopus brevicornis,Harpacticoida,Adult,4,"Aquatic, unspecified",Total,NA,87.5,NA,NA,ug/L,87.5,ug/L,20,NA,NA,NA,Influence de la Teneur en Matiere Organique de l'Eau de mer sur la Toxicite de l'Argent vis-a-vis du Copepode Harpacticoide: Tigriopus brevicornis,SECONDARY_MODIFIER,Deliberate modifier experiment,1211481|184788|19538
1485,1205927,171318,18833,Ag,Nitric acid silver (1+) salt (1:1),Tigriopus brevicornis,Harpacticoida,Copepodite,4,Renewal,Total,NA,55.66,NA,NA,ug/L,55.66,ug/L,20,37,NA,NA,"Toxic Effects of Two Trace Metals, Copper and Silver, on a Crustacean Harpacticoid Copepod Tigriopus brevicornis (Muller). Lethal and Sublethal Effects at Different Development Stages (Effets Biologiques de Deux Metaux",PRIMARY_KEEP,Eligible copepod LC50 candidate,1205927|171318|18833
1491,1205928,171319,18833,Ag,Nitric acid silver (1+) salt (1:1),Tigriopus brevicornis,Harpacticoida,Adult,4,Renewal,Total,NA,120.81,NA,NA,ug/L,120.81,ug/L,20,37,NA,NA,"Toxic Effects of Two Trace Metals, Copper and Silver, on a Crustacean Harpacticoid Copepod Tigriopus brevicornis (Muller). Lethal and Sublethal Effects at Different Development Stages (Effets Biologiques de Deux Metaux",PRIMARY_KEEP,Eligible copepod LC50 candidate,1205928|171319|18833
1493,1205926,171317,18833,Ag,Nitric acid silver (1+) salt (1:1),Tigriopus brevicornis,Harpacticoida,Nauplii,4,Renewal,Total,NA,36.37,NA,NA,ug/L,36.37,ug/L,20,37,NA,NA,"Toxic Effects of Two Trace Metals, Copper and Silver, on a Crustacean Harpacticoid Copepod Tigriopus brevicornis (Muller). Lethal and Sublethal Effects at Different Development Stages (Effets Biologiques de Deux Metaux",PRIMARY_KEEP,Eligible copepod LC50 candidate,1205926|171317|18833
1495,1285255,739335,76315,Ag,Nitric acid silver (1+) salt (1:1),Tigriopus brevicornis,Harpacticoida,Adult,4,Renewal,Total,NA,95,NA,NA,ug/L,95,ug/L,20,34.5,8.2,NA,Impact of Dissolved and Particulate Organic Carbon on the Bioavailability of the Trace Metals Silver and Mercury for the Harpacticoid Copepod Tigriopus brevicornis,PRIMARY_KEEP,Eligible copepod LC50 candidate,1285255|739335|76315
1497,1054943,134344,3825,Ag,Nitric acid silver (1+) salt (1:1),Acartia tonsa,Calanoida,Adult,4,Static,Total,NA,36.3,NA,NA,ug/L,36.3,ug/L,20,NA,NA,NA,"Results of Acute Toxicity Tests Conducted with Silver at ERL, Narragansett",PRIMARY_KEEP,Eligible copepod LC50 candidate,1054943|134344|3825
1501,1053591,126387,3740,Ag,Nitric acid silver (1+) salt (1:1),Acartia tonsa,Calanoida,NA,4,Static,Total,NA,23.5,17.2,29.6,ug/L,23.5,ug/L,22,28,NA,NA,Results: Interlaboratory Comparison - Acute Toxicity Tests Using Estuarine Animals,PRIMARY_KEEP,Eligible copepod LC50 candidate,1053591|126387|3740
1503,1053592,126388,3740,Ag,Nitric acid silver (1+) salt (1:1),Acartia tonsa,Calanoida,NA,4,Static,Total,NA,36.4,29.4,45.8,ug/L,36.4,ug/L,22,28,NA,NA,Results: Interlaboratory Comparison - Acute Toxicity Tests Using Estuarine Animals,PRIMARY_KEEP,Eligible copepod LC50 candidate,1053592|126388|3740
1506,1326414,785777,107127,Ag,Nitric acid silver (1+) salt (1:1),Tigriopus japonicus,Harpacticoida,Adult,4,Renewal,Total,NA,0.024,0.022,0.028,mg/L,0.024,mg/L,20,32,NA,NA,Expression of Glutathione S-Transferase (GST) Genes in the Marine Copepod Tigriopus japonicus Exposed to Trace Metals,PRIMARY_KEEP,Eligible copepod LC50 candidate,1326414|785777|107127
1507,1211482,184789,19538,Ag,Nitric acid silver (1+) salt (1:1),Tigriopus brevicornis,Harpacticoida,Adult,4,"Aquatic, unspecified",Total,NA,129.4,NA,NA,ug/L,129.4,ug/L,20,NA,NA,NA,Influence de la Teneur en Matiere Organique de l'Eau de mer sur la Toxicite de l'Argent vis-a-vis du Copepode Harpacticoide: Tigriopus brevicornis,SECONDARY_MODIFIER,Deliberate modifier experiment,1211482|184789|19538
1510,1205929,171320,18833,Ag,Nitric acid silver (1+) salt (1:1),Tigriopus brevicornis,Harpacticoida,Adult,4,Renewal,Total,NA,159,NA,NA,ug/L,159,ug/L,20,37,NA,NA,"Toxic Effects of Two Trace Metals, Copper and Silver, on a Crustacean Harpacticoid Copepod Tigriopus brevicornis (Muller). Lethal and Sublethal Effects at Different Development Stages (Effets Biologiques de Deux Metaux",PRIMARY_KEEP,Eligible copepod LC50 candidate,1205929|171320|18833
1511,1053590,126386,3740,Ag,Nitric acid silver (1+) salt (1:1),Acartia tonsa,Calanoida,NA,4,Static,Total,NA,35.8,30.5,41.6,ug/L,35.8,ug/L,22,28,NA,NA,Results: Interlaboratory Comparison - Acute Toxicity Tests Using Estuarine Animals,PRIMARY_KEEP,Eligible copepod LC50 candidate,1053590|126386|3740
1512,1053589,126385,3740,Ag,Nitric acid silver (1+) salt (1:1),Acartia tonsa,Calanoida,NA,4,Static,Total,NA,66,59,74,ug/L,66,ug/L,22,28,NA,NA,Results: Interlaboratory Comparison - Acute Toxicity Tests Using Estuarine Animals,PRIMARY_KEEP,Eligible copepod LC50 candidate,1053589|126385|3740
1513,1054976,220863,3825,Ag,Nitric acid silver (1+) salt (1:1),Acartia tonsa,Calanoida,Adult,4,Static,Total,NA,36.3,21.8,102,ppb,36.3,ppb,20,30,NA,NA,"Results of Acute Toxicity Tests Conducted with Silver at ERL, Narragansett",PRIMARY_KEEP,Eligible copepod LC50 candidate,1054976|220863|3825
1523,2114337,2208951,52250,Cr,"Chromic acid (H2CrO4), Disodium salt",Tisbe holothuriae,Harpacticoida,Sexually mature,2,Static,Total,NA,9.6,7.047,13.497,ppm,9.6,ppm,19,38,NA,NA,Influence of Life-History Adaptations on the Fidelity of Laboratory Bioassays for the Impact of Heavy Metals (Co2+ and Cr6+) on Tolerance and Population Dynamics of Tisbe holothuriae,PRIMARY_KEEP,Eligible copepod LC50 candidate,2114337|2208951|52250
1525,2114334,2208948,52250,Cr,"Chromic acid (H2CrO4), Disodium salt",Tisbe holothuriae,Harpacticoida,Sexually mature,2,Static,Total,NA,2.837,1.07,4.224,ppm,2.837,ppm,19,38,NA,NA,Influence of Life-History Adaptations on the Fidelity of Laboratory Bioassays for the Impact of Heavy Metals (Co2+ and Cr6+) on Tolerance and Population Dynamics of Tisbe holothuriae,PRIMARY_KEEP,Eligible copepod LC50 candidate,2114334|2208948|52250
1529,1179973,82439,15726,Cr,"Chromic acid (H2CrO4), Disodium salt",Tisbe holothuriae,Harpacticoida,Adult,2,Static,Total,NA,8140,NA,NA,ug/L,8140,ug/L,24,NA,NA,NA,"Individual and Combined Toxicity of Three Heavy Metals, Cu, Cd and Cr for the Marine Copepod Tisbe holothuriae",PRIMARY_KEEP,Eligible copepod LC50 candidate,1179973|82439|15726
1533,2114335,2208949,52250,Cr,"Chromic acid (H2CrO4), Disodium salt",Tisbe holothuriae,Harpacticoida,Sexually mature,2,Static,Total,NA,1.699,0.072,2.886,ppm,1.699,ppm,19,38,NA,NA,Influence of Life-History Adaptations on the Fidelity of Laboratory Bioassays for the Impact of Heavy Metals (Co2+ and Cr6+) on Tolerance and Population Dynamics of Tisbe holothuriae,PRIMARY_KEEP,Eligible copepod LC50 candidate,2114335|2208949|52250
1534,2114336,2208950,52250,Cr,"Chromic acid (H2CrO4), Disodium salt",Tisbe holothuriae,Harpacticoida,Sexually mature,2,Static,Total,NA,7.327,3.01,12.49,ppm,7.327,ppm,19,38,NA,NA,Influence of Life-History Adaptations on the Fidelity of Laboratory Bioassays for the Impact of Heavy Metals (Co2+ and Cr6+) on Tolerance and Population Dynamics of Tisbe holothuriae,PRIMARY_KEEP,Eligible copepod LC50 candidate,2114336|2208950|52250
1539,1140048,94094,11673,Cr,"Chromic acid (H2CrO4), Disodium salt",Acartia clausi,Calanoida,Adult,2,Renewal,Total,NA,12260,NA,NA,ug/L,12260,ug/L,14,NA,NA,NA,"Toxicity of Chromium to the Marine Planktonic Copepod Acartia clausi, Giesbrecht",PRIMARY_KEEP,Eligible copepod LC50 candidate,1140048|94094|11673
1541,1140047,94093,11673,Cr,"Chromic acid (H2CrO4), Disodium salt",Acartia clausi,Calanoida,Adult,2,Renewal,Total,NA,16370,NA,NA,ug/L,16370,ug/L,14,NA,NA,NA,"Toxicity of Chromium to the Marine Planktonic Copepod Acartia clausi, Giesbrecht",PRIMARY_KEEP,Eligible copepod LC50 candidate,1140047|94093|11673
1544,1140045,94091,11673,Cr,"Chromic acid (H2CrO4), Disodium salt",Acartia clausi,Calanoida,Adult,2,Renewal,Total,NA,11470,NA,NA,ug/L,11470,ug/L,18,NA,NA,NA,"Toxicity of Chromium to the Marine Planktonic Copepod Acartia clausi, Giesbrecht",PRIMARY_KEEP,Eligible copepod LC50 candidate,1140045|94091|11673
1546,1140046,94092,11673,Cr,"Chromic acid (H2CrO4), Disodium salt",Acartia clausi,Calanoida,Adult,2,Renewal,Total,NA,8830,NA,NA,ug/L,8830,ug/L,22,NA,NA,NA,"Toxicity of Chromium to the Marine Planktonic Copepod Acartia clausi, Giesbrecht",PRIMARY_KEEP,Eligible copepod LC50 candidate,1140046|94092|11673
1547,1140044,94090,11673,Cr,"Chromic acid (H2CrO4), Disodium salt",Acartia clausi,Calanoida,Adult,2,Renewal,Total,NA,16990,NA,NA,ug/L,16990,ug/L,14,NA,NA,NA,"Toxicity of Chromium to the Marine Planktonic Copepod Acartia clausi, Giesbrecht",PRIMARY_KEEP,Eligible copepod LC50 candidate,1140044|94090|11673
1559,1212438,192568,19811,Cr,"Chromic acid (H2Cr2O7), Potassium salt (1:2)",Tisbe longicornis,Harpacticoida,Adult,2,"Aquatic, unspecified",Total,NA,NA,25000,30000,ug/L,NA,ug/L,13,NA,NA,NA,Sensitivity of the Meiofaunal Copepod Tisbe longicornis to K2Cr2O7 Under Varying Temperature Regimes,PENDING_PRIMARY_RECOVERY,Larrain graph-derived repeated bioassay,1212438|192568|19811
1566,1212449,192579,19811,Cr,"Chromic acid (H2Cr2O7), Potassium salt (1:2)",Tisbe longicornis,Harpacticoida,Adult,2,"Aquatic, unspecified",Total,NA,NA,5000,10000,ug/L,NA,ug/L,20,NA,NA,NA,Sensitivity of the Meiofaunal Copepod Tisbe longicornis to K2Cr2O7 Under Varying Temperature Regimes,PENDING_PRIMARY_RECOVERY,Larrain graph-derived repeated bioassay,1212449|192579|19811
1568,1212454,192584,19811,Cr,"Chromic acid (H2Cr2O7), Potassium salt (1:2)",Tisbe longicornis,Harpacticoida,Adult,2,"Aquatic, unspecified",Total,NA,NA,5000,10000,ug/L,NA,ug/L,20,NA,NA,NA,Sensitivity of the Meiofaunal Copepod Tisbe longicornis to K2Cr2O7 Under Varying Temperature Regimes,PENDING_PRIMARY_RECOVERY,Larrain graph-derived repeated bioassay,1212454|192584|19811
1579,1212453,192583,19811,Cr,"Chromic acid (H2Cr2O7), Potassium salt (1:2)",Tisbe longicornis,Harpacticoida,Adult,2,"Aquatic, unspecified",Total,NA,NA,5000,10000,ug/L,NA,ug/L,20,NA,NA,NA,Sensitivity of the Meiofaunal Copepod Tisbe longicornis to K2Cr2O7 Under Varying Temperature Regimes,PENDING_PRIMARY_RECOVERY,Larrain graph-derived repeated bioassay,1212453|192583|19811
1581,1212439,192569,19811,Cr,"Chromic acid (H2Cr2O7), Potassium salt (1:2)",Tisbe longicornis,Harpacticoida,Adult,2,"Aquatic, unspecified",Total,NA,NA,25000,30000,ug/L,NA,ug/L,13,NA,NA,NA,Sensitivity of the Meiofaunal Copepod Tisbe longicornis to K2Cr2O7 Under Varying Temperature Regimes,PENDING_PRIMARY_RECOVERY,Larrain graph-derived repeated bioassay,1212439|192569|19811
1591,1212445,192575,19811,Cr,"Chromic acid (H2Cr2O7), Potassium salt (1:2)",Tisbe longicornis,Harpacticoida,Adult,2,"Aquatic, unspecified",Total,NA,NA,15000,20000,ug/L,NA,ug/L,16.5,NA,NA,NA,Sensitivity of the Meiofaunal Copepod Tisbe longicornis to K2Cr2O7 Under Varying Temperature Regimes,PENDING_PRIMARY_RECOVERY,Larrain graph-derived repeated bioassay,1212445|192575|19811
1607,1212440,192570,19811,Cr,"Chromic acid (H2Cr2O7), Potassium salt (1:2)",Tisbe longicornis,Harpacticoida,Adult,2,"Aquatic, unspecified",Total,NA,NA,25000,30000,ug/L,NA,ug/L,13,NA,NA,NA,Sensitivity of the Meiofaunal Copepod Tisbe longicornis to K2Cr2O7 Under Varying Temperature Regimes,PENDING_PRIMARY_RECOVERY,Larrain graph-derived repeated bioassay,1212440|192570|19811
1613,1212443,192573,19811,Cr,"Chromic acid (H2Cr2O7), Potassium salt (1:2)",Tisbe longicornis,Harpacticoida,Adult,2,"Aquatic, unspecified",Total,NA,NA,15000,20000,ug/L,NA,ug/L,16.5,NA,NA,NA,Sensitivity of the Meiofaunal Copepod Tisbe longicornis to K2Cr2O7 Under Varying Temperature Regimes,PENDING_PRIMARY_RECOVERY,Larrain graph-derived repeated bioassay,1212443|192573|19811
1615,1212446,192576,19811,Cr,"Chromic acid (H2Cr2O7), Potassium salt (1:2)",Tisbe longicornis,Harpacticoida,Adult,2,"Aquatic, unspecified",Total,NA,NA,15000,20000,ug/L,NA,ug/L,16.5,NA,NA,NA,Sensitivity of the Meiofaunal Copepod Tisbe longicornis to K2Cr2O7 Under Varying Temperature Regimes,PENDING_PRIMARY_RECOVERY,Larrain graph-derived repeated bioassay,1212446|192576|19811
1617,1212442,192572,19811,Cr,"Chromic acid (H2Cr2O7), Potassium salt (1:2)",Tisbe longicornis,Harpacticoida,Adult,2,"Aquatic, unspecified",Total,~,25000,NA,NA,ug/L,25000,ug/L,13,NA,NA,NA,Sensitivity of the Meiofaunal Copepod Tisbe longicornis to K2Cr2O7 Under Varying Temperature Regimes,PENDING_PRIMARY_RECOVERY,Larrain graph-derived repeated bioassay,1212442|192572|19811
1628,1212450,192580,19811,Cr,"Chromic acid (H2Cr2O7), Potassium salt (1:2)",Tisbe longicornis,Harpacticoida,Adult,2,"Aquatic, unspecified",Total,NA,NA,5000,10000,ug/L,NA,ug/L,20,NA,NA,NA,Sensitivity of the Meiofaunal Copepod Tisbe longicornis to K2Cr2O7 Under Varying Temperature Regimes,PENDING_PRIMARY_RECOVERY,Larrain graph-derived repeated bioassay,1212450|192580|19811
1634,1212448,192578,19811,Cr,"Chromic acid (H2Cr2O7), Potassium salt (1:2)",Tisbe longicornis,Harpacticoida,Adult,2,"Aquatic, unspecified",Total,NA,NA,15000,20000,ug/L,NA,ug/L,16.5,NA,NA,NA,Sensitivity of the Meiofaunal Copepod Tisbe longicornis to K2Cr2O7 Under Varying Temperature Regimes,PENDING_PRIMARY_RECOVERY,Larrain graph-derived repeated bioassay,1212448|192578|19811
1635,1212447,192577,19811,Cr,"Chromic acid (H2Cr2O7), Potassium salt (1:2)",Tisbe longicornis,Harpacticoida,Adult,2,"Aquatic, unspecified",Total,NA,NA,15000,20000,ug/L,NA,ug/L,16.5,NA,NA,NA,Sensitivity of the Meiofaunal Copepod Tisbe longicornis to K2Cr2O7 Under Varying Temperature Regimes,PENDING_PRIMARY_RECOVERY,Larrain graph-derived repeated bioassay,1212447|192577|19811
1639,1212441,192571,19811,Cr,"Chromic acid (H2Cr2O7), Potassium salt (1:2)",Tisbe longicornis,Harpacticoida,Adult,2,"Aquatic, unspecified",Total,NA,NA,25000,30000,ug/L,NA,ug/L,13,NA,NA,NA,Sensitivity of the Meiofaunal Copepod Tisbe longicornis to K2Cr2O7 Under Varying Temperature Regimes,PENDING_PRIMARY_RECOVERY,Larrain graph-derived repeated bioassay,1212441|192571|19811
1650,1212437,192567,19811,Cr,"Chromic acid (H2Cr2O7), Potassium salt (1:2)",Tisbe longicornis,Harpacticoida,Adult,2,"Aquatic, unspecified",Total,NA,NA,20000,25000,ug/L,NA,ug/L,13,NA,NA,NA,Sensitivity of the Meiofaunal Copepod Tisbe longicornis to K2Cr2O7 Under Varying Temperature Regimes,PENDING_PRIMARY_RECOVERY,Larrain graph-derived repeated bioassay,1212437|192567|19811
1656,1212444,192574,19811,Cr,"Chromic acid (H2Cr2O7), Potassium salt (1:2)",Tisbe longicornis,Harpacticoida,Adult,2,"Aquatic, unspecified",Total,NA,NA,15000,20000,ug/L,NA,ug/L,16.5,NA,NA,NA,Sensitivity of the Meiofaunal Copepod Tisbe longicornis to K2Cr2O7 Under Varying Temperature Regimes,PENDING_PRIMARY_RECOVERY,Larrain graph-derived repeated bioassay,1212444|192574|19811
1664,1212451,192581,19811,Cr,"Chromic acid (H2Cr2O7), Potassium salt (1:2)",Tisbe longicornis,Harpacticoida,Adult,2,"Aquatic, unspecified",Total,~,10000,NA,NA,ug/L,10000,ug/L,20,NA,NA,NA,Sensitivity of the Meiofaunal Copepod Tisbe longicornis to K2Cr2O7 Under Varying Temperature Regimes,PENDING_PRIMARY_RECOVERY,Larrain graph-derived repeated bioassay,1212451|192581|19811
1669,1212452,192582,19811,Cr,"Chromic acid (H2Cr2O7), Potassium salt (1:2)",Tisbe longicornis,Harpacticoida,Adult,2,"Aquatic, unspecified",Total,NA,NA,5000,10000,ug/L,NA,ug/L,20,NA,NA,NA,Sensitivity of the Meiofaunal Copepod Tisbe longicornis to K2Cr2O7 Under Varying Temperature Regimes,PENDING_PRIMARY_RECOVERY,Larrain graph-derived repeated bioassay,1212452|192582|19811
1687,1201121,160584,18307,Cr,"Chromic acid (H2Cr2O7), Potassium salt (1:2)",Nitocra spinipes,Harpacticoida,Juvenile,4,"Aquatic, unspecified",Total,NA,22000,NA,NA,ug/L,22000,ug/L,20,9,NA,NA,Precision of the Nitocra spinipes Acute Toxicity Test and the Effect of Salinity on Toxicity of the Reference Toxicant Potassium Bichromate,PRIMARY_KEEP,Eligible copepod LC50 candidate,1201121|160584|18307
1690,1201115,160578,18307,Cr,"Chromic acid (H2Cr2O7), Potassium salt (1:2)",Nitocra spinipes,Harpacticoida,Juvenile,3,"Aquatic, unspecified",Total,>,80000,NA,NA,ug/L,80000,ug/L,20,27,NA,NA,Precision of the Nitocra spinipes Acute Toxicity Test and the Effect of Salinity on Toxicity of the Reference Toxicant Potassium Bichromate,EXCLUDE_PRIMARY,Censored LC50,1201115|160578|18307
1691,1201116,160579,18307,Cr,"Chromic acid (H2Cr2O7), Potassium salt (1:2)",Nitocra spinipes,Harpacticoida,Juvenile,4,"Aquatic, unspecified",Total,NA,50000,38000,77000,ug/L,50000,ug/L,20,27,NA,NA,Precision of the Nitocra spinipes Acute Toxicity Test and the Effect of Salinity on Toxicity of the Reference Toxicant Potassium Bichromate,PRIMARY_KEEP,Eligible copepod LC50 candidate,1201116|160579|18307
1692,1201130,160593,18307,Cr,"Chromic acid (H2Cr2O7), Potassium salt (1:2)",Nitocra spinipes,Harpacticoida,Juvenile,4,"Aquatic, unspecified",Total,NA,34000,NA,NA,ug/L,34000,ug/L,20,16,NA,NA,Precision of the Nitocra spinipes Acute Toxicity Test and the Effect of Salinity on Toxicity of the Reference Toxicant Potassium Bichromate,PRIMARY_KEEP,Eligible copepod LC50 candidate,1201130|160593|18307
1696,1201119,160582,18307,Cr,"Chromic acid (H2Cr2O7), Potassium salt (1:2)",Nitocra spinipes,Harpacticoida,Juvenile,4,"Aquatic, unspecified",Total,NA,22700,NA,NA,ug/L,22700,ug/L,20,9,NA,NA,Precision of the Nitocra spinipes Acute Toxicity Test and the Effect of Salinity on Toxicity of the Reference Toxicant Potassium Bichromate,PRIMARY_KEEP,Eligible copepod LC50 candidate,1201119|160582|18307
1699,1201120,160583,18307,Cr,"Chromic acid (H2Cr2O7), Potassium salt (1:2)",Nitocra spinipes,Harpacticoida,Juvenile,4,"Aquatic, unspecified",Total,NA,15500,NA,NA,ug/L,15500,ug/L,20,9,NA,NA,Precision of the Nitocra spinipes Acute Toxicity Test and the Effect of Salinity on Toxicity of the Reference Toxicant Potassium Bichromate,PRIMARY_KEEP,Eligible copepod LC50 candidate,1201120|160583|18307
1702,1201107,160570,18307,Cr,"Chromic acid (H2Cr2O7), Potassium salt (1:2)",Nitocra spinipes,Harpacticoida,Juvenile,3,"Aquatic, unspecified",Total,NA,16000,12000,21000,ug/L,16000,ug/L,20,6.8,NA,NA,Precision of the Nitocra spinipes Acute Toxicity Test and the Effect of Salinity on Toxicity of the Reference Toxicant Potassium Bichromate,PRIMARY_KEEP,Eligible copepod LC50 candidate,1201107|160570|18307
1705,2314542,2781646,52818,Cr,"Chromic acid (H2Cr2O7), Potassium salt (1:2)",Acartia tonsa,Calanoida,Adult,1,Static,Total,NA,47,38,63,mg/L,47,mg/L,20,18,NA,NA,Fully Defined Saltwater Medium for Cultivation of and Toxicity Testing with Marine Copepod Acartia tonsa,PRIMARY_KEEP,Eligible copepod LC50 candidate,2314542|2781646|52818
1706,2314542,2781647,52818,Cr,"Chromic acid (H2Cr2O7), Potassium salt (1:2)",Acartia tonsa,Calanoida,Adult,2,Static,Total,NA,16,13,21,mg/L,16,mg/L,20,18,NA,NA,Fully Defined Saltwater Medium for Cultivation of and Toxicity Testing with Marine Copepod Acartia tonsa,PRIMARY_KEEP,Eligible copepod LC50 candidate,2314542|2781647|52818
1709,1159875,142884,14137,Cr,"Chromic acid (H2Cr2O7), Potassium salt (1:2)",Tisbe battagliai,Harpacticoida,Adult,4,Renewal,Total,NA,5900,NA,NA,ug/L,5900,ug/L,NA,NA,NA,NA,"Toxicity of Cadmium, Hexavalent Chromium and Copper to Marine Fish Larvae (Cypinodon variegatus) and Copepods (Tisbe battagliai)",PRIMARY_KEEP,Eligible copepod LC50 candidate,1159875|142884|14137
1712,2314544,2781653,52818,Cr,"Chromic acid (H2Cr2O7), Potassium salt (1:2)",Acartia tonsa,Calanoida,Adult,2,Static,Total,NA,10,8.7,12,mg/L,10,mg/L,20,18,NA,NA,Fully Defined Saltwater Medium for Cultivation of and Toxicity Testing with Marine Copepod Acartia tonsa,PRIMARY_KEEP,Eligible copepod LC50 candidate,2314544|2781653|52818
1713,2314544,2781652,52818,Cr,"Chromic acid (H2Cr2O7), Potassium salt (1:2)",Acartia tonsa,Calanoida,Adult,1,Static,Total,NA,20,17,23,mg/L,20,mg/L,20,18,NA,NA,Fully Defined Saltwater Medium for Cultivation of and Toxicity Testing with Marine Copepod Acartia tonsa,PRIMARY_KEEP,Eligible copepod LC50 candidate,2314544|2781652|52818
1715,2114272,2208825,167149,Cr,"Chromic acid (H2Cr2O7), Potassium salt (1:2)",Acartia tonsa,Calanoida,Multiple,2,Static,Total,NA,10.6,7.2,26,mg/L,10.6,mg/L,25,NA,8.1,NA,Acute Toxicity of Sodium Cyanide to Marine Copepods (Acartia tonsa),PRIMARY_KEEP,Eligible copepod LC50 candidate,2114272|2208825|167149
1716,2114255,2208798,167149,Cr,"Chromic acid (H2Cr2O7), Potassium salt (1:2)",Acartia tonsa,Calanoida,Multiple,2,Static,Total,NA,11.9,7.2,26,mg/L,11.9,mg/L,25,NA,NA,NA,Acute Toxicity of Sodium Cyanide to Marine Copepods (Acartia tonsa),PRIMARY_KEEP,Eligible copepod LC50 candidate,2114255|2208798|167149
1717,1201124,160587,18307,Cr,"Chromic acid (H2Cr2O7), Potassium salt (1:2)",Nitocra spinipes,Harpacticoida,Juvenile,4,"Aquatic, unspecified",Total,NA,21000,NA,NA,ug/L,21000,ug/L,20,9,NA,NA,Precision of the Nitocra spinipes Acute Toxicity Test and the Effect of Salinity on Toxicity of the Reference Toxicant Potassium Bichromate,PRIMARY_KEEP,Eligible copepod LC50 candidate,1201124|160587|18307
1723,2299146,2706683,5185,Cr,"Chromic acid (H2Cr2O7), Potassium salt (1:2)",Nitocra spinipes,Harpacticoida,Adult,4,Static,Total,NA,16,11,23,mg/L,16,mg/L,21,7,7.8,NA,"The Acute Toxicity of 78 Chemicals and Pesticide Formulations Against Two Brackish Water Organisms, the Bleak (Alburnus alburnus) and the Harpacticoid Nitocra spinipes",PRIMARY_KEEP,Eligible copepod LC50 candidate,2299146|2706683|5185
1724,1201105,160568,18307,Cr,"Chromic acid (H2Cr2O7), Potassium salt (1:2)",Nitocra spinipes,Harpacticoida,Juvenile,1,"Aquatic, unspecified",Total,NA,51000,36000,94000,ug/L,51000,ug/L,20,6.8,NA,NA,Precision of the Nitocra spinipes Acute Toxicity Test and the Effect of Salinity on Toxicity of the Reference Toxicant Potassium Bichromate,PRIMARY_KEEP,Eligible copepod LC50 candidate,1201105|160568|18307
1726,1201129,160592,18307,Cr,"Chromic acid (H2Cr2O7), Potassium salt (1:2)",Nitocra spinipes,Harpacticoida,Juvenile,4,"Aquatic, unspecified",Total,NA,54600,NA,NA,ug/L,54600,ug/L,20,15,NA,NA,Precision of the Nitocra spinipes Acute Toxicity Test and the Effect of Salinity on Toxicity of the Reference Toxicant Potassium Bichromate,PRIMARY_KEEP,Eligible copepod LC50 candidate,1201129|160592|18307
1735,1201131,160594,18307,Cr,"Chromic acid (H2Cr2O7), Potassium salt (1:2)",Nitocra spinipes,Harpacticoida,Juvenile,4,"Aquatic, unspecified",Total,NA,15000,NA,NA,ug/L,15000,ug/L,20,16,NA,NA,Precision of the Nitocra spinipes Acute Toxicity Test and the Effect of Salinity on Toxicity of the Reference Toxicant Potassium Bichromate,PRIMARY_KEEP,Eligible copepod LC50 candidate,1201131|160594|18307
1737,1201118,160581,18307,Cr,"Chromic acid (H2Cr2O7), Potassium salt (1:2)",Nitocra spinipes,Harpacticoida,Juvenile,4,"Aquatic, unspecified",Total,NA,20500,NA,NA,ug/L,20500,ug/L,20,7,NA,NA,Precision of the Nitocra spinipes Acute Toxicity Test and the Effect of Salinity on Toxicity of the Reference Toxicant Potassium Bichromate,PRIMARY_KEEP,Eligible copepod LC50 candidate,1201118|160581|18307
1738,1201114,160577,18307,Cr,"Chromic acid (H2Cr2O7), Potassium salt (1:2)",Nitocra spinipes,Harpacticoida,Juvenile,2,"Aquatic, unspecified",Total,>,80000,NA,NA,ug/L,80000,ug/L,20,27,NA,NA,Precision of the Nitocra spinipes Acute Toxicity Test and the Effect of Salinity on Toxicity of the Reference Toxicant Potassium Bichromate,EXCLUDE_PRIMARY,Censored LC50,1201114|160577|18307
1741,2314543,2781649,52818,Cr,"Chromic acid (H2Cr2O7), Potassium salt (1:2)",Acartia tonsa,Calanoida,Adult,1,Static,Total,NA,49,41,61,mg/L,49,mg/L,20,18,NA,NA,Fully Defined Saltwater Medium for Cultivation of and Toxicity Testing with Marine Copepod Acartia tonsa,PRIMARY_KEEP,Eligible copepod LC50 candidate,2314543|2781649|52818
1743,2314543,2781650,52818,Cr,"Chromic acid (H2Cr2O7), Potassium salt (1:2)",Acartia tonsa,Calanoida,Adult,2,Static,Total,NA,18,15,23,mg/L,18,mg/L,20,18,NA,NA,Fully Defined Saltwater Medium for Cultivation of and Toxicity Testing with Marine Copepod Acartia tonsa,PRIMARY_KEEP,Eligible copepod LC50 candidate,2314543|2781650|52818
1746,1201108,160571,18307,Cr,"Chromic acid (H2Cr2O7), Potassium salt (1:2)",Nitocra spinipes,Harpacticoida,Juvenile,4,"Aquatic, unspecified",Total,NA,14000,11000,18000,ug/L,14000,ug/L,20,6.8,NA,NA,Precision of the Nitocra spinipes Acute Toxicity Test and the Effect of Salinity on Toxicity of the Reference Toxicant Potassium Bichromate,PRIMARY_KEEP,Eligible copepod LC50 candidate,1201108|160571|18307
1748,1201122,160585,18307,Cr,"Chromic acid (H2Cr2O7), Potassium salt (1:2)",Nitocra spinipes,Harpacticoida,Juvenile,4,"Aquatic, unspecified",Total,NA,11500,NA,NA,ug/L,11500,ug/L,20,9,NA,NA,Precision of the Nitocra spinipes Acute Toxicity Test and the Effect of Salinity on Toxicity of the Reference Toxicant Potassium Bichromate,PRIMARY_KEEP,Eligible copepod LC50 candidate,1201122|160585|18307
1752,1159874,142883,14137,Cr,"Chromic acid (H2Cr2O7), Potassium salt (1:2)",Tisbe battagliai,Harpacticoida,Nauplii,4,Renewal,Total,NA,1600,NA,NA,ug/L,1600,ug/L,NA,NA,NA,NA,"Toxicity of Cadmium, Hexavalent Chromium and Copper to Marine Fish Larvae (Cypinodon variegatus) and Copepods (Tisbe battagliai)",PRIMARY_KEEP,Eligible copepod LC50 candidate,1159874|142883|14137
1759,1201106,160569,18307,Cr,"Chromic acid (H2Cr2O7), Potassium salt (1:2)",Nitocra spinipes,Harpacticoida,Juvenile,2,"Aquatic, unspecified",Total,NA,21000,14000,31000,ug/L,21000,ug/L,20,6.8,NA,NA,Precision of the Nitocra spinipes Acute Toxicity Test and the Effect of Salinity on Toxicity of the Reference Toxicant Potassium Bichromate,PRIMARY_KEEP,Eligible copepod LC50 candidate,1201106|160569|18307
1761,1201112,160575,18307,Cr,"Chromic acid (H2Cr2O7), Potassium salt (1:2)",Nitocra spinipes,Harpacticoida,Juvenile,4,"Aquatic, unspecified",Total,NA,29000,22000,41000,ug/L,29000,ug/L,20,13.5,NA,NA,Precision of the Nitocra spinipes Acute Toxicity Test and the Effect of Salinity on Toxicity of the Reference Toxicant Potassium Bichromate,PRIMARY_KEEP,Eligible copepod LC50 candidate,1201112|160575|18307
1765,1201113,160576,18307,Cr,"Chromic acid (H2Cr2O7), Potassium salt (1:2)",Nitocra spinipes,Harpacticoida,Juvenile,1,"Aquatic, unspecified",Total,>,80000,NA,NA,ug/L,80000,ug/L,20,27,NA,NA,Precision of the Nitocra spinipes Acute Toxicity Test and the Effect of Salinity on Toxicity of the Reference Toxicant Potassium Bichromate,EXCLUDE_PRIMARY,Censored LC50,1201113|160576|18307
1769,2114271,2208824,167149,Cr,"Chromic acid (H2Cr2O7), Potassium salt (1:2)",Acartia tonsa,Calanoida,Multiple,2,Static,Total,NA,11.9,7.2,26,mg/L,11.9,mg/L,25,NA,8.1,NA,Acute Toxicity of Sodium Cyanide to Marine Copepods (Acartia tonsa),PRIMARY_KEEP,Eligible copepod LC50 candidate,2114271|2208824|167149
1771,2034090,2055215,97664,Cr,"Chromic acid (H2Cr2O7), Potassium salt (1:2)",Nitocra spinipes,Harpacticoida,NA,4,Static,Total,NA,31,NA,NA,mg/L,31,mg/L,21,NA,NA,NA,TNT Leakage Through Sediment to Water and Toxicity to Nitocra spinipes,PRIMARY_KEEP,Eligible copepod LC50 candidate,2034090|2055215|97664
1772,1201110,160573,18307,Cr,"Chromic acid (H2Cr2O7), Potassium salt (1:2)",Nitocra spinipes,Harpacticoida,Juvenile,2,"Aquatic, unspecified",Total,NA,46000,31000,93000,ug/L,46000,ug/L,20,13.5,NA,NA,Precision of the Nitocra spinipes Acute Toxicity Test and the Effect of Salinity on Toxicity of the Reference Toxicant Potassium Bichromate,PRIMARY_KEEP,Eligible copepod LC50 candidate,1201110|160573|18307
1774,1201126,160589,18307,Cr,"Chromic acid (H2Cr2O7), Potassium salt (1:2)",Nitocra spinipes,Harpacticoida,Juvenile,4,"Aquatic, unspecified",Total,NA,34800,NA,NA,ug/L,34800,ug/L,20,9,NA,NA,Precision of the Nitocra spinipes Acute Toxicity Test and the Effect of Salinity on Toxicity of the Reference Toxicant Potassium Bichromate,PRIMARY_KEEP,Eligible copepod LC50 candidate,1201126|160589|18307
1780,1201132,160596,18307,Cr,"Chromic acid (H2Cr2O7), Potassium salt (1:2)",Nitocra spinipes,Harpacticoida,Juvenile,4,"Aquatic, unspecified",Total,NA,44600,NA,NA,ug/L,44600,ug/L,20,33,NA,NA,Precision of the Nitocra spinipes Acute Toxicity Test and the Effect of Salinity on Toxicity of the Reference Toxicant Potassium Bichromate,PRIMARY_KEEP,Eligible copepod LC50 candidate,1201132|160596|18307
1781,1201123,160586,18307,Cr,"Chromic acid (H2Cr2O7), Potassium salt (1:2)",Nitocra spinipes,Harpacticoida,Juvenile,4,"Aquatic, unspecified",Total,NA,8700,NA,NA,ug/L,8700,ug/L,20,9,NA,NA,Precision of the Nitocra spinipes Acute Toxicity Test and the Effect of Salinity on Toxicity of the Reference Toxicant Potassium Bichromate,PRIMARY_KEEP,Eligible copepod LC50 candidate,1201123|160586|18307
1784,1201117,160580,18307,Cr,"Chromic acid (H2Cr2O7), Potassium salt (1:2)",Nitocra spinipes,Harpacticoida,Juvenile,4,"Aquatic, unspecified",Total,NA,24200,NA,NA,ug/L,24200,ug/L,20,7,NA,NA,Precision of the Nitocra spinipes Acute Toxicity Test and the Effect of Salinity on Toxicity of the Reference Toxicant Potassium Bichromate,PRIMARY_KEEP,Eligible copepod LC50 candidate,1201117|160580|18307
1785,1201128,160591,18307,Cr,"Chromic acid (H2Cr2O7), Potassium salt (1:2)",Nitocra spinipes,Harpacticoida,Juvenile,4,"Aquatic, unspecified",Total,NA,34800,NA,NA,ug/L,34800,ug/L,20,15,NA,NA,Precision of the Nitocra spinipes Acute Toxicity Test and the Effect of Salinity on Toxicity of the Reference Toxicant Potassium Bichromate,PRIMARY_KEEP,Eligible copepod LC50 candidate,1201128|160591|18307
1787,1236962,215847,66691,Cr,"Chromic acid (H2Cr2O7), Potassium salt (1:2)",Acartia tonsa,Calanoida,Adult,2,Static,Total,NA,10,8.7,12,mg/L,10,mg/L,20,18,NA,NA,Development of Copepod Nauplii to Copepodites - a Parameter for Chronic Toxicity Including Endocrine Disruption,PRIMARY_KEEP,Eligible copepod LC50 candidate,1236962|215847|66691
1788,1201109,160572,18307,Cr,"Chromic acid (H2Cr2O7), Potassium salt (1:2)",Nitocra spinipes,Harpacticoida,Juvenile,1,"Aquatic, unspecified",Total,>,80000,NA,NA,ug/L,80000,ug/L,20,13.5,NA,NA,Precision of the Nitocra spinipes Acute Toxicity Test and the Effect of Salinity on Toxicity of the Reference Toxicant Potassium Bichromate,EXCLUDE_PRIMARY,Censored LC50,1201109|160572|18307
1789,1201127,160590,18307,Cr,"Chromic acid (H2Cr2O7), Potassium salt (1:2)",Nitocra spinipes,Harpacticoida,Juvenile,4,"Aquatic, unspecified",Total,NA,7500,NA,NA,ug/L,7500,ug/L,20,9,NA,NA,Precision of the Nitocra spinipes Acute Toxicity Test and the Effect of Salinity on Toxicity of the Reference Toxicant Potassium Bichromate,PRIMARY_KEEP,Eligible copepod LC50 candidate,1201127|160590|18307
1791,2036685,2060799,157913,Cr,"Chromic acid (H2Cr2O7), Potassium salt (1:2)",Nitocra spinipes,Harpacticoida,Adult,4,Static,Total,NA,NA,13,25,mg/L,NA,mg/L,20,7,NA,NA,Sediment and Water Phase Toxicity and UV-Activation of Six Chemicals Used in Military Explosives,EXCLUDE_PRIMARY,Range-only,2036685|2060799|157913
1792,1201125,160588,18307,Cr,"Chromic acid (H2Cr2O7), Potassium salt (1:2)",Nitocra spinipes,Harpacticoida,Juvenile,4,"Aquatic, unspecified",Total,NA,17000,NA,NA,ug/L,17000,ug/L,20,9,NA,NA,Precision of the Nitocra spinipes Acute Toxicity Test and the Effect of Salinity on Toxicity of the Reference Toxicant Potassium Bichromate,PRIMARY_KEEP,Eligible copepod LC50 candidate,1201125|160588|18307
1797,1201111,160574,18307,Cr,"Chromic acid (H2Cr2O7), Potassium salt (1:2)",Nitocra spinipes,Harpacticoida,Juvenile,3,"Aquatic, unspecified",Total,NA,37000,27000,55000,ug/L,37000,ug/L,20,13.5,NA,NA,Precision of the Nitocra spinipes Acute Toxicity Test and the Effect of Salinity on Toxicity of the Reference Toxicant Potassium Bichromate,PRIMARY_KEEP,Eligible copepod LC50 candidate,1201111|160574|18307
1801,2114273,2208826,167149,Cr,"Chromic acid (H2Cr2O7), Potassium salt (1:2)",Acartia tonsa,Calanoida,Multiple,2,Static,Total,NA,10.6,7.2,26,mg/L,10.6,mg/L,25,NA,8.1,NA,Acute Toxicity of Sodium Cyanide to Marine Copepods (Acartia tonsa),PRIMARY_KEEP,Eligible copepod LC50 candidate,2114273|2208826|167149
1876,1179972,81929,15726,Cd,Cadmium chloride (CdCl2),Tisbe holothuriae,Harpacticoida,Adult,2,Static,Total,NA,970,NA,NA,ug/L,970,ug/L,24,NA,NA,NA,"Individual and Combined Toxicity of Three Heavy Metals, Cu, Cd and Cr for the Marine Copepod Tisbe holothuriae",PRIMARY_KEEP,Eligible copepod LC50 candidate,1179972|81929|15726
1919,2136234,2252281,153073,Cd,Cadmium chloride (CdCl2),Paracyclopina nana,Cyclopoida,Adult,4,Renewal,Total,NA,0.3,0.26,0.36,mg/L,0.3,mg/L,25,15,NA,NA,"Molecular Characterization and Expression of Vitellogenin (Vg) Genes from the Cyclopoid Copepod, Paracyclopina nana Exposed to Heavy Metals",PRIMARY_KEEP,Eligible copepod LC50 candidate,2136234|2252281|153073
1928,1135993,90613,11097,Cd,Cadmium chloride (CdCl2),Tisbe holothuriae,Harpacticoida,NA,2,Static,Total,NA,872.7,NA,NA,ug/L,872.7,ug/L,18,38,NA,NA,Differentiation of the Sensitivity to Copper and Cadmium in Different Life Stages of a Copepod,PRIMARY_KEEP,Eligible copepod LC50 candidate,1135993|90613|11097
1932,1070633,15838,5563,Cd,Cadmium chloride (CdCl2),Paracalanus parvus,Calanoida,Multiple,1,Static,Total,NA,2710,2070,5220,ug/L,2710,ug/L,17,NA,NA,NA,"Acute Toxicity of Copper, Cadmium and Zinc to Three Species of Marine Copepod",PRIMARY_KEEP,Eligible copepod LC50 candidate,1070633|15838|5563
1944,2307791,2748533,192310,Cd,Cadmium chloride (CdCl2),Oithona similis,Cyclopoida,Adult,4,Renewal,Dissolved,NA,0.019,NA,NA,mg/L,0.019,mg/L,26,29.5,7.8,NA,"Prescribing Sea Water Quality Criteria for Arsenic, Cadmium and Lead Through Species Sensitivity Distribution",PRIMARY_KEEP,Eligible copepod LC50 candidate,2307791|2748533|192310
1981,1070632,15837,5563,Cd,Cadmium chloride (CdCl2),Acartia simplex,Calanoida,Multiple,1,Static,Total,NA,1370,1050,1760,ug/L,1370,ug/L,17,NA,NA,NA,"Acute Toxicity of Copper, Cadmium and Zinc to Three Species of Marine Copepod",PRIMARY_KEEP,Eligible copepod LC50 candidate,1070632|15837|5563
2000,2307795,2748541,192310,Cd,Cadmium chloride (CdCl2),Acartia danae,Calanoida,Adult,4,Renewal,Dissolved,NA,0.032,NA,NA,mg/L,0.032,mg/L,26,29.5,7.8,NA,"Prescribing Sea Water Quality Criteria for Arsenic, Cadmium and Lead Through Species Sensitivity Distribution",PRIMARY_KEEP,Eligible copepod LC50 candidate,2307795|2748541|192310
2009,1135991,90611,11097,Cd,Cadmium chloride (CdCl2),Tisbe holothuriae,Harpacticoida,Copepodid,2,Static,Total,NA,906.1,NA,NA,ug/L,906.1,ug/L,18,38,NA,NA,Differentiation of the Sensitivity to Copper and Cadmium in Different Life Stages of a Copepod,PRIMARY_KEEP,Eligible copepod LC50 candidate,1135991|90611|11097
2014,1135990,90610,11097,Cd,Cadmium chloride (CdCl2),Tisbe holothuriae,Harpacticoida,Nauplii,2,Static,Total,NA,645,NA,NA,ug/L,645,ug/L,18,38,NA,NA,Differentiation of the Sensitivity to Copper and Cadmium in Different Life Stages of a Copepod,PRIMARY_KEEP,Eligible copepod LC50 candidate,1135990|90610|11097
2021,1165807,189248,14601,Cd,Cadmium chloride (CdCl2),Pseudodiaptomus coronatus,Calanoida,Adult,3,Static,Total,NA,1910,1350,2708,ug/L,1910,ug/L,15,30,NA,NA,"Results of Acute Toxicity Tests Conducted with Cadmium at ERL, Narragansett",PRIMARY_KEEP,Eligible copepod LC50 candidate,1165807|189248|14601
2062,1135989,90609,11097,Cd,Cadmium chloride (CdCl2),Tisbe holothuriae,Harpacticoida,Nauplii,2,Static,Total,NA,538.4,NA,NA,ug/L,538.4,ug/L,18,38,NA,NA,Differentiation of the Sensitivity to Copper and Cadmium in Different Life Stages of a Copepod,PRIMARY_KEEP,Eligible copepod LC50 candidate,1135989|90609|11097
2092,1135992,90612,11097,Cd,Cadmium chloride (CdCl2),Tisbe holothuriae,Harpacticoida,NA,2,Static,Total,NA,916.6,NA,NA,ug/L,916.6,ug/L,18,38,NA,NA,Differentiation of the Sensitivity to Copper and Cadmium in Different Life Stages of a Copepod,PRIMARY_KEEP,Eligible copepod LC50 candidate,1135992|90612|11097
2093,1070634,15839,5563,Cd,Cadmium chloride (CdCl2),Scutellidium sp.,Harpacticoida,Multiple,1,Static,Total,NA,660,470,970,ug/L,660,ug/L,17,NA,NA,NA,"Acute Toxicity of Copper, Cadmium and Zinc to Three Species of Marine Copepod",PRIMARY_KEEP,Eligible copepod LC50 candidate,1070634|15839|5563
2126,1204994,171132,18671,Cd,Cadmium chloride (CdCl2),Eurytemora affinis,Calanoida,Copepodid,4,Static,Labile,~,10,NA,NA,ug/L,10,ug/L,NA,NA,NA,NA,The Effect of Salinity on the Acute Toxicity of Total and Free Cadmium to a Chesapeake Bay Copepod and Fish,EXCLUDE_PRIMARY,Free/labile Cd metric,1204994|171132|18671
2128,1129768,85199,10443,Cd,Cadmium chloride (CdCl2),Eurytemora affinis,Calanoida,Nauplii,4,Static,Total,NA,60,1,200,ug/L,60,ug/L,22,10,NA,NA,Comparison of Estuarine Species Sensitivities to Three Toxicants,PRIMARY_KEEP,Eligible copepod LC50 candidate,1129768|85199|10443
2132,1116278,107520,9029,Cd,Cadmium chloride (CdCl2),Acartia tonsa,Calanoida,Adult,4,Static,Total,NA,151,120,191,ug/L,151,ug/L,13,20,NA,NA,"Acute and Sublethal Effects of Cadmium on Ingestion, Egg Production and Life-Cycle Development in the Copepod Acartia tonsa",PRIMARY_KEEP,Eligible copepod LC50 candidate,1116278|107520|9029
2137,1129769,85200,10443,Cd,Cadmium chloride (CdCl2),Acartia tonsa,Calanoida,Nauplii,4,Static,Total,NA,380,6,1520,ug/L,380,ug/L,22,10,NA,NA,Comparison of Estuarine Species Sensitivities to Three Toxicants,PRIMARY_KEEP,Eligible copepod LC50 candidate,1129769|85200|10443
2144,1159839,142848,14137,Cd,Cadmium chloride (CdCl2),Tisbe battagliai,Harpacticoida,Adult,4,Renewal,Total,NA,340,NA,NA,ug/L,340,ug/L,NA,NA,NA,NA,"Toxicity of Cadmium, Hexavalent Chromium and Copper to Marine Fish Larvae (Cypinodon variegatus) and Copepods (Tisbe battagliai)",PRIMARY_KEEP,Eligible copepod LC50 candidate,1159839|142848|14137
2154,1159838,142847,14137,Cd,Cadmium chloride (CdCl2),Tisbe battagliai,Harpacticoida,Nauplii,4,Renewal,Total,NA,460,NA,NA,ug/L,460,ug/L,NA,NA,NA,NA,"Toxicity of Cadmium, Hexavalent Chromium and Copper to Marine Fish Larvae (Cypinodon variegatus) and Copepods (Tisbe battagliai)",PRIMARY_KEEP,Eligible copepod LC50 candidate,1159838|142847|14137
2155,1210147,186387,19281,Cd,Cadmium chloride (CdCl2),Tigriopus brevicornis,Harpacticoida,NA,4,Static,Total,NA,47.9,45.8,50,ug/L,47.9,ug/L,20,NA,NA,NA,"Mortality and LC50 Values for Several Stages of the Marine Copepod Tigriopus brevicornis (Muller) Exposed to the Metals Arsenic and Cadmium and the Pesticides Atrazine, Carbofuran, Dichlorvos, and Malathion",PRIMARY_KEEP,Eligible copepod LC50 candidate,1210147|186387|19281
2158,1210145,186385,19281,Cd,Cadmium chloride (CdCl2),Tigriopus brevicornis,Harpacticoida,Nauplii,4,Static,Total,NA,17.4,15.4,19.4,ug/L,17.4,ug/L,20,NA,NA,NA,"Mortality and LC50 Values for Several Stages of the Marine Copepod Tigriopus brevicornis (Muller) Exposed to the Metals Arsenic and Cadmium and the Pesticides Atrazine, Carbofuran, Dichlorvos, and Malathion",PRIMARY_KEEP,Eligible copepod LC50 candidate,1210145|186385|19281
2160,1116277,107519,9029,Cd,Cadmium chloride (CdCl2),Acartia tonsa,Calanoida,Adult,4,Static,Total,NA,29,23,37,ug/L,29,ug/L,21,20,NA,NA,"Acute and Sublethal Effects of Cadmium on Ingestion, Egg Production and Life-Cycle Development in the Copepod Acartia tonsa",PRIMARY_KEEP,Eligible copepod LC50 candidate,1116277|107519|9029
2168,1165805,189246,14601,Cd,Cadmium chloride (CdCl2),Acartia clausi,Calanoida,Adult,3,Static,Total,NA,409,272,544,ug/L,409,ug/L,10,30,NA,NA,"Results of Acute Toxicity Tests Conducted with Cadmium at ERL, Narragansett",PRIMARY_KEEP,Eligible copepod LC50 candidate,1165805|189246|14601
2176,1191628,166350,17219,Cd,Cadmium chloride (CdCl2),Eurytemora affinis,Calanoida,Neonate,4,Static,Total,NA,82.9,51.1,134.3,ug/L,82.9,ug/L,NA,25,NA,NA,The Effect of Salinity on the Acute Toxicity of Total Dissolved and Free Cadmium to the Copepod Eurytemora affinis and the Larval Fish Cyprinodon,PRIMARY_KEEP,Eligible copepod LC50 candidate,1191628|166350|17219
2177,1165809,189250,14601,Cd,Cadmium chloride (CdCl2),Eurytemora affinis,Calanoida,Adult,4,Static,Total,NA,1077,903,1289,ug/L,1077,ug/L,15,30,NA,NA,"Results of Acute Toxicity Tests Conducted with Cadmium at ERL, Narragansett",PRIMARY_KEEP,Eligible copepod LC50 candidate,1165809|189250|14601
2195,1037866,104471,2332,Cd,Cadmium chloride (CdCl2),Nitocra spinipes,Harpacticoida,NA,4,Flow-through,Total,NA,660,530,820,ug/L,660,ug/L,NA,7,NA,NA,A Flowthrough Fecundity Test with Nitocra spinipes (Harpacticoidea Crustacea) for Aquatic Toxicity,PRIMARY_KEEP,Eligible copepod LC50 candidate,1037866|104471|2332
2201,1204995,171133,18671,Cd,Cadmium chloride (CdCl2),Eurytemora affinis,Calanoida,Copepodid,4,Static,Labile,NA,NA,10,20,ug/L,NA,ug/L,24,NA,NA,NA,The Effect of Salinity on the Acute Toxicity of Total and Free Cadmium to a Chesapeake Bay Copepod and Fish,EXCLUDE_PRIMARY,Free/labile Cd metric,1204995|171133|18671
2214,1165808,189249,14601,Cd,Cadmium chloride (CdCl2),Eurytemora affinis,Calanoida,Adult,4,Static,Total,NA,1651,1337,2025,ug/L,1651,ug/L,15,30,NA,NA,"Results of Acute Toxicity Tests Conducted with Cadmium at ERL, Narragansett",PRIMARY_KEEP,Eligible copepod LC50 candidate,1165808|189249|14601
2221,1035623,54864,2183,Cd,Cadmium chloride (CdCl2),Nitocra spinipes,Harpacticoida,Adult,4,Static,Total,NA,1800,1200,2800,ug/L,1800,ug/L,20,7,8,NA,Use of a Harpacticoid Copepod in Toxicity Tests,PRIMARY_KEEP,Eligible copepod LC50 candidate,1035623|54864|2183
2224,1165806,189247,14601,Cd,Cadmium chloride (CdCl2),Acartia clausi,Calanoida,Adult,4,Static,Total,NA,200,154,260,ug/L,200,ug/L,10,30,NA,NA,"Results of Acute Toxicity Tests Conducted with Cadmium at ERL, Narragansett",PRIMARY_KEEP,Eligible copepod LC50 candidate,1165806|189247|14601
2226,1037865,104470,2332,Cd,Cadmium chloride (CdCl2),Nitocra spinipes,Harpacticoida,NA,4,Flow-through,Total,NA,780,410,1200,ug/L,780,ug/L,NA,15,NA,NA,A Flowthrough Fecundity Test with Nitocra spinipes (Harpacticoidea Crustacea) for Aquatic Toxicity,PRIMARY_KEEP,Eligible copepod LC50 candidate,1037865|104470|2332
2232,1204996,171134,18671,Cd,Cadmium chloride (CdCl2),Eurytemora affinis,Calanoida,Copepodid,4,Static,Labile,NA,NA,0,10,ug/L,NA,ug/L,NA,NA,NA,NA,The Effect of Salinity on the Acute Toxicity of Total and Free Cadmium to a Chesapeake Bay Copepod and Fish,EXCLUDE_PRIMARY,Free/labile Cd metric,1204996|171134|18671
2234,1116276,107518,9029,Cd,Cadmium chloride (CdCl2),Acartia tonsa,Calanoida,Adult,4,Static,Total,NA,93,82,106,ug/L,93,ug/L,18,15,NA,NA,"Acute and Sublethal Effects of Cadmium on Ingestion, Egg Production and Life-Cycle Development in the Copepod Acartia tonsa",PRIMARY_KEEP,Eligible copepod LC50 candidate,1116276|107518|9029
2249,1191627,166349,17219,Cd,Cadmium chloride (CdCl2),Eurytemora affinis,Calanoida,Neonate,4,Static,Total,NA,213.2,182,249.7,ug/L,213.2,ug/L,24,15,NA,NA,The Effect of Salinity on the Acute Toxicity of Total Dissolved and Free Cadmium to the Copepod Eurytemora affinis and the Larval Fish Cyprinodon,PRIMARY_KEEP,Eligible copepod LC50 candidate,1191627|166349|17219
2255,1210146,186386,19281,Cd,Cadmium chloride (CdCl2),Tigriopus brevicornis,Harpacticoida,Copepodid,4,Static,Total,NA,29.7,27.7,31.7,ug/L,29.7,ug/L,20,NA,NA,NA,"Mortality and LC50 Values for Several Stages of the Marine Copepod Tigriopus brevicornis (Muller) Exposed to the Metals Arsenic and Cadmium and the Pesticides Atrazine, Carbofuran, Dichlorvos, and Malathion",PRIMARY_KEEP,Eligible copepod LC50 candidate,1210146|186386|19281
2257,1295986,751250,111315,Cd,Cadmium chloride (CdCl2),Tigriopus japonicus,Harpacticoida,Adult,4,Renewal,Total,NA,25.2,17.81,35.55,mg/L,25.2,mg/L,20,32,7.9,NA,Acute Toxicities of Trace Metals and Common Xenobiotics to the Marine Copepod Tigriopus japonicus:  Evaluation of Its Use as a Benchmark Species for Routine Ecotoxicity Tests in Western Pacific Coastal Regions,PRIMARY_KEEP,Eligible copepod LC50 candidate,1295986|751250|111315
2260,1191626,166348,17219,Cd,Cadmium chloride (CdCl2),Eurytemora affinis,Calanoida,Neonate,4,Static,Total,NA,51.6,36.2,73.5,ug/L,51.6,ug/L,NA,5,NA,NA,The Effect of Salinity on the Acute Toxicity of Total Dissolved and Free Cadmium to the Copepod Eurytemora affinis and the Larval Fish Cyprinodon,PRIMARY_KEEP,Eligible copepod LC50 candidate,1191626|166348|17219
2271,2146950,2279333,166028,Hg,Mercury chloride (Hg2Cl2),Tigriopus fulvus,Harpacticoida,Nauplii,2,Static,Total,NA,0.095,NA,NA,mg/L,0.095,mg/L,20,38,8,NA,"Assessment of Individual and Combined Toxicities of Three Heavy Metals (Cu, Cd and Hg) by Using Tigriopus fulvus",PRIMARY_KEEP,Eligible copepod LC50 candidate,2146950|2279333|166028
2275,2146953,2279336,166028,Cd,"Nitric acid, Cadmium salt (2:1)",Tigriopus fulvus,Harpacticoida,Nauplii,2,Static,Total,NA,2.12,NA,NA,mg/L,2.12,mg/L,20,38,8,NA,"Assessment of Individual and Combined Toxicities of Three Heavy Metals (Cu, Cd and Hg) by Using Tigriopus fulvus",PRIMARY_KEEP,Eligible copepod LC50 candidate,2146953|2279336|166028
2290,2019870,2033712,156339,Zn,(T-4)-Bis[1-(hydroxy-kappaO)-2(1H)-pyridinethionato-kappaS2]zinc,Tigriopus japonicus,Harpacticoida,Adult,4,Renewal,Total,NA,170,150,190,ug/L,170,ug/L,25,33,NA,NA,Acute Toxicities of Five Commonly Used Antifouling Booster Biocides to Selected Subtropical and Cosmopolitan Marine Species,EXCLUDE_PRIMARY,Zinc pyrithione,2019870|2033712|156339
2291,1140053,94099,11673,Cr,"Nitric acid, Chromium(3+) salt",Acartia clausi,Calanoida,Adult,2,Renewal,Total,NA,19270,NA,NA,ug/L,19270,ug/L,14,NA,NA,NA,"Toxicity of Chromium to the Marine Planktonic Copepod Acartia clausi, Giesbrecht",EXCLUDE_PRIMARY,Cr(III) separate chemistry,1140053|94099|11673
