Raw_Row,Test_Number,Result_Number,Reference_Number,Metal,Chemical_Name,Species,Order,Lifestage,Duration_days,Exposure_Type,Conc_Type,Mean_Op,Mean,Min,Max,Units,Analysis_Point,Analysis_Units,Temperature,Salinity,pH,Organic_Carbon,Title,Eligibility_Status,Eligibility_Reason,Atomic_Weight_g_mol,Basis_Interpretation,LC50_target_mg_L,LC50_umol_L,ln_LC50_umol_L,Harmonization_Status,Harmonization_Rule,Metal_Role,Core_Pairwise_Ready,Temperature_Raw_Mean,Temperature_Raw_Min,Temperature_Raw_Max,Temperature_Raw_Units,Temperature_Repair_Status,Salinity_Raw_Mean,Salinity_Raw_Min,Salinity_Raw_Max,Salinity_Raw_Units,Salinity_Repair_Status,pH_Raw_Mean,pH_Raw_Min,pH_Raw_Max,pH_Raw_Units,pH_Repair_Status,Organic_Carbon_Raw_Mean,Organic_Carbon_Raw_Min,Organic_Carbon_Raw_Max,Organic_Carbon_Raw_Units,Organic_Carbon_Repair_Status,Source_Origin,Reference_ID,Test_ID,Result_ID,External_Audit_ID,External_DOI,External_Reference_Label,External_Stage_Sex,External_Concentration_Type_Detail,External_Source_Location,External_Source_Note,Stage_context,Exposure_context,Conc_context,Basis_context,WoS_pH_Status,WoS_pH_Reported_Text,WoS_pH_Low,WoS_pH_High,WoS_pH_Central,WoS_pH_Scale,WoS_pH_Source_Location,WoS_pH_Extraction_Note,pH_final,pH_metadata_origin,pH_scale_final
14,1301484,757363,115854,Cu,"Acetic acid, Copper(2+) salt",Tigriopus japonicus,Harpacticoida,Adult,4,"Aquatic, unspecified",Total,,743,,,ug/L,743,ug/L,25,33,8.25,,Copper Toxicity in the Marine Copepod Tigropus japonicus:  Low Variability and High Reproducibility of Repeated Acute and Life-Cycle Tests,PRIMARY_KEEP,Eligible copepod LC50 candidate,63.546,ECOTOX_STANDARDIZED_TARGET_METAL,0.743,11.692317376388758,2.458931991628172,HARMONIZED,ECOTOX standardized concentration used; for metal salts ECOTOX generally expresses concentration as active ionic form.,CORE,YES,25,,,C,EXISTING_MEAN_PRESERVED,33,,,0/00,EXISTING_MEAN_PRESERVED,,8.1,8.4,,RAW_RANGE_MIDPOINT_RECOVERED,,,,,MISSING,ECOTOX,E_115854,E_T1301484,E_R757363,,,,,,,,Adult,"Aquatic, unspecified",Total,ECOTOX_STANDARDIZED_TARGET_METAL,,,,,,,,,8.25,ECOTOX_REPORTED_OR_REPAIRED,
26,1152733,86472,13179,Ni,"Acetic acid, Nickel(2+)salt",Tisbe holothuriae,Harpacticoida,,2,Static,Total,,2580,,,ug/L,2580,ug/L,22,38,,,"Combined Toxicity of Copper, Cadmium, Zinc, Lead, Nickel, and Chrome to the Copepod Tisbe holothuriae",PRIMARY_KEEP,Eligible copepod LC50 candidate,58.6934,ECOTOX_STANDARDIZED_TARGET_METAL,2.58,43.957242211219665,3.7832173935188695,HARMONIZED,ECOTOX standardized concentration used; for metal salts ECOTOX generally expresses concentration as active ionic form.,DESCRIPTIVE,NO,22,,,C,EXISTING_MEAN_PRESERVED,38,,,0/00,EXISTING_MEAN_PRESERVED,,,,,MISSING,,,,,MISSING,ECOTOX,E_13179,E_T1152733,E_R86472,,,,,,,,NOT_REPORTED,Static,Total,ECOTOX_STANDARDIZED_TARGET_METAL,,,,,,,,,,NO_NUMERIC_PH,
49,1035621,54724,2183,Cu,Copper chloride,Nitocra spinipes,Harpacticoida,Adult,4,Static,Total,,1800,1300,2400,ug/L,1800,ug/L,20,7,8,,Use of a Harpacticoid Copepod in Toxicity Tests,PRIMARY_KEEP,Eligible copepod LC50 candidate,63.546,ECOTOX_STANDARDIZED_TARGET_METAL,1.8,28.325937116419603,3.343777890794669,HARMONIZED,ECOTOX standardized concentration used; for metal salts ECOTOX generally expresses concentration as active ionic form.,CORE,YES,20,,,C,EXISTING_MEAN_PRESERVED,7,,,0/00,EXISTING_MEAN_PRESERVED,8,,,,EXISTING_MEAN_PRESERVED,,,,,MISSING,ECOTOX,E_2183,E_T1035621,E_R54724,,,,,,,,Adult,Static,Total,ECOTOX_STANDARDIZED_TARGET_METAL,,,,,,,,,8,ECOTOX_REPORTED_OR_REPAIRED,
59,1159856,142865,14137,Cu,"Nitric acid, Copper(2+) salt",Tisbe battagliai,Harpacticoida,Adult,4,Renewal,Total,,88,,,ug/L,88,ug/L,20.55,34.754999999999995,7.92,,"Toxicity of Cadmium, Hexavalent Chromium and Copper to Marine Fish Larvae (Cypinodon variegatus) and Copepods (Tisbe battagliai)",PRIMARY_KEEP,Eligible copepod LC50 candidate,63.546,ECOTOX_STANDARDIZED_TARGET_METAL,0.088,1.3848235923582917,0.32557276138861935,HARMONIZED,ECOTOX standardized concentration used; for metal salts ECOTOX generally expresses concentration as active ionic form.,CORE,YES,,20.1,21,C,RAW_RANGE_MIDPOINT_RECOVERED,,34.5,35.01,0/00,RAW_RANGE_MIDPOINT_RECOVERED,,7.7,8.14,,RAW_RANGE_MIDPOINT_RECOVERED,,,,,MISSING,ECOTOX,E_14137,E_T1159856,E_R142865,,,,,,,,Adult,Renewal,Total,ECOTOX_STANDARDIZED_TARGET_METAL,,,,,,,,,7.92,ECOTOX_REPORTED_OR_REPAIRED,
60,1111947,42366,8446,Cu,"Nitric acid, Copper(2+) salt",Acartia tonsa,Calanoida,,3,Flow-through,Total,,9,,,ug/L,9,ug/L,20,30,,,The Effect of Nutrition on the Response of Field Populations of the Calanoid Copepod Acartia tonsa to Copper,PRIMARY_KEEP,"Source review: Sosnowski (1979), pp. 449-452; natural populations, not a deliberate modifier experiment; waterborne Cu LC50, 72 h.",63.546,ECOTOX_STANDARDIZED_TARGET_METAL,0.009,0.14162968558209801,-1.954539475753368,HARMONIZED,Source-confirmed 9 ug Cu/L converted to mg Cu/L and umol Cu/L.,CORE,YES,20,,,C,SOURCE_VERIFIED,30,,,0/00,SOURCE_VERIFIED,,,,,MISSING,,,,,MISSING,ECOTOX,E_8446,E_T1111947,E_R42366,,,,,,,,NOT_REPORTED,Flow-through,Total,ECOTOX_STANDARDIZED_TARGET_METAL,,,,,,,,,,NO_NUMERIC_PH,
61,1159857,142866,14137,Cu,"Nitric acid, Copper(2+) salt",Tisbe battagliai,Harpacticoida,Nauplii,4,Renewal,Total,,64,,,ug/L,64,ug/L,20.55,34.754999999999995,7.92,,"Toxicity of Cadmium, Hexavalent Chromium and Copper to Marine Fish Larvae (Cypinodon variegatus) and Copepods (Tisbe battagliai)",PRIMARY_KEEP,Eligible copepod LC50 candidate,63.546,ECOTOX_STANDARDIZED_TARGET_METAL,0.064,1.0071444308060302,0.00711903027008462,HARMONIZED,ECOTOX standardized concentration used; for metal salts ECOTOX generally expresses concentration as active ionic form.,CORE,YES,,20.1,21,C,RAW_RANGE_MIDPOINT_RECOVERED,,34.5,35.01,0/00,RAW_RANGE_MIDPOINT_RECOVERED,,7.7,8.14,,RAW_RANGE_MIDPOINT_RECOVERED,,,,,MISSING,ECOTOX,E_14137,E_T1159857,E_R142866,,,,,,,,Nauplii,Renewal,Total,ECOTOX_STANDARDIZED_TARGET_METAL,,,,,,,,,7.92,ECOTOX_REPORTED_OR_REPAIRED,
81,1054948,220835,3825,Pb,Lead,Acartia clausi,Calanoida,,4,"Aquatic, unspecified",Total,,668,484,876,ug/L,668,ug/L,10,30,,,"Results of Acute Toxicity Tests Conducted with Silver at ERL, Narragansett",PRIMARY_KEEP,Eligible copepod LC50 candidate,207.2,ECOTOX_STANDARDIZED_TARGET_METAL,0.668,3.223938223938224,1.1706036631513177,HARMONIZED,ECOTOX standardized concentration used; for metal salts ECOTOX generally expresses concentration as active ionic form.,DESCRIPTIVE,NO,10,,,C,EXISTING_MEAN_PRESERVED,30,,,0/00,EXISTING_MEAN_PRESERVED,,,,,MISSING,,,,,MISSING,ECOTOX,E_3825,E_T1054948,E_R220835,,,,,,,,NOT_REPORTED,"Aquatic, unspecified",Total,ECOTOX_STANDARDIZED_TARGET_METAL,,,,,,,,,,NO_NUMERIC_PH,
83,1053695,194886,3751,Pb,Lead,Acartia clausi,Calanoida,Adult,4,"Aquatic, unspecified",Total,,668,484,876,ug/L,668,ug/L,10,30,,,Unpublished Laboratory Data,PRIMARY_KEEP,Eligible copepod LC50 candidate,207.2,ECOTOX_STANDARDIZED_TARGET_METAL,0.668,3.223938223938224,1.1706036631513177,HARMONIZED,ECOTOX standardized concentration used; for metal salts ECOTOX generally expresses concentration as active ionic form.,DESCRIPTIVE,NO,10,,,C,EXISTING_MEAN_PRESERVED,30,,,0/00,EXISTING_MEAN_PRESERVED,,,,,MISSING,,,,,MISSING,ECOTOX,E_3751,E_T1053695,E_R194886,,,,,,,,Adult,"Aquatic, unspecified",Total,ECOTOX_STANDARDIZED_TARGET_METAL,,,,,,,,,,NO_NUMERIC_PH,
84,1078773,10206,6079,Hg,Mercury,Calanoida,Calanoida,,2,Static,Total,,31,,,ug/L,31,ug/L,9,,,,"Evaluation of Potential Indicators of Sub-Lethal Toxic Stress on Marine Zooplankton (Feeding, Fecundity, Respiration, and Excretion): Controlled Ecosystem Pollution Experiment",PRIMARY_KEEP,Eligible copepod LC50 candidate,200.592,ECOTOX_STANDARDIZED_TARGET_METAL,0.031,0.15454255404004147,-1.8672857898885231,HARMONIZED,ECOTOX standardized concentration used; for metal salts ECOTOX generally expresses concentration as active ionic form.,EXPLORATORY,NO,9,,,C,EXISTING_MEAN_PRESERVED,,,,,MISSING,,,,,MISSING,,,,,MISSING,ECOTOX,E_6079,E_T1078773,E_R10206,,,,,,,,NOT_REPORTED,Static,Total,ECOTOX_STANDARDIZED_TARGET_METAL,,,,,,,,,,NO_NUMERIC_PH,
88,1078775,10208,6079,Hg,Mercury,Calanoida,Calanoida,,2,Static,Total,,32,,,ug/L,32,ug/L,9,,,,"Evaluation of Potential Indicators of Sub-Lethal Toxic Stress on Marine Zooplankton (Feeding, Fecundity, Respiration, and Excretion): Controlled Ecosystem Pollution Experiment",PRIMARY_KEEP,Eligible copepod LC50 candidate,200.592,ECOTOX_STANDARDIZED_TARGET_METAL,0.032,0.15952779771875247,-1.8355370915739428,HARMONIZED,ECOTOX standardized concentration used; for metal salts ECOTOX generally expresses concentration as active ionic form.,EXPLORATORY,NO,9,,,C,EXISTING_MEAN_PRESERVED,,,,,MISSING,,,,,MISSING,,,,,MISSING,ECOTOX,E_6079,E_T1078775,E_R10208,,,,,,,,NOT_REPORTED,Static,Total,ECOTOX_STANDARDIZED_TARGET_METAL,,,,,,,,,,NO_NUMERIC_PH,
103,1078774,10207,6079,Hg,Mercury,Calanoida,Calanoida,Adult,2,Static,Total,,22,,,ug/L,22,ug/L,21,,,,"Evaluation of Potential Indicators of Sub-Lethal Toxic Stress on Marine Zooplankton (Feeding, Fecundity, Respiration, and Excretion): Controlled Ecosystem Pollution Experiment",PRIMARY_KEEP,Eligible copepod LC50 candidate,200.592,ECOTOX_STANDARDIZED_TARGET_METAL,0.022,0.10967536093164232,-2.2102305410153535,HARMONIZED,ECOTOX standardized concentration used; for metal salts ECOTOX generally expresses concentration as active ionic form.,EXPLORATORY,NO,21,,,C,EXISTING_MEAN_PRESERVED,,,,,MISSING,,,,,MISSING,,,,,MISSING,ECOTOX,E_6079,E_T1078774,E_R10207,,,,,,,,Adult,Static,Total,ECOTOX_STANDARDIZED_TARGET_METAL,,,,,,,,,,NO_NUMERIC_PH,
105,1053473,129431,3734,Hg,Mercury,Pseudodiaptomus coronatus,Calanoida,,4,Static,Total,,79,45,112,ug/L,79,ug/L,20,30,,,Unpublished Laboratory Data,PRIMARY_KEEP,Eligible copepod LC50 candidate,200.592,ECOTOX_STANDARDIZED_TARGET_METAL,0.079,0.3938342506181702,-0.931825141906648,HARMONIZED,ECOTOX standardized concentration used; for metal salts ECOTOX generally expresses concentration as active ionic form.,EXPLORATORY,NO,20,,,C,EXISTING_MEAN_PRESERVED,30,,,0/00,EXISTING_MEAN_PRESERVED,,,,,MISSING,,,,,MISSING,ECOTOX,E_3734,E_T1053473,E_R129431,,,,,,,,NOT_REPORTED,Static,Total,ECOTOX_STANDARDIZED_TARGET_METAL,,,,,,,,,,NO_NUMERIC_PH,
111,1111935,21216,8445,Hg,Mercury,Acartia tonsa,Calanoida,,2,Static,Total,,17,,,ug/L,17,ug/L,20,10,,,"Toxicological Comparison of Natural and Cultured Populations of Acartia tonsa to Cadmium, Copper, and Mercury",PRIMARY_KEEP,Eligible copepod LC50 candidate,200.592,ECOTOX_STANDARDIZED_TARGET_METAL,0.017,0.08474914253808725,-2.4680596503174534,HARMONIZED,ECOTOX standardized concentration used; for metal salts ECOTOX generally expresses concentration as active ionic form.,EXPLORATORY,NO,20,,,C,EXISTING_MEAN_PRESERVED,10,,,0/00,EXISTING_MEAN_PRESERVED,,,,,MISSING,,,,,MISSING,ECOTOX,E_8445,E_T1111935,E_R21216,,,,,,,,NOT_REPORTED,Static,Total,ECOTOX_STANDARDIZED_TARGET_METAL,,,,,,,,,,NO_NUMERIC_PH,
112,1111929,21210,8445,Hg,Mercury,Acartia tonsa,Calanoida,F6 generation,4,Static,Total,,15,,,ug/L,15,ug/L,20,10,,,"Toxicological Comparison of Natural and Cultured Populations of Acartia tonsa to Cadmium, Copper, and Mercury",PRIMARY_KEEP,Eligible copepod LC50 candidate,200.592,ECOTOX_STANDARDIZED_TARGET_METAL,0.015,0.07477865518066523,-2.593222793271459,HARMONIZED,ECOTOX standardized concentration used; for metal salts ECOTOX generally expresses concentration as active ionic form.,EXPLORATORY,NO,20,,,C,EXISTING_MEAN_PRESERVED,10,,,0/00,EXISTING_MEAN_PRESERVED,,,,,MISSING,,,,,MISSING,ECOTOX,E_8445,E_T1111929,E_R21210,,,,,,,,F6 generation,Static,Total,ECOTOX_STANDARDIZED_TARGET_METAL,,,,,,,,,,NO_NUMERIC_PH,
113,1111930,21211,8445,Hg,Mercury,Acartia tonsa,Calanoida,F2 generation,1,Static,Total,,20,,,ug/L,20,ug/L,20,10,,,"Toxicological Comparison of Natural and Cultured Populations of Acartia tonsa to Cadmium, Copper, and Mercury",PRIMARY_KEEP,Eligible copepod LC50 candidate,200.592,ECOTOX_STANDARDIZED_TARGET_METAL,0.02,0.0997048735742203,-2.3055407208196783,HARMONIZED,ECOTOX standardized concentration used; for metal salts ECOTOX generally expresses concentration as active ionic form.,EXPLORATORY,NO,20,,,C,EXISTING_MEAN_PRESERVED,10,,,0/00,EXISTING_MEAN_PRESERVED,,,,,MISSING,,,,,MISSING,ECOTOX,E_8445,E_T1111930,E_R21211,,,,,,,,F2 generation,Static,Total,ECOTOX_STANDARDIZED_TARGET_METAL,,,,,,,,,,NO_NUMERIC_PH,
114,1111932,21213,8445,Hg,Mercury,Acartia tonsa,Calanoida,F2 generation,3,Static,Total,,17,,,ug/L,17,ug/L,20,10,,,"Toxicological Comparison of Natural and Cultured Populations of Acartia tonsa to Cadmium, Copper, and Mercury",PRIMARY_KEEP,Eligible copepod LC50 candidate,200.592,ECOTOX_STANDARDIZED_TARGET_METAL,0.017,0.08474914253808725,-2.4680596503174534,HARMONIZED,ECOTOX standardized concentration used; for metal salts ECOTOX generally expresses concentration as active ionic form.,EXPLORATORY,NO,20,,,C,EXISTING_MEAN_PRESERVED,10,,,0/00,EXISTING_MEAN_PRESERVED,,,,,MISSING,,,,,MISSING,ECOTOX,E_8445,E_T1111932,E_R21213,,,,,,,,F2 generation,Static,Total,ECOTOX_STANDARDIZED_TARGET_METAL,,,,,,,,,,NO_NUMERIC_PH,
115,1111926,21207,8445,Hg,Mercury,Acartia tonsa,Calanoida,F6 generation,1,Static,Total,,22,,,ug/L,22,ug/L,20,10,,,"Toxicological Comparison of Natural and Cultured Populations of Acartia tonsa to Cadmium, Copper, and Mercury",PRIMARY_KEEP,Eligible copepod LC50 candidate,200.592,ECOTOX_STANDARDIZED_TARGET_METAL,0.022,0.10967536093164232,-2.2102305410153535,HARMONIZED,ECOTOX standardized concentration used; for metal salts ECOTOX generally expresses concentration as active ionic form.,EXPLORATORY,NO,20,,,C,EXISTING_MEAN_PRESERVED,10,,,0/00,EXISTING_MEAN_PRESERVED,,,,,MISSING,,,,,MISSING,ECOTOX,E_8445,E_T1111926,E_R21207,,,,,,,,F6 generation,Static,Total,ECOTOX_STANDARDIZED_TARGET_METAL,,,,,,,,,,NO_NUMERIC_PH,
116,1053474,129432,3734,Hg,Mercury,Eurytemora affinis,Calanoida,,4,Static,Total,,158,102,216,ug/L,158,ug/L,20,30,,,Unpublished Laboratory Data,PRIMARY_KEEP,Eligible copepod LC50 candidate,200.592,ECOTOX_STANDARDIZED_TARGET_METAL,0.158,0.7876685012363404,-0.23867796134670255,HARMONIZED,ECOTOX standardized concentration used; for metal salts ECOTOX generally expresses concentration as active ionic form.,EXPLORATORY,NO,20,,,C,EXISTING_MEAN_PRESERVED,30,,,0/00,EXISTING_MEAN_PRESERVED,,,,,MISSING,,,,,MISSING,ECOTOX,E_3734,E_T1053474,E_R129432,,,,,,,,NOT_REPORTED,Static,Total,ECOTOX_STANDARDIZED_TARGET_METAL,,,,,,,,,,NO_NUMERIC_PH,
117,1111934,21215,8445,Hg,Mercury,Acartia tonsa,Calanoida,,1,Static,Total,,17.5,,,ug/L,17.5,ug/L,20,10,,,"Toxicological Comparison of Natural and Cultured Populations of Acartia tonsa to Cadmium, Copper, and Mercury",PRIMARY_KEEP,Eligible copepod LC50 candidate,200.592,ECOTOX_STANDARDIZED_TARGET_METAL,0.0175,0.08724176437744276,-2.439072113444201,HARMONIZED,ECOTOX standardized concentration used; for metal salts ECOTOX generally expresses concentration as active ionic form.,EXPLORATORY,NO,20,,,C,EXISTING_MEAN_PRESERVED,10,,,0/00,EXISTING_MEAN_PRESERVED,,,,,MISSING,,,,,MISSING,ECOTOX,E_8445,E_T1111934,E_R21215,,,,,,,,NOT_REPORTED,Static,Total,ECOTOX_STANDARDIZED_TARGET_METAL,,,,,,,,,,NO_NUMERIC_PH,
118,1111928,21209,8445,Hg,Mercury,Acartia tonsa,Calanoida,F6 generation,3,Static,Total,,16,,,ug/L,16,ug/L,20,10,,,"Toxicological Comparison of Natural and Cultured Populations of Acartia tonsa to Cadmium, Copper, and Mercury",PRIMARY_KEEP,Eligible copepod LC50 candidate,200.592,ECOTOX_STANDARDIZED_TARGET_METAL,0.016,0.07976389885937624,-2.528684272133888,HARMONIZED,ECOTOX standardized concentration used; for metal salts ECOTOX generally expresses concentration as active ionic form.,EXPLORATORY,NO,20,,,C,EXISTING_MEAN_PRESERVED,10,,,0/00,EXISTING_MEAN_PRESERVED,,,,,MISSING,,,,,MISSING,ECOTOX,E_8445,E_T1111928,E_R21209,,,,,,,,F6 generation,Static,Total,ECOTOX_STANDARDIZED_TARGET_METAL,,,,,,,,,,NO_NUMERIC_PH,
119,1053471,129429,3734,Hg,Mercury,Acartia tonsa,Calanoida,,4,Static,Total,,20,7,38,ug/L,20,ug/L,20,30,,,Unpublished Laboratory Data,PRIMARY_KEEP,Eligible copepod LC50 candidate,200.592,ECOTOX_STANDARDIZED_TARGET_METAL,0.02,0.0997048735742203,-2.3055407208196783,HARMONIZED,ECOTOX standardized concentration used; for metal salts ECOTOX generally expresses concentration as active ionic form.,EXPLORATORY,NO,20,,,C,EXISTING_MEAN_PRESERVED,30,,,0/00,EXISTING_MEAN_PRESERVED,,,,,MISSING,,,,,MISSING,ECOTOX,E_3734,E_T1053471,E_R129429,,,,,,,,NOT_REPORTED,Static,Total,ECOTOX_STANDARDIZED_TARGET_METAL,,,,,,,,,,NO_NUMERIC_PH,
120,1053472,129430,3734,Hg,Mercury,Acartia clausi,Calanoida,,4,Static,Total,,10,8,12,ug/L,10,ug/L,10,30,,,Unpublished Laboratory Data,PRIMARY_KEEP,Eligible copepod LC50 candidate,200.592,ECOTOX_STANDARDIZED_TARGET_METAL,0.01,0.04985243678711015,-2.9986879013796237,HARMONIZED,ECOTOX standardized concentration used; for metal salts ECOTOX generally expresses concentration as active ionic form.,EXPLORATORY,NO,10,,,C,EXISTING_MEAN_PRESERVED,30,,,0/00,EXISTING_MEAN_PRESERVED,,,,,MISSING,,,,,MISSING,ECOTOX,E_3734,E_T1053472,E_R129430,,,,,,,,NOT_REPORTED,Static,Total,ECOTOX_STANDARDIZED_TARGET_METAL,,,,,,,,,,NO_NUMERIC_PH,
121,1111937,21218,8445,Hg,Mercury,Acartia tonsa,Calanoida,,4,Static,Total,,10,,,ug/L,10,ug/L,20,10,,,"Toxicological Comparison of Natural and Cultured Populations of Acartia tonsa to Cadmium, Copper, and Mercury",PRIMARY_KEEP,Eligible copepod LC50 candidate,200.592,ECOTOX_STANDARDIZED_TARGET_METAL,0.01,0.04985243678711015,-2.9986879013796237,HARMONIZED,ECOTOX standardized concentration used; for metal salts ECOTOX generally expresses concentration as active ionic form.,EXPLORATORY,NO,20,,,C,EXISTING_MEAN_PRESERVED,10,,,0/00,EXISTING_MEAN_PRESERVED,,,,,MISSING,,,,,MISSING,ECOTOX,E_8445,E_T1111937,E_R21218,,,,,,,,NOT_REPORTED,Static,Total,ECOTOX_STANDARDIZED_TARGET_METAL,,,,,,,,,,NO_NUMERIC_PH,
122,1111936,21217,8445,Hg,Mercury,Acartia tonsa,Calanoida,,3,Static,Total,,13,,,ug/L,13,ug/L,20,10,,,"Toxicological Comparison of Natural and Cultured Populations of Acartia tonsa to Cadmium, Copper, and Mercury",PRIMARY_KEEP,Eligible copepod LC50 candidate,200.592,ECOTOX_STANDARDIZED_TARGET_METAL,0.013,0.0648081678232432,-2.7363236369121324,HARMONIZED,ECOTOX standardized concentration used; for metal salts ECOTOX generally expresses concentration as active ionic form.,EXPLORATORY,NO,20,,,C,EXISTING_MEAN_PRESERVED,10,,,0/00,EXISTING_MEAN_PRESERVED,,,,,MISSING,,,,,MISSING,ECOTOX,E_8445,E_T1111936,E_R21217,,,,,,,,NOT_REPORTED,Static,Total,ECOTOX_STANDARDIZED_TARGET_METAL,,,,,,,,,,NO_NUMERIC_PH,
123,1111931,21212,8445,Hg,Mercury,Acartia tonsa,Calanoida,F2 generation,2,Static,Total,,19,,,ug/L,19,ug/L,20,10,,,"Toxicological Comparison of Natural and Cultured Populations of Acartia tonsa to Cadmium, Copper, and Mercury",PRIMARY_KEEP,Eligible copepod LC50 candidate,200.592,ECOTOX_STANDARDIZED_TARGET_METAL,0.019,0.09471962989550928,-2.356834015207229,HARMONIZED,ECOTOX standardized concentration used; for metal salts ECOTOX generally expresses concentration as active ionic form.,EXPLORATORY,NO,20,,,C,EXISTING_MEAN_PRESERVED,10,,,0/00,EXISTING_MEAN_PRESERVED,,,,,MISSING,,,,,MISSING,ECOTOX,E_8445,E_T1111931,E_R21212,,,,,,,,F2 generation,Static,Total,ECOTOX_STANDARDIZED_TARGET_METAL,,,,,,,,,,NO_NUMERIC_PH,
124,1111933,21214,8445,Hg,Mercury,Acartia tonsa,Calanoida,F2 generation,4,Static,Total,,14,,,ug/L,14,ug/L,20,10,,,"Toxicological Comparison of Natural and Cultured Populations of Acartia tonsa to Cadmium, Copper, and Mercury",PRIMARY_KEEP,Eligible copepod LC50 candidate,200.592,ECOTOX_STANDARDIZED_TARGET_METAL,0.014,0.06979341150195421,-2.6622156647584108,HARMONIZED,ECOTOX standardized concentration used; for metal salts ECOTOX generally expresses concentration as active ionic form.,EXPLORATORY,NO,20,,,C,EXISTING_MEAN_PRESERVED,10,,,0/00,EXISTING_MEAN_PRESERVED,,,,,MISSING,,,,,MISSING,ECOTOX,E_8445,E_T1111933,E_R21214,,,,,,,,F2 generation,Static,Total,ECOTOX_STANDARDIZED_TARGET_METAL,,,,,,,,,,NO_NUMERIC_PH,
125,1111927,21208,8445,Hg,Mercury,Acartia tonsa,Calanoida,F6 generation,2,Static,Total,,19,,,ug/L,19,ug/L,20,10,,,"Toxicological Comparison of Natural and Cultured Populations of Acartia tonsa to Cadmium, Copper, and Mercury",PRIMARY_KEEP,Eligible copepod LC50 candidate,200.592,ECOTOX_STANDARDIZED_TARGET_METAL,0.019,0.09471962989550928,-2.356834015207229,HARMONIZED,ECOTOX standardized concentration used; for metal salts ECOTOX generally expresses concentration as active ionic form.,EXPLORATORY,NO,20,,,C,EXISTING_MEAN_PRESERVED,10,,,0/00,EXISTING_MEAN_PRESERVED,,,,,MISSING,,,,,MISSING,ECOTOX,E_8445,E_T1111927,E_R21208,,,,,,,,F6 generation,Static,Total,ECOTOX_STANDARDIZED_TARGET_METAL,,,,,,,,,,NO_NUMERIC_PH,
129,1053477,129435,3734,Ni,Nickel,Pseudodiaptomus coronatus,Calanoida,,3,Static,Total,,9100,6170,12400,ug/L,9100,ug/L,20,30,,,Unpublished Laboratory Data,PRIMARY_KEEP,Eligible copepod LC50 candidate,58.6934,ECOTOX_STANDARDIZED_TARGET_METAL,9.1,155.0429860938368,5.043702408108148,HARMONIZED,ECOTOX standardized concentration used; for metal salts ECOTOX generally expresses concentration as active ionic form.,DESCRIPTIVE,NO,20,,,C,EXISTING_MEAN_PRESERVED,30,,,0/00,EXISTING_MEAN_PRESERVED,,,,,MISSING,,,,,MISSING,ECOTOX,E_3734,E_T1053477,E_R129435,,,,,,,,NOT_REPORTED,Static,Total,ECOTOX_STANDARDIZED_TARGET_METAL,,,,,,,,,,NO_NUMERIC_PH,
134,1053476,129434,3734,Ni,Nickel,Acartia clausi,Calanoida,,4,Static,Total,,2076,1525,2900,ug/L,2076,ug/L,10,30,,,Unpublished Laboratory Data,PRIMARY_KEEP,Eligible copepod LC50 candidate,58.6934,ECOTOX_STANDARDIZED_TARGET_METAL,2.076,35.37024605833024,3.5658709598889855,HARMONIZED,ECOTOX standardized concentration used; for metal salts ECOTOX generally expresses concentration as active ionic form.,DESCRIPTIVE,NO,10,,,C,EXISTING_MEAN_PRESERVED,30,,,0/00,EXISTING_MEAN_PRESERVED,,,,,MISSING,,,,,MISSING,ECOTOX,E_3734,E_T1053476,E_R129434,,,,,,,,NOT_REPORTED,Static,Total,ECOTOX_STANDARDIZED_TARGET_METAL,,,,,,,,,,NO_NUMERIC_PH,
135,1053478,129436,3734,Ni,Nickel,Eurytemora affinis,Calanoida,,4,Static,Total,,9670,7350,12120,ug/L,9670,ug/L,20,30,,,Unpublished Laboratory Data,PRIMARY_KEEP,Eligible copepod LC50 candidate,58.6934,ECOTOX_STANDARDIZED_TARGET_METAL,9.67,164.75446983817602,5.104456304050546,HARMONIZED,ECOTOX standardized concentration used; for metal salts ECOTOX generally expresses concentration as active ionic form.,DESCRIPTIVE,NO,20,,,C,EXISTING_MEAN_PRESERVED,30,,,0/00,EXISTING_MEAN_PRESERVED,,,,,MISSING,,,,,MISSING,ECOTOX,E_3734,E_T1053478,E_R129436,,,,,,,,NOT_REPORTED,Static,Total,ECOTOX_STANDARDIZED_TARGET_METAL,,,,,,,,,,NO_NUMERIC_PH,
136,1053475,129433,3734,Ni,Nickel,Acartia tonsa,Calanoida,,3,Static,Total,,460,260,710,ug/L,460,ug/L,20,30,,,Unpublished Laboratory Data,PRIMARY_KEEP,Eligible copepod LC50 candidate,58.6934,ECOTOX_STANDARDIZED_TARGET_METAL,0.46,7.837337758589552,2.0588992050863473,HARMONIZED,ECOTOX standardized concentration used; for metal salts ECOTOX generally expresses concentration as active ionic form.,DESCRIPTIVE,NO,20,,,C,EXISTING_MEAN_PRESERVED,30,,,0/00,EXISTING_MEAN_PRESERVED,,,,,MISSING,,,,,MISSING,ECOTOX,E_3734,E_T1053475,E_R129433,,,,,,,,NOT_REPORTED,Static,Total,ECOTOX_STANDARDIZED_TARGET_METAL,,,,,,,,,,NO_NUMERIC_PH,
138,1284914,738947,59900,Ag,Silver,Acartia sp.,Calanoida,,2,Static,Total,,400,,,nM,400,nM,15,,8,1,Sublethal Effects of Silver in Zooplankton:  Importance of Exposure Pathways and Implications for Toxicity Testing,PRIMARY_KEEP,Eligible copepod LC50 candidate,107.8682,ECOTOX_STANDARDIZED_TARGET_METAL,0.04314728,0.4,-0.916290731874155,HARMONIZED,ECOTOX standardized concentration used; for metal salts ECOTOX generally expresses concentration as active ionic form.,SECONDARY,NO,15,,,C,EXISTING_MEAN_PRESERVED,,,,,MISSING,8,,,,EXISTING_MEAN_PRESERVED,1,,,mg/L,EXISTING_MEAN_PRESERVED,ECOTOX,E_59900,E_T1284914,E_R738947,,,,,,,,NOT_REPORTED,Static,Total,ECOTOX_STANDARDIZED_TARGET_METAL,,,,,,,,,8,ECOTOX_REPORTED_OR_REPAIRED,
139,1053694,194885,3751,Ag,Silver,Acartia tonsa,Calanoida,Adult,4,"Aquatic, unspecified",Total,,43,30,60,ug/L,43,ug/L,20,30,,,Unpublished Laboratory Data,PRIMARY_KEEP,Eligible copepod LC50 candidate,107.8682,ECOTOX_STANDARDIZED_TARGET_METAL,0.043,0.3986346300392516,-0.9197099958019772,HARMONIZED,ECOTOX standardized concentration used; for metal salts ECOTOX generally expresses concentration as active ionic form.,SECONDARY,NO,20,,,C,EXISTING_MEAN_PRESERVED,30,,,0/00,EXISTING_MEAN_PRESERVED,,,,,MISSING,,,,,MISSING,ECOTOX,E_3751,E_T1053694,E_R194885,,,,,,,,Adult,"Aquatic, unspecified",Total,ECOTOX_STANDARDIZED_TARGET_METAL,,,,,,,,,,NO_NUMERIC_PH,
140,1053693,194884,3751,Ag,Silver,Acartia clausi,Calanoida,Adult,4,"Aquatic, unspecified",Total,,15,10,19,ug/L,15,ug/L,10,30,,,Unpublished Laboratory Data,PRIMARY_KEEP,Eligible copepod LC50 candidate,107.8682,ECOTOX_STANDARDIZED_TARGET_METAL,0.015,0.13905859187415753,-1.9728599103933295,HARMONIZED,ECOTOX standardized concentration used; for metal salts ECOTOX generally expresses concentration as active ionic form.,SECONDARY,NO,10,,,C,EXISTING_MEAN_PRESERVED,30,,,0/00,EXISTING_MEAN_PRESERVED,,,,,MISSING,,,,,MISSING,ECOTOX,E_3751,E_T1053693,E_R194884,,,,,,,,Adult,"Aquatic, unspecified",Total,ECOTOX_STANDARDIZED_TARGET_METAL,,,,,,,,,,NO_NUMERIC_PH,
184,1111942,23768,8445,Cd,Cadmium,Acartia tonsa,Calanoida,F2 generation,4,Static,Total,,190,,,ug/L,190,ug/L,20,10,,,"Toxicological Comparison of Natural and Cultured Populations of Acartia tonsa to Cadmium, Copper, and Mercury",PRIMARY_KEEP,Eligible copepod LC50 candidate,112.414,ECOTOX_STANDARDIZED_TARGET_METAL,0.19,1.6901809383172914,0.524835587297103,HARMONIZED,ECOTOX standardized concentration used; for metal salts ECOTOX generally expresses concentration as active ionic form.,CORE,YES,20,,,C,EXISTING_MEAN_PRESERVED,10,,,0/00,EXISTING_MEAN_PRESERVED,,,,,MISSING,,,,,MISSING,ECOTOX,E_8445,E_T1111942,E_R23768,,,,,,,,F2 generation,Static,Total,ECOTOX_STANDARDIZED_TARGET_METAL,,,,,,,,,,NO_NUMERIC_PH,
193,1111941,23767,8445,Cd,Cadmium,Acartia tonsa,Calanoida,Adult,4,Static,Total,,122,60,341,ug/L,122,ug/L,20,30,,,"Toxicological Comparison of Natural and Cultured Populations of Acartia tonsa to Cadmium, Copper, and Mercury",PRIMARY_KEEP,Eligible copepod LC50 candidate,112.414,ECOTOX_STANDARDIZED_TARGET_METAL,0.122,1.0852740761826818,0.08183255986987334,HARMONIZED,ECOTOX standardized concentration used; for metal salts ECOTOX generally expresses concentration as active ionic form.,CORE,YES,20,,,C,EXISTING_MEAN_PRESERVED,30,,,0/00,EXISTING_MEAN_PRESERVED,,,,,MISSING,,,,,MISSING,ECOTOX,E_8445,E_T1111941,E_R23767,,,,,,,,Adult,Static,Total,ECOTOX_STANDARDIZED_TARGET_METAL,,,,,,,,,,NO_NUMERIC_PH,
203,1120299,126283,9365,Cd,Cadmium,Amphiascus tenuiremis,Harpacticoida,Adult,4,Static,Total,,224,213,234,ug/L,224,ug/L,20.8,30.7,7.8,,"Aqueous-, Pore-Water-, and Sediment-Phase Cadmium: Toxicity Relationships for a Meiobenthic Copepod",PRIMARY_KEEP,Eligible copepod LC50 candidate,112.414,ECOTOX_STANDARDIZED_TARGET_METAL,0.224,1.9926343693845965,0.6894575669916567,HARMONIZED,ECOTOX standardized concentration used; for metal salts ECOTOX generally expresses concentration as active ionic form.,CORE,YES,20.8,,,C,EXISTING_MEAN_PRESERVED,30.7,,,0/00,EXISTING_MEAN_PRESERVED,7.8,,,,EXISTING_MEAN_PRESERVED,,,,,MISSING,ECOTOX,E_9365,E_T1120299,E_R126283,,,,,,,,Adult,Static,Total,ECOTOX_STANDARDIZED_TARGET_METAL,,,,,,,,,7.8,ECOTOX_REPORTED_OR_REPAIRED,
206,1111940,23766,8445,Cd,Cadmium,Acartia tonsa,Calanoida,F6 generation,4,Static,Total,,220,138,313,ug/L,220,ug/L,20,10,,,"Toxicological Comparison of Natural and Cultured Populations of Acartia tonsa to Cadmium, Copper, and Mercury",PRIMARY_KEEP,Eligible copepod LC50 candidate,112.414,ECOTOX_STANDARDIZED_TARGET_METAL,0.22,1.9570516127884428,0.6714390614889784,HARMONIZED,ECOTOX standardized concentration used; for metal salts ECOTOX generally expresses concentration as active ionic form.,CORE,YES,20,,,C,EXISTING_MEAN_PRESERVED,10,,,0/00,EXISTING_MEAN_PRESERVED,,,,,MISSING,,,,,MISSING,ECOTOX,E_8445,E_T1111940,E_R23766,,,,,,,,F6 generation,Static,Total,ECOTOX_STANDARDIZED_TARGET_METAL,,,,,,,,,,NO_NUMERIC_PH,
214,1134122,107489,10900,Cd,Cadmium,Eurytemora affinis,Calanoida,Multiple,4,Static,Total,,147.7,133.1,166.1,ug/L,147.7,ug/L,15,10,,,"Effects of Copper and Cadmium on Growth, Swimming and Predator Avoidance in Eurytemora affinis (Copepoda)",PRIMARY_KEEP,Eligible copepod LC50 candidate,112.414,ECOTOX_STANDARDIZED_TARGET_METAL,0.1477,1.313893287312968,0.2729947046739509,HARMONIZED,ECOTOX standardized concentration used; for metal salts ECOTOX generally expresses concentration as active ionic form.,CORE,YES,15,,,C,EXISTING_MEAN_PRESERVED,10,,,0/00,EXISTING_MEAN_PRESERVED,,,,,MISSING,,,,,MISSING,ECOTOX,E_10900,E_T1134122,E_R107489,,,,,,,,Multiple,Static,Total,ECOTOX_STANDARDIZED_TARGET_METAL,,,,,,,,,,NO_NUMERIC_PH,
215,1111939,23765,8445,Cd,Cadmium,Acartia tonsa,Calanoida,,4,Static,Total,,90,58,135,ug/L,90,ug/L,20,10,,,"Toxicological Comparison of Natural and Cultured Populations of Acartia tonsa to Cadmium, Copper, and Mercury",PRIMARY_KEEP,Eligible copepod LC50 candidate,112.414,ECOTOX_STANDARDIZED_TARGET_METAL,0.09,0.8006120234134538,-0.22237881453311809,HARMONIZED,ECOTOX standardized concentration used; for metal salts ECOTOX generally expresses concentration as active ionic form.,CORE,YES,20,,,C,EXISTING_MEAN_PRESERVED,10,,,0/00,EXISTING_MEAN_PRESERVED,,,,,MISSING,,,,,MISSING,ECOTOX,E_8445,E_T1111939,E_R23765,,,,,,,,NOT_REPORTED,Static,Total,ECOTOX_STANDARDIZED_TARGET_METAL,,,,,,,,,,NO_NUMERIC_PH,
228,1111938,23764,8445,Cd,Cadmium,Acartia tonsa,Calanoida,,4,Static,Total,,337,184,530,ug/L,337,ug/L,20,10,,,"Toxicological Comparison of Natural and Cultured Populations of Acartia tonsa to Cadmium, Copper, and Mercury",PRIMARY_KEEP,Eligible copepod LC50 candidate,112.414,ECOTOX_STANDARDIZED_TARGET_METAL,0.337,2.997847243225933,1.0978944454889787,HARMONIZED,ECOTOX standardized concentration used; for metal salts ECOTOX generally expresses concentration as active ionic form.,CORE,YES,20,,,C,EXISTING_MEAN_PRESERVED,10,,,0/00,EXISTING_MEAN_PRESERVED,,,,,MISSING,,,,,MISSING,ECOTOX,E_8445,E_T1111938,E_R23764,,,,,,,,NOT_REPORTED,Static,Total,ECOTOX_STANDARDIZED_TARGET_METAL,,,,,,,,,,NO_NUMERIC_PH,
268,1078810,12517,6079,Cu,Copper,Calanoida,Calanoida,Adult,4,Static,Total,,60,,,ug/L,60,ug/L,21,,,,"Evaluation of Potential Indicators of Sub-Lethal Toxic Stress on Marine Zooplankton (Feeding, Fecundity, Respiration, and Excretion): Controlled Ecosystem Pollution Experiment",PRIMARY_KEEP,Eligible copepod LC50 candidate,63.546,ECOTOX_STANDARDIZED_TARGET_METAL,0.06,0.9441979038806534,-0.05741949086748648,HARMONIZED,ECOTOX standardized concentration used; for metal salts ECOTOX generally expresses concentration as active ionic form.,CORE,YES,21,,,C,EXISTING_MEAN_PRESERVED,,,,,MISSING,,,,,MISSING,,,,,MISSING,ECOTOX,E_6079,E_T1078810,E_R12517,,,,,,,,Adult,Static,Total,ECOTOX_STANDARDIZED_TARGET_METAL,,,,,,,,,,NO_NUMERIC_PH,
285,1078809,12516,6079,Cu,Copper,Calanoida,Calanoida,,4,Static,Total,,45,,,ug/L,45,ug/L,9,,,,"Evaluation of Potential Indicators of Sub-Lethal Toxic Stress on Marine Zooplankton (Feeding, Fecundity, Respiration, and Excretion): Controlled Ecosystem Pollution Experiment",PRIMARY_KEEP,Eligible copepod LC50 candidate,63.546,ECOTOX_STANDARDIZED_TARGET_METAL,0.045,0.70814842791049,-0.3451015633192674,HARMONIZED,ECOTOX standardized concentration used; for metal salts ECOTOX generally expresses concentration as active ionic form.,CORE,YES,9,,,C,EXISTING_MEAN_PRESERVED,,,,,MISSING,,,,,MISSING,,,,,MISSING,ECOTOX,E_6079,E_T1078809,E_R12516,,,,,,,,NOT_REPORTED,Static,Total,ECOTOX_STANDARDIZED_TARGET_METAL,,,,,,,,,,NO_NUMERIC_PH,
322,1078811,12518,6079,Cu,Copper,Calanoida,Calanoida,,2,Static,Total,,105,,,ug/L,105,ug/L,9,,,,"Evaluation of Potential Indicators of Sub-Lethal Toxic Stress on Marine Zooplankton (Feeding, Fecundity, Respiration, and Excretion): Controlled Ecosystem Pollution Experiment",PRIMARY_KEEP,Eligible copepod LC50 candidate,63.546,ECOTOX_STANDARDIZED_TARGET_METAL,0.105,1.6523463317911435,0.5021962970679362,HARMONIZED,ECOTOX standardized concentration used; for metal salts ECOTOX generally expresses concentration as active ionic form.,CORE,YES,9,,,C,EXISTING_MEAN_PRESERVED,,,,,MISSING,,,,,MISSING,,,,,MISSING,ECOTOX,E_6079,E_T1078811,E_R12518,,,,,,,,NOT_REPORTED,Static,Total,ECOTOX_STANDARDIZED_TARGET_METAL,,,,,,,,,,NO_NUMERIC_PH,
324,1078808,12515,6079,Cu,Copper,Calanoida,Calanoida,Juvenile,4,Static,Total,,52,,,ug/L,52,ug/L,9,,,,"Evaluation of Potential Indicators of Sub-Lethal Toxic Stress on Marine Zooplankton (Feeding, Fecundity, Respiration, and Excretion): Controlled Ecosystem Pollution Experiment",PRIMARY_KEEP,Eligible copepod LC50 candidate,63.546,ECOTOX_STANDARDIZED_TARGET_METAL,0.052,0.8183048500298996,-0.2005203345081598,HARMONIZED,ECOTOX standardized concentration used; for metal salts ECOTOX generally expresses concentration as active ionic form.,CORE,YES,9,,,C,EXISTING_MEAN_PRESERVED,,,,,MISSING,,,,,MISSING,,,,,MISSING,ECOTOX,E_6079,E_T1078808,E_R12515,,,,,,,,Juvenile,Static,Total,ECOTOX_STANDARDIZED_TARGET_METAL,,,,,,,,,,NO_NUMERIC_PH,
348,1111945,23785,8445,Cu,Copper,Acartia tonsa,Calanoida,Adult,4,Static,Total,,17,9,29,ug/L,17,ug/L,20,30,,,"Toxicological Comparison of Natural and Cultured Populations of Acartia tonsa to Cadmium, Copper, and Mercury",PRIMARY_KEEP,Eligible copepod LC50 candidate,63.546,ECOTOX_STANDARDIZED_TARGET_METAL,0.017,0.2675227394328518,-1.318550709033371,HARMONIZED,ECOTOX standardized concentration used; for metal salts ECOTOX generally expresses concentration as active ionic form.,CORE,YES,20,,,C,EXISTING_MEAN_PRESERVED,30,,,0/00,EXISTING_MEAN_PRESERVED,,,,,MISSING,,,,,MISSING,ECOTOX,E_8445,E_T1111945,E_R23785,,,,,,,,Adult,Static,Total,ECOTOX_STANDARDIZED_TARGET_METAL,,,,,,,,,,NO_NUMERIC_PH,
349,1047099,115192,2977,Cu,Copper,Tigriopus californicus,Harpacticoida,Nauplii,4,Renewal,Total,,2.5,0.9,3.9,M,2.5,M,,35,,,"Copper Tolerance of the Life History Stages of the Splashpool Copepod Tigriopus californicus (Copepoda, Harpacticoida)",PRIMARY_KEEP,Eligible copepod LC50 candidate,63.546,SOURCE_VERIFIED_MICROMOLAR,0.158865,2.5,0.9162907318741552,HARMONIZED,"O'Brien et al. (1988), Table 1, p. 61: total dissolved Cu LC50 in 10^-6 M. Analysis_Point is used directly as umol Cu/L; LC95 and cupric-ion-activity columns are not used.",CORE,YES,,,,,MISSING,35,,,0/00,EXISTING_MEAN_PRESERVED,,,,,MISSING,,,,,MISSING,ECOTOX,E_2977,E_T1047099,E_R115192,,,,,,,,Nauplii,Renewal,Total,SOURCE_VERIFIED_MICROMOLAR,,,,,,,,,,NO_NUMERIC_PH,
350,1252479,700796,59877,Cu,Copper,Amphiascus tenuiremis,Harpacticoida,,4,Static,Total,,124.6,,,ug/L,124.6,ug/L,20,30,7.9,,"Acute Toxicity of Five Sediment-Associated Metals, Individually and in a Mixture, to the Estuarine Meiobenthic Harpacticoid Copepod Amphiascus tenuiremis",PRIMARY_KEEP,Eligible copepod LC50 candidate,63.546,ECOTOX_STANDARDIZED_TARGET_METAL,0.1246,1.96078431372549,0.6733445532637655,HARMONIZED,ECOTOX standardized concentration used; for metal salts ECOTOX generally expresses concentration as active ionic form.,CORE,YES,20,,,C,EXISTING_MEAN_PRESERVED,30,,,0/00,EXISTING_MEAN_PRESERVED,7.9,,,,EXISTING_MEAN_PRESERVED,,,,,MISSING,ECOTOX,E_59877,E_T1252479,E_R700796,,,,,,,,NOT_REPORTED,Static,Total,ECOTOX_STANDARDIZED_TARGET_METAL,,,,,,,,,7.9,ECOTOX_REPORTED_OR_REPAIRED,
351,1047101,115194,2977,Cu,Copper,Tigriopus californicus,Harpacticoida,Nauplii,4,Renewal,Total,,4.1,3.3,5,M,4.1,M,,35,,,"Copper Tolerance of the Life History Stages of the Splashpool Copepod Tigriopus californicus (Copepoda, Harpacticoida)",PRIMARY_KEEP,Eligible copepod LC50 candidate,63.546,SOURCE_VERIFIED_MICROMOLAR,0.26053859999999995,4.1,1.410986973710262,HARMONIZED,"O'Brien et al. (1988), Table 1, p. 61: total dissolved Cu LC50 in 10^-6 M. Analysis_Point is used directly as umol Cu/L; LC95 and cupric-ion-activity columns are not used.",CORE,YES,,,,,MISSING,35,,,0/00,EXISTING_MEAN_PRESERVED,,,,,MISSING,,,,,MISSING,ECOTOX,E_2977,E_T1047101,E_R115194,,,,,,,,Nauplii,Renewal,Total,SOURCE_VERIFIED_MICROMOLAR,,,,,,,,,,NO_NUMERIC_PH,
352,1047097,115190,2977,Cu,Copper,Tigriopus californicus,Harpacticoida,Nauplii,4,Renewal,Total,,1.2,0.6,1.6,M,1.2,M,,35,,,"Copper Tolerance of the Life History Stages of the Splashpool Copepod Tigriopus californicus (Copepoda, Harpacticoida)",PRIMARY_KEEP,Eligible copepod LC50 candidate,63.546,SOURCE_VERIFIED_MICROMOLAR,0.0762552,1.2,0.1823215567939546,HARMONIZED,"O'Brien et al. (1988), Table 1, p. 61: total dissolved Cu LC50 in 10^-6 M. Analysis_Point is used directly as umol Cu/L; LC95 and cupric-ion-activity columns are not used.",CORE,YES,,,,,MISSING,35,,,0/00,EXISTING_MEAN_PRESERVED,,,,,MISSING,,,,,MISSING,ECOTOX,E_2977,E_T1047097,E_R115190,,,,,,,,Nauplii,Renewal,Total,SOURCE_VERIFIED_MICROMOLAR,,,,,,,,,,NO_NUMERIC_PH,
353,1134112,107408,10900,Cu,Copper,Eurytemora affinis,Calanoida,Multiple,4,Static,Total,,31.1,,,ug/L,31.1,ug/L,15,10,,,"Effects of Copper and Cadmium on Growth, Swimming and Predator Avoidance in Eurytemora affinis (Copepoda)",PRIMARY_KEEP,Eligible copepod LC50 candidate,63.546,ECOTOX_STANDARDIZED_TARGET_METAL,0.0311,0.48940924684480536,-0.7145562339043987,HARMONIZED,ECOTOX standardized concentration used; for metal salts ECOTOX generally expresses concentration as active ionic form.,CORE,YES,15,,,C,EXISTING_MEAN_PRESERVED,10,,,0/00,EXISTING_MEAN_PRESERVED,,,,,MISSING,,,,,MISSING,ECOTOX,E_10900,E_T1134112,E_R107408,,,,,,,,Multiple,Static,Total,ECOTOX_STANDARDIZED_TARGET_METAL,,,,,,,,,,NO_NUMERIC_PH,
354,1047100,115193,2977,Cu,Copper,Tigriopus californicus,Harpacticoida,Nauplii,4,Renewal,Total,,2.9,1.5,4.2,M,2.9,M,,35,,,"Copper Tolerance of the Life History Stages of the Splashpool Copepod Tigriopus californicus (Copepoda, Harpacticoida)",PRIMARY_KEEP,Eligible copepod LC50 candidate,63.546,SOURCE_VERIFIED_MICROMOLAR,0.18428340000000001,2.9,1.0647107369924282,HARMONIZED,"O'Brien et al. (1988), Table 1, p. 61: total dissolved Cu LC50 in 10^-6 M. Analysis_Point is used directly as umol Cu/L; LC95 and cupric-ion-activity columns are not used.",CORE,YES,,,,,MISSING,35,,,0/00,EXISTING_MEAN_PRESERVED,,,,,MISSING,,,,,MISSING,ECOTOX,E_2977,E_T1047100,E_R115193,,,,,,,,Nauplii,Renewal,Total,SOURCE_VERIFIED_MICROMOLAR,,,,,,,,,,NO_NUMERIC_PH,
355,1134111,107407,10900,Cu,Copper,Eurytemora affinis,Calanoida,Multiple,4,Static,Total,,30.6,,,ug/L,30.6,ug/L,15,10,,,"Effects of Copper and Cadmium on Growth, Swimming and Predator Avoidance in Eurytemora affinis (Copepoda)",PRIMARY_KEEP,Eligible copepod LC50 candidate,63.546,ECOTOX_STANDARDIZED_TARGET_METAL,0.0306,0.48154093097913325,-0.7307640441312521,HARMONIZED,ECOTOX standardized concentration used; for metal salts ECOTOX generally expresses concentration as active ionic form.,CORE,YES,15,,,C,EXISTING_MEAN_PRESERVED,10,,,0/00,EXISTING_MEAN_PRESERVED,,,,,MISSING,,,,,MISSING,ECOTOX,E_10900,E_T1134111,E_R107407,,,,,,,,Multiple,Static,Total,ECOTOX_STANDARDIZED_TARGET_METAL,,,,,,,,,,NO_NUMERIC_PH,
356,1134115,107411,10900,Cu,Copper,Eurytemora affinis,Calanoida,Multiple,4,Static,Total,,33.7,24,46,ug/L,33.7,ug/L,15,10,,,"Effects of Copper and Cadmium on Growth, Swimming and Predator Avoidance in Eurytemora affinis (Copepoda)",PRIMARY_KEEP,Eligible copepod LC50 candidate,63.546,ECOTOX_STANDARDIZED_TARGET_METAL,0.0337,0.5303244893463004,-0.634266215731271,HARMONIZED,ECOTOX standardized concentration used; for metal salts ECOTOX generally expresses concentration as active ionic form.,CORE,YES,15,,,C,EXISTING_MEAN_PRESERVED,10,,,0/00,EXISTING_MEAN_PRESERVED,,,,,MISSING,,,,,MISSING,ECOTOX,E_10900,E_T1134115,E_R107411,,,,,,,,Multiple,Static,Total,ECOTOX_STANDARDIZED_TARGET_METAL,,,,,,,,,,NO_NUMERIC_PH,
357,1134113,107409,10900,Cu,Copper,Eurytemora affinis,Calanoida,Multiple,4,Static,Total,,28.7,,,ug/L,28.7,ug/L,15,10,,,"Effects of Copper and Cadmium on Growth, Swimming and Predator Avoidance in Eurytemora affinis (Copepoda)",PRIMARY_KEEP,Eligible copepod LC50 candidate,63.546,ECOTOX_STANDARDIZED_TARGET_METAL,0.0287,0.4516413306895792,-0.7948669303240118,HARMONIZED,ECOTOX standardized concentration used; for metal salts ECOTOX generally expresses concentration as active ionic form.,CORE,YES,15,,,C,EXISTING_MEAN_PRESERVED,10,,,0/00,EXISTING_MEAN_PRESERVED,,,,,MISSING,,,,,MISSING,ECOTOX,E_10900,E_T1134113,E_R107409,,,,,,,,Multiple,Static,Total,ECOTOX_STANDARDIZED_TARGET_METAL,,,,,,,,,,NO_NUMERIC_PH,
358,1047096,115189,2977,Cu,Copper,Tigriopus californicus,Harpacticoida,Egg,4,Renewal,Total,,3.6,1.2,6.2,M,3.6,M,,35,,,"Copper Tolerance of the Life History Stages of the Splashpool Copepod Tigriopus californicus (Copepoda, Harpacticoida)",PRIMARY_KEEP,Eligible copepod LC50 candidate,63.546,SOURCE_VERIFIED_MICROMOLAR,0.2287656,3.6,1.2809338454620642,HARMONIZED,"O'Brien et al. (1988), Table 1, p. 61: total dissolved Cu LC50 in 10^-6 M. Analysis_Point is used directly as umol Cu/L; LC95 and cupric-ion-activity columns are not used.",CORE,YES,,,,,MISSING,35,,,0/00,EXISTING_MEAN_PRESERVED,,,,,MISSING,,,,,MISSING,ECOTOX,E_2977,E_T1047096,E_R115189,,,,,,,,Egg,Renewal,Total,SOURCE_VERIFIED_MICROMOLAR,,,,,,,,,,NO_NUMERIC_PH,
359,1111944,23784,8445,Cu,Copper,Acartia tonsa,Calanoida,F6 generation,4,Static,Total,,55,36,76,ug/L,55,ug/L,20,10,,,"Toxicological Comparison of Natural and Cultured Populations of Acartia tonsa to Cadmium, Copper, and Mercury",PRIMARY_KEEP,Eligible copepod LC50 candidate,63.546,ECOTOX_STANDARDIZED_TARGET_METAL,0.055,0.8655147452239322,-0.14443086785711629,HARMONIZED,ECOTOX standardized concentration used; for metal salts ECOTOX generally expresses concentration as active ionic form.,CORE,YES,20,,,C,EXISTING_MEAN_PRESERVED,10,,,0/00,EXISTING_MEAN_PRESERVED,,,,,MISSING,,,,,MISSING,ECOTOX,E_8445,E_T1111944,E_R23784,,,,,,,,F6 generation,Static,Total,ECOTOX_STANDARDIZED_TARGET_METAL,,,,,,,,,,NO_NUMERIC_PH,
360,1047106,115199,2977,Cu,Copper,Tigriopus californicus,Harpacticoida,Copepodite,4,Renewal,Total,,6.2,3.9,7.9,M,6.2,M,,35,,,"Copper Tolerance of the Life History Stages of the Splashpool Copepod Tigriopus californicus (Copepoda, Harpacticoida)",PRIMARY_KEEP,Eligible copepod LC50 candidate,63.546,SOURCE_VERIFIED_MICROMOLAR,0.3939852,6.2,1.824549292051046,HARMONIZED,"O'Brien et al. (1988), Table 1, p. 61: total dissolved Cu LC50 in 10^-6 M. Analysis_Point is used directly as umol Cu/L; LC95 and cupric-ion-activity columns are not used.",CORE,YES,,,,,MISSING,35,,,0/00,EXISTING_MEAN_PRESERVED,,,,,MISSING,,,,,MISSING,ECOTOX,E_2977,E_T1047106,E_R115199,,,,,,,,Copepodite,Renewal,Total,SOURCE_VERIFIED_MICROMOLAR,,,,,,,,,,NO_NUMERIC_PH,
361,1047104,115197,2977,Cu,Copper,Tigriopus californicus,Harpacticoida,Copepodite,4,Renewal,Total,,7.8,4.5,11.5,M,7.8,M,,35,,,"Copper Tolerance of the Life History Stages of the Splashpool Copepod Tigriopus californicus (Copepoda, Harpacticoida)",PRIMARY_KEEP,Eligible copepod LC50 candidate,63.546,SOURCE_VERIFIED_MICROMOLAR,0.4956588,7.8,2.0541237336955462,HARMONIZED,"O'Brien et al. (1988), Table 1, p. 61: total dissolved Cu LC50 in 10^-6 M. Analysis_Point is used directly as umol Cu/L; LC95 and cupric-ion-activity columns are not used.",CORE,YES,,,,,MISSING,35,,,0/00,EXISTING_MEAN_PRESERVED,,,,,MISSING,,,,,MISSING,ECOTOX,E_2977,E_T1047104,E_R115197,,,,,,,,Copepodite,Renewal,Total,SOURCE_VERIFIED_MICROMOLAR,,,,,,,,,,NO_NUMERIC_PH,
362,1047102,115195,2977,Cu,Copper,Tigriopus californicus,Harpacticoida,Nauplii,4,Renewal,Total,,4.8,3.5,6.1,M,4.8,M,,35,,,"Copper Tolerance of the Life History Stages of the Splashpool Copepod Tigriopus californicus (Copepoda, Harpacticoida)",PRIMARY_KEEP,Eligible copepod LC50 candidate,63.546,SOURCE_VERIFIED_MICROMOLAR,0.3050208,4.8,1.5686159179138452,HARMONIZED,"O'Brien et al. (1988), Table 1, p. 61: total dissolved Cu LC50 in 10^-6 M. Analysis_Point is used directly as umol Cu/L; LC95 and cupric-ion-activity columns are not used.",CORE,YES,,,,,MISSING,35,,,0/00,EXISTING_MEAN_PRESERVED,,,,,MISSING,,,,,MISSING,ECOTOX,E_2977,E_T1047102,E_R115195,,,,,,,,Nauplii,Renewal,Total,SOURCE_VERIFIED_MICROMOLAR,,,,,,,,,,NO_NUMERIC_PH,
363,1111943,23783,8445,Cu,Copper,Acartia tonsa,Calanoida,,4,Static,Total,,31,21,44,ug/L,31,ug/L,20,10,,,"Toxicological Comparison of Natural and Cultured Populations of Acartia tonsa to Cadmium, Copper, and Mercury",PRIMARY_KEEP,Eligible copepod LC50 candidate,63.546,ECOTOX_STANDARDIZED_TARGET_METAL,0.031,0.4878355836716709,-0.7177768486044409,HARMONIZED,ECOTOX standardized concentration used; for metal salts ECOTOX generally expresses concentration as active ionic form.,CORE,YES,20,,,C,EXISTING_MEAN_PRESERVED,10,,,0/00,EXISTING_MEAN_PRESERVED,,,,,MISSING,,,,,MISSING,ECOTOX,E_8445,E_T1111943,E_R23783,,,,,,,,NOT_REPORTED,Static,Total,ECOTOX_STANDARDIZED_TARGET_METAL,,,,,,,,,,NO_NUMERIC_PH,
364,1111946,23786,8445,Cu,Copper,Acartia tonsa,Calanoida,F2 generation,4,Static,Total,,64,,,ug/L,64,ug/L,20,10,,,"Toxicological Comparison of Natural and Cultured Populations of Acartia tonsa to Cadmium, Copper, and Mercury",PRIMARY_KEEP,Eligible copepod LC50 candidate,63.546,ECOTOX_STANDARDIZED_TARGET_METAL,0.064,1.0071444308060302,0.00711903027008462,HARMONIZED,ECOTOX standardized concentration used; for metal salts ECOTOX generally expresses concentration as active ionic form.,CORE,YES,20,,,C,EXISTING_MEAN_PRESERVED,10,,,0/00,EXISTING_MEAN_PRESERVED,,,,,MISSING,,,,,MISSING,ECOTOX,E_8445,E_T1111946,E_R23786,,,,,,,,F2 generation,Static,Total,ECOTOX_STANDARDIZED_TARGET_METAL,,,,,,,,,,NO_NUMERIC_PH,
365,1047098,115191,2977,Cu,Copper,Tigriopus californicus,Harpacticoida,Nauplii,4,Renewal,Total,,0.3,0.02,2,M,0.3,M,,35,,,"Copper Tolerance of the Life History Stages of the Splashpool Copepod Tigriopus californicus (Copepoda, Harpacticoida)",PRIMARY_KEEP,Eligible copepod LC50 candidate,63.546,SOURCE_VERIFIED_MICROMOLAR,0.0190638,0.3,-1.203972804325936,HARMONIZED,"O'Brien et al. (1988), Table 1, p. 61: total dissolved Cu LC50 in 10^-6 M. Analysis_Point is used directly as umol Cu/L; LC95 and cupric-ion-activity columns are not used.",CORE,YES,,,,,MISSING,35,,,0/00,EXISTING_MEAN_PRESERVED,,,,,MISSING,,,,,MISSING,ECOTOX,E_2977,E_T1047098,E_R115191,,,,,,,,Nauplii,Renewal,Total,SOURCE_VERIFIED_MICROMOLAR,,,,,,,,,,NO_NUMERIC_PH,
366,1047103,115196,2977,Cu,Copper,Tigriopus californicus,Harpacticoida,Copepodite,4,Renewal,Total,,5.9,4.6,7.2,M,5.9,M,,35,,,"Copper Tolerance of the Life History Stages of the Splashpool Copepod Tigriopus californicus (Copepoda, Harpacticoida)",PRIMARY_KEEP,Eligible copepod LC50 candidate,63.546,SOURCE_VERIFIED_MICROMOLAR,0.3749214,5.9,1.7749523509116738,HARMONIZED,"O'Brien et al. (1988), Table 1, p. 61: total dissolved Cu LC50 in 10^-6 M. Analysis_Point is used directly as umol Cu/L; LC95 and cupric-ion-activity columns are not used.",CORE,YES,,,,,MISSING,35,,,0/00,EXISTING_MEAN_PRESERVED,,,,,MISSING,,,,,MISSING,ECOTOX,E_2977,E_T1047103,E_R115196,,,,,,,,Copepodite,Renewal,Total,SOURCE_VERIFIED_MICROMOLAR,,,,,,,,,,NO_NUMERIC_PH,
367,1047105,115198,2977,Cu,Copper,Tigriopus californicus,Harpacticoida,Copepodite,4,Renewal,Total,,6.5,5,8.2,M,6.5,M,,35,,,"Copper Tolerance of the Life History Stages of the Splashpool Copepod Tigriopus californicus (Copepoda, Harpacticoida)",PRIMARY_KEEP,Eligible copepod LC50 candidate,63.546,SOURCE_VERIFIED_MICROMOLAR,0.413049,6.5,1.8718021769015911,HARMONIZED,"O'Brien et al. (1988), Table 1, p. 61: total dissolved Cu LC50 in 10^-6 M. Analysis_Point is used directly as umol Cu/L; LC95 and cupric-ion-activity columns are not used.",CORE,YES,,,,,MISSING,35,,,0/00,EXISTING_MEAN_PRESERVED,,,,,MISSING,,,,,MISSING,ECOTOX,E_2977,E_T1047105,E_R115198,,,,,,,,Copepodite,Renewal,Total,SOURCE_VERIFIED_MICROMOLAR,,,,,,,,,,NO_NUMERIC_PH,
368,1047107,115200,2977,Cu,Copper,Tigriopus californicus,Harpacticoida,Copepodite,4,Renewal,Total,,6.2,4.5,7.9,M,6.2,M,,35,,,"Copper Tolerance of the Life History Stages of the Splashpool Copepod Tigriopus californicus (Copepoda, Harpacticoida)",PRIMARY_KEEP,Eligible copepod LC50 candidate,63.546,SOURCE_VERIFIED_MICROMOLAR,0.3939852,6.2,1.824549292051046,HARMONIZED,"O'Brien et al. (1988), Table 1, p. 61: total dissolved Cu LC50 in 10^-6 M. Analysis_Point is used directly as umol Cu/L; LC95 and cupric-ion-activity columns are not used.",CORE,YES,,,,,MISSING,35,,,0/00,EXISTING_MEAN_PRESERVED,,,,,MISSING,,,,,MISSING,ECOTOX,E_2977,E_T1047107,E_R115200,,,,,,,,Copepodite,Renewal,Total,SOURCE_VERIFIED_MICROMOLAR,,,,,,,,,,NO_NUMERIC_PH,
369,1134114,107410,10900,Cu,Copper,Eurytemora affinis,Calanoida,Multiple,4,Static,Total,,7.5,1.5,44.7,ug/L,7.5,ug/L,15,10,,,"Effects of Copper and Cadmium on Growth, Swimming and Predator Avoidance in Eurytemora affinis (Copepoda)",PRIMARY_KEEP,Eligible copepod LC50 candidate,63.546,ECOTOX_STANDARDIZED_TARGET_METAL,0.0075,0.11802473798508167,-2.1368610325473223,HARMONIZED,ECOTOX standardized concentration used; for metal salts ECOTOX generally expresses concentration as active ionic form.,CORE,YES,15,,,C,EXISTING_MEAN_PRESERVED,10,,,0/00,EXISTING_MEAN_PRESERVED,,,,,MISSING,,,,,MISSING,ECOTOX,E_10900,E_T1134114,E_R107410,,,,,,,,Multiple,Static,Total,ECOTOX_STANDARDIZED_TARGET_METAL,,,,,,,,,,NO_NUMERIC_PH,
370,1047108,115201,2977,Cu,Copper,Tigriopus californicus,Harpacticoida,Adult,4,Renewal,Total,,12,10,14,M,12,M,,35,,,"Copper Tolerance of the Life History Stages of the Splashpool Copepod Tigriopus californicus (Copepoda, Harpacticoida)",PRIMARY_KEEP,Eligible copepod LC50 candidate,63.546,SOURCE_VERIFIED_MICROMOLAR,0.762552,12,2.4849066497880004,HARMONIZED,"O'Brien et al. (1988), Table 1, p. 61: total dissolved Cu LC50 in 10^-6 M. Analysis_Point is used directly as umol Cu/L; LC95 and cupric-ion-activity columns are not used.",CORE,YES,,,,,MISSING,35,,,0/00,EXISTING_MEAN_PRESERVED,,,,,MISSING,,,,,MISSING,ECOTOX,E_2977,E_T1047108,E_R115201,,,,,,,,Adult,Renewal,Total,SOURCE_VERIFIED_MICROMOLAR,,,,,,,,,,NO_NUMERIC_PH,
392,1053485,129448,3734,Zn,Zinc,Pseudodiaptomus coronatus,Calanoida,,4,Static,Total,,1783,1490,2090,ug/L,1783,ug/L,20,30,,,Unpublished Laboratory Data,PRIMARY_KEEP,Eligible copepod LC50 candidate,65.38,ECOTOX_STANDARDIZED_TARGET_METAL,1.783,27.271336800244725,3.305836216567076,HARMONIZED,ECOTOX standardized concentration used; for metal salts ECOTOX generally expresses concentration as active ionic form.,CORE,YES,20,,,C,EXISTING_MEAN_PRESERVED,30,,,0/00,EXISTING_MEAN_PRESERVED,,,,,MISSING,,,,,MISSING,ECOTOX,E_3734,E_T1053485,E_R129448,,,,,,,,NOT_REPORTED,Static,Total,ECOTOX_STANDARDIZED_TARGET_METAL,,,,,,,,,,NO_NUMERIC_PH,
403,1053484,129447,3734,Zn,Zinc,Acartia clausi,Calanoida,,4,Static,Total,,950,712,1338,ug/L,950,ug/L,10,30,,,Unpublished Laboratory Data,PRIMARY_KEEP,Eligible copepod LC50 candidate,65.38,ECOTOX_STANDARDIZED_TARGET_METAL,0.95,14.530437442643011,2.676245583298522,HARMONIZED,ECOTOX standardized concentration used; for metal salts ECOTOX generally expresses concentration as active ionic form.,CORE,YES,10,,,C,EXISTING_MEAN_PRESERVED,30,,,0/00,EXISTING_MEAN_PRESERVED,,,,,MISSING,,,,,MISSING,ECOTOX,E_3734,E_T1053484,E_R129447,,,,,,,,NOT_REPORTED,Static,Total,ECOTOX_STANDARDIZED_TARGET_METAL,,,,,,,,,,NO_NUMERIC_PH,
404,1053486,129449,3734,Zn,Zinc,Eurytemora affinis,Calanoida,,4,Static,Total,,4090,3170,4960,ug/L,4090,ug/L,20,30,,,Unpublished Laboratory Data,PRIMARY_KEEP,Eligible copepod LC50 candidate,65.38,ECOTOX_STANDARDIZED_TARGET_METAL,4.09,62.55735698990517,4.136083847740783,HARMONIZED,ECOTOX standardized concentration used; for metal salts ECOTOX generally expresses concentration as active ionic form.,CORE,YES,20,,,C,EXISTING_MEAN_PRESERVED,30,,,0/00,EXISTING_MEAN_PRESERVED,,,,,MISSING,,,,,MISSING,ECOTOX,E_3734,E_T1053486,E_R129449,,,,,,,,NOT_REPORTED,Static,Total,ECOTOX_STANDARDIZED_TARGET_METAL,,,,,,,,,,NO_NUMERIC_PH,
405,1053483,129446,3734,Zn,Zinc,Acartia tonsa,Calanoida,,4,Static,Total,,290,180,440,ug/L,290,ug/L,20,30,,,Unpublished Laboratory Data,PRIMARY_KEEP,Eligible copepod LC50 candidate,65.38,ECOTOX_STANDARDIZED_TARGET_METAL,0.29,4.4356072193331295,1.4896645216844553,HARMONIZED,ECOTOX standardized concentration used; for metal salts ECOTOX generally expresses concentration as active ionic form.,CORE,YES,20,,,C,EXISTING_MEAN_PRESERVED,30,,,0/00,EXISTING_MEAN_PRESERVED,,,,,MISSING,,,,,MISSING,ECOTOX,E_3734,E_T1053483,E_R129446,,,,,,,,NOT_REPORTED,Static,Total,ECOTOX_STANDARDIZED_TARGET_METAL,,,,,,,,,,NO_NUMERIC_PH,
410,2154475,2295509,166814,Cu,Copper chloride (CuCl2),Tigriopus fulvus,Harpacticoida,Nauplii,4,Static,Total,,50,,,ug/L,50,ug/L,20,38,,,"Toxicity Assessment of Copper, Pentachlorophenol and Phenanthrene by Lethal and Sublethal Endpoints on Nauplii of Tigriopus fulvus",PRIMARY_KEEP,Eligible copepod LC50 candidate,63.546,ECOTOX_STANDARDIZED_TARGET_METAL,0.05,0.7868315865672112,-0.23974104766144105,HARMONIZED,ECOTOX standardized concentration used; for metal salts ECOTOX generally expresses concentration as active ionic form.,CORE,YES,20,,,C,EXISTING_MEAN_PRESERVED,38,,,0/00,EXISTING_MEAN_PRESERVED,,,,,MISSING,,,,,MISSING,ECOTOX,E_166814,E_T2154475,E_R2295509,,,,,,,,Nauplii,Static,Total,ECOTOX_STANDARDIZED_TARGET_METAL,,,,,,,,,,NO_NUMERIC_PH,
501,2148070,2282197,169914,Cu,Copper chloride (CuCl2),Tigriopus fulvus,Harpacticoida,Nauplii,4,"Aquatic, unspecified",Total,,0.14,,,mg/L,0.14,mg/L,,,,,Preliminary Assessment of Ostreopsis cfr. ovata Acute Toxicity by Using a Battery Bioassay,PRIMARY_KEEP,Eligible copepod LC50 candidate,63.546,ECOTOX_STANDARDIZED_TARGET_METAL,0.14,2.2031284423881914,0.7898783695197172,HARMONIZED,ECOTOX standardized concentration used; for metal salts ECOTOX generally expresses concentration as active ionic form.,CORE,YES,,,,,MISSING,,,,,MISSING,,,,,MISSING,,,,,MISSING,ECOTOX,E_169914,E_T2148070,E_R2282197,,,,,,,,Nauplii,"Aquatic, unspecified",Total,ECOTOX_STANDARDIZED_TARGET_METAL,,,,,,,,,,NO_NUMERIC_PH,
531,2142112,2267554,166161,Cu,Copper chloride (CuCl2),Amphiascoides atopus,Harpacticoida,Adult,4,"Aquatic, unspecified",Dissolved,,334.24,280.6,396.1,ug/L,334.24,ug/L,,30,,,Dietary Carotenoids Regulate Astaxanthin Content of Copepods and Modulate Their Susceptibility to UV Light and Copper Toxicity,PRIMARY_KEEP,Eligible copepod LC50 candidate,63.546,ECOTOX_STANDARDIZED_TARGET_METAL,0.33424,5.259811789884493,1.6600952447186683,HARMONIZED,ECOTOX standardized concentration used; for metal salts ECOTOX generally expresses concentration as active ionic form.,CORE,YES,,,,,MISSING,30,,,0/00,EXISTING_MEAN_PRESERVED,,,,,MISSING,,,,,MISSING,ECOTOX,E_166161,E_T2142112,E_R2267554,,,,,,,,Adult,"Aquatic, unspecified",Dissolved,ECOTOX_STANDARDIZED_TARGET_METAL,,,,,,,,,,NO_NUMERIC_PH,
541,1202376,128159,18395,Cu,Copper chloride (CuCl2),Eurytemora affinis,Calanoida,Nauplii,4,Renewal,Dissolved,,69.4,60.7,79.45,ug/L,69.4,ug/L,24.55,15.5,8.350000000000001,,Acute and Chronic Toxicity of Copper to the Estuarine Copepod Eurytemora affinis: Influence of Organic Complexation and Speciation,PRIMARY_KEEP,Eligible copepod LC50 candidate,63.546,ECOTOX_STANDARDIZED_TARGET_METAL,0.0694,1.0921222421552892,0.08812281442317174,HARMONIZED,ECOTOX standardized concentration used; for metal salts ECOTOX generally expresses concentration as active ionic form.,CORE,YES,,24,25.1,C,RAW_RANGE_MIDPOINT_RECOVERED,,15,16,0/00,RAW_RANGE_MIDPOINT_RECOVERED,,7.9,8.8,,RAW_RANGE_MIDPOINT_RECOVERED,,,,,MISSING,ECOTOX,E_18395,E_T1202376,E_R128159,,,,,,,,Nauplii,Renewal,Dissolved,ECOTOX_STANDARDIZED_TARGET_METAL,,,,,,,,,8.350000000000001,ECOTOX_REPORTED_OR_REPAIRED,
545,2145455,2274198,169337,Cu,Copper chloride (CuCl2),Nitocra spinipes,Harpacticoida,,4,Static,Total,,2100,1800,2700,ug/L,2100,ug/L,22,7,8.2,,Comparison of Toxicity and Release Rates of Cu and Zn from Anti-Fouling Paints Leached in Natural and Artificial Brackish Seawater,PRIMARY_KEEP,Eligible copepod LC50 candidate,63.546,ECOTOX_STANDARDIZED_TARGET_METAL,2.1,33.04692663582287,3.4979285706219274,HARMONIZED,ECOTOX standardized concentration used; for metal salts ECOTOX generally expresses concentration as active ionic form.,CORE,YES,22,,,C,EXISTING_MEAN_PRESERVED,7,,,0/00,EXISTING_MEAN_PRESERVED,8.2,,,,EXISTING_MEAN_PRESERVED,,,,,MISSING,ECOTOX,E_169337,E_T2145455,E_R2274198,,,,,,,,NOT_REPORTED,Static,Total,ECOTOX_STANDARDIZED_TARGET_METAL,,,,,,,,,8.2,ECOTOX_REPORTED_OR_REPAIRED,
548,2140664,2263491,166133,Cu,Copper chloride (CuCl2),Acartia tonsa,Calanoida,Multiple,2,Renewal,Dissolved,,67.4,43.2,92.9,ug/L,67.4,ug/L,20,15,7.21,0.1,Acute Waterborne Copper Toxicity to the Euryhaline Copepod Acartia tonsa at Different Salinities:  Influence of Natural Freshwater and Marine Dissolved Organic Matter,PRIMARY_KEEP,Eligible copepod LC50 candidate,63.546,ECOTOX_STANDARDIZED_TARGET_METAL,0.0674,1.0606489786926008,0.05888096482867431,HARMONIZED,ECOTOX standardized concentration used; for metal salts ECOTOX generally expresses concentration as active ionic form.,CORE,YES,20,,,C,EXISTING_MEAN_PRESERVED,15,,,0/00,EXISTING_MEAN_PRESERVED,7.21,,,,EXISTING_MEAN_PRESERVED,0.1,,,mg/L,EXISTING_MEAN_PRESERVED,ECOTOX,E_166133,E_T2140664,E_R2263491,,,,,,,,Multiple,Renewal,Dissolved,ECOTOX_STANDARDIZED_TARGET_METAL,,,,,,,,,7.21,ECOTOX_REPORTED_OR_REPAIRED,
552,1312979,770475,107036,Cu,Copper chloride (CuCl2),Eurytemora affinis,Calanoida,Nauplii,4,Static,Dissolved,,104,94.2,109,ug/L,104,ug/L,24.9,5,8.375,2.915,"The Influence of Salinity and Dissolved Organic Carbon on the Toxicity of Copper to the Estuarine Copepod, Eurytemora affinis",PRIMARY_KEEP,Eligible copepod LC50 candidate,63.546,ECOTOX_STANDARDIZED_TARGET_METAL,0.104,1.6366097000597992,0.4926268460517855,HARMONIZED,ECOTOX standardized concentration used; for metal salts ECOTOX generally expresses concentration as active ionic form.,CORE,YES,,24.5,25.3,C,RAW_RANGE_MIDPOINT_RECOVERED,5,,,0/00,EXISTING_MEAN_PRESERVED,,8.25,8.5,,RAW_RANGE_MIDPOINT_RECOVERED,,2.77,3.06,mg/L,RAW_RANGE_MIDPOINT_RECOVERED,ECOTOX,E_107036,E_T1312979,E_R770475,,,,,,,,Nauplii,Static,Dissolved,ECOTOX_STANDARDIZED_TARGET_METAL,,,,,,,,,8.375,ECOTOX_REPORTED_OR_REPAIRED,
562,1202375,76832,18395,Cu,Copper chloride (CuCl2),Eurytemora affinis,Calanoida,Nauplii,2,Static,Dissolved,,83,75.31,91.68,ug/L,83,ug/L,24.35,14,8.3,,Acute and Chronic Toxicity of Copper to the Estuarine Copepod Eurytemora affinis: Influence of Organic Complexation and Speciation,PRIMARY_KEEP,Eligible copepod LC50 candidate,63.546,ECOTOX_STANDARDIZED_TARGET_METAL,0.083,1.3061404337015703,0.26707655470701075,HARMONIZED,ECOTOX standardized concentration used; for metal salts ECOTOX generally expresses concentration as active ionic form.,CORE,YES,,24.1,24.6,C,RAW_RANGE_MIDPOINT_RECOVERED,14,,,0/00,EXISTING_MEAN_PRESERVED,,7.9,8.7,,RAW_RANGE_MIDPOINT_RECOVERED,,,,,MISSING,ECOTOX,E_18395,E_T1202375,E_R76832,,,,,,,,Nauplii,Static,Dissolved,ECOTOX_STANDARDIZED_TARGET_METAL,,,,,,,,,8.3,ECOTOX_REPORTED_OR_REPAIRED,
567,1300832,756507,115854,Cu,Copper chloride (CuCl2),Tigriopus japonicus,Harpacticoida,Adult,4,"Aquatic, unspecified",Total,,813,,,ug/L,813,ug/L,25,33,8.25,,Copper Toxicity in the Marine Copepod Tigropus japonicus:  Low Variability and High Reproducibility of Repeated Acute and Life-Cycle Tests,PRIMARY_KEEP,Eligible copepod LC50 candidate,63.546,ECOTOX_STANDARDIZED_TARGET_METAL,0.813,12.793881597582851,2.548967056458223,HARMONIZED,ECOTOX standardized concentration used; for metal salts ECOTOX generally expresses concentration as active ionic form.,CORE,YES,25,,,C,EXISTING_MEAN_PRESERVED,33,,,0/00,EXISTING_MEAN_PRESERVED,,8.1,8.4,,RAW_RANGE_MIDPOINT_RECOVERED,,,,,MISSING,ECOTOX,E_115854,E_T1300832,E_R756507,,,,,,,,Adult,"Aquatic, unspecified",Total,ECOTOX_STANDARDIZED_TARGET_METAL,,,,,,,,,8.25,ECOTOX_REPORTED_OR_REPAIRED,
576,1312981,770477,107036,Cu,Copper chloride (CuCl2),Eurytemora affinis,Calanoida,Nauplii,4,Static,Dissolved,,58.1,52,64.9,ug/L,58.1,ug/L,25,25,8.4,1.5,"The Influence of Salinity and Dissolved Organic Carbon on the Toxicity of Copper to the Estuarine Copepod, Eurytemora affinis",PRIMARY_KEEP,Eligible copepod LC50 candidate,63.546,ECOTOX_STANDARDIZED_TARGET_METAL,0.0581,0.9142983035910994,-0.08959838923172156,HARMONIZED,ECOTOX standardized concentration used; for metal salts ECOTOX generally expresses concentration as active ionic form.,CORE,YES,25,,,C,EXISTING_MEAN_PRESERVED,25,,,0/00,EXISTING_MEAN_PRESERVED,,8.06,8.74,,RAW_RANGE_MIDPOINT_RECOVERED,,1.4,1.6,mg/L,RAW_RANGE_MIDPOINT_RECOVERED,ECOTOX,E_107036,E_T1312981,E_R770477,,,,,,,,Nauplii,Static,Dissolved,ECOTOX_STANDARDIZED_TARGET_METAL,,,,,,,,,8.4,ECOTOX_REPORTED_OR_REPAIRED,
577,2140665,2263492,166133,Cu,Copper chloride (CuCl2),Acartia tonsa,Calanoida,Multiple,2,Renewal,Dissolved,,108.7,79.3,128.2,ug/L,108.7,ug/L,20,30,7.49,0.1,Acute Waterborne Copper Toxicity to the Euryhaline Copepod Acartia tonsa at Different Salinities:  Influence of Natural Freshwater and Marine Dissolved Organic Matter,PRIMARY_KEEP,Eligible copepod LC50 candidate,63.546,ECOTOX_STANDARDIZED_TARGET_METAL,0.1087,1.710571869197117,0.5368277410375766,HARMONIZED,ECOTOX standardized concentration used; for metal salts ECOTOX generally expresses concentration as active ionic form.,CORE,YES,20,,,C,EXISTING_MEAN_PRESERVED,30,,,0/00,EXISTING_MEAN_PRESERVED,7.49,,,,EXISTING_MEAN_PRESERVED,0.1,,,mg/L,EXISTING_MEAN_PRESERVED,ECOTOX,E_166133,E_T2140665,E_R2263492,,,,,,,,Multiple,Renewal,Dissolved,ECOTOX_STANDARDIZED_TARGET_METAL,,,,,,,,,7.49,ECOTOX_REPORTED_OR_REPAIRED,
584,2140661,2263489,166133,Cu,Copper chloride (CuCl2),Acartia tonsa,Calanoida,Multiple,2,Renewal,Dissolved,,41.8,33.2,52.2,ug/L,41.8,ug/L,20,5,6.88,0.1,Acute Waterborne Copper Toxicity to the Euryhaline Copepod Acartia tonsa at Different Salinities:  Influence of Natural Freshwater and Marine Dissolved Organic Matter,PRIMARY_KEEP,Eligible copepod LC50 candidate,63.546,ECOTOX_STANDARDIZED_TARGET_METAL,0.0418,0.6577912063701885,-0.4188677135588766,HARMONIZED,ECOTOX standardized concentration used; for metal salts ECOTOX generally expresses concentration as active ionic form.,CORE,YES,20,,,C,EXISTING_MEAN_PRESERVED,5,,,0/00,EXISTING_MEAN_PRESERVED,6.88,,,,EXISTING_MEAN_PRESERVED,0.1,,,mg/L,EXISTING_MEAN_PRESERVED,ECOTOX,E_166133,E_T2140661,E_R2263489,,,,,,,,Multiple,Renewal,Dissolved,ECOTOX_STANDARDIZED_TARGET_METAL,,,,,,,,,6.88,ECOTOX_REPORTED_OR_REPAIRED,
588,1193934,181507,17398,Cu,Copper chloride (CuCl2),Acartia tonsa,Calanoida,,4,Static,Total,,10,,,ug/L,10,ug/L,13.5,33.5,7.9,,Acute Effects of (bis)Tributyltin Oxide on Marine Organisms,PRIMARY_KEEP,Eligible copepod LC50 candidate,63.546,ECOTOX_STANDARDIZED_TARGET_METAL,0.01,0.15736631731344222,-1.8491789600955415,HARMONIZED,ECOTOX standardized concentration used; for metal salts ECOTOX generally expresses concentration as active ionic form.,CORE,YES,,13,14,C,RAW_RANGE_MIDPOINT_RECOVERED,,33,34,0/00,RAW_RANGE_MIDPOINT_RECOVERED,,7.7,8.1,,RAW_RANGE_MIDPOINT_RECOVERED,,,,,MISSING,ECOTOX,E_17398,E_T1193934,E_R181507,,,,,,,,NOT_REPORTED,Static,Total,ECOTOX_STANDARDIZED_TARGET_METAL,,,,,,,,,7.9,ECOTOX_REPORTED_OR_REPAIRED,
590,1312980,770476,107036,Cu,Copper chloride (CuCl2),Eurytemora affinis,Calanoida,Nauplii,4,Static,Dissolved,,67.6,55.1,82.9,ug/L,67.6,ug/L,24.85,15,8.440000000000001,2.1,"The Influence of Salinity and Dissolved Organic Carbon on the Toxicity of Copper to the Estuarine Copepod, Eurytemora affinis",PRIMARY_KEEP,Eligible copepod LC50 candidate,63.546,ECOTOX_STANDARDIZED_TARGET_METAL,0.0676,1.0637963050388697,0.06184392995933122,HARMONIZED,ECOTOX standardized concentration used; for metal salts ECOTOX generally expresses concentration as active ionic form.,CORE,YES,,24.5,25.2,C,RAW_RANGE_MIDPOINT_RECOVERED,15,,,0/00,EXISTING_MEAN_PRESERVED,,8.25,8.63,,RAW_RANGE_MIDPOINT_RECOVERED,,2,2.2,mg/L,RAW_RANGE_MIDPOINT_RECOVERED,ECOTOX,E_107036,E_T1312980,E_R770476,,,,,,,,Nauplii,Static,Dissolved,ECOTOX_STANDARDIZED_TARGET_METAL,,,,,,,,,8.440000000000001,ECOTOX_REPORTED_OR_REPAIRED,
600,1078445,130922,6045,Hg,Mercury chloride (HgCl2),Euchaeta marina,Calanoida,,1,Static,Total,,50,,,ppb,50,ppb,17,31.5,,,A Controlled Environmental Pollution Experiment (CEPEX) and Its Usefulness in the Study of Larger Marine Zooplankton Under Toxic Stress,PRIMARY_KEEP,Eligible copepod LC50 candidate,200.592,ECOTOX_STANDARDIZED_TARGET_METAL,0.05,0.24926218393555075,-1.3892499889455232,HARMONIZED,ECOTOX standardized concentration used; for metal salts ECOTOX generally expresses concentration as active ionic form.,EXPLORATORY,NO,,13,21,C,RAW_RANGE_MIDPOINT_RECOVERED,,27,36,0/00,RAW_RANGE_MIDPOINT_RECOVERED,,,,,MISSING,,,,,MISSING,ECOTOX,E_6045,E_T1078445,E_R130922,,,,,,,,NOT_REPORTED,Static,Total,ECOTOX_STANDARDIZED_TARGET_METAL,,,,,,,,,,NO_NUMERIC_PH,
745,1078444,130921,6045,Hg,Mercury chloride (HgCl2),Labidocera scotti,Calanoida,,1,Static,Total,,31,,,ppb,31,ppb,17,31.5,,,A Controlled Environmental Pollution Experiment (CEPEX) and Its Usefulness in the Study of Larger Marine Zooplankton Under Toxic Stress,PRIMARY_KEEP,Eligible copepod LC50 candidate,200.592,ECOTOX_STANDARDIZED_TARGET_METAL,0.031,0.15454255404004147,-1.8672857898885231,HARMONIZED,ECOTOX standardized concentration used; for metal salts ECOTOX generally expresses concentration as active ionic form.,EXPLORATORY,NO,,13,21,C,RAW_RANGE_MIDPOINT_RECOVERED,,27,36,0/00,RAW_RANGE_MIDPOINT_RECOVERED,,,,,MISSING,,,,,MISSING,ECOTOX,E_6045,E_T1078444,E_R130921,,,,,,,,NOT_REPORTED,Static,Total,ECOTOX_STANDARDIZED_TARGET_METAL,,,,,,,,,,NO_NUMERIC_PH,
785,1035611,29495,2183,Hg,Mercury chloride (HgCl2),Nitocra spinipes,Harpacticoida,Adult,4,Static,Total,,230,180,290,ug/L,230,ug/L,20,7,8,,Use of a Harpacticoid Copepod in Toxicity Tests,PRIMARY_KEEP,Eligible copepod LC50 candidate,200.592,ECOTOX_STANDARDIZED_TARGET_METAL,0.23,1.1466060461035334,0.13680631454952602,HARMONIZED,ECOTOX standardized concentration used; for metal salts ECOTOX generally expresses concentration as active ionic form.,EXPLORATORY,NO,20,,,C,EXISTING_MEAN_PRESERVED,7,,,0/00,EXISTING_MEAN_PRESERVED,8,,,,EXISTING_MEAN_PRESERVED,,,,,MISSING,ECOTOX,E_2183,E_T1035611,E_R29495,,,,,,,,Adult,Static,Total,ECOTOX_STANDARDIZED_TARGET_METAL,,,,,,,,,8,ECOTOX_REPORTED_OR_REPAIRED,
788,1078429,100481,6045,Hg,Mercury chloride (HgCl2),Acartia tonsa,Calanoida,Nauplii,1,Static,Total,,3,,,ppb,3,ppb,17,31.5,,,A Controlled Environmental Pollution Experiment (CEPEX) and Its Usefulness in the Study of Larger Marine Zooplankton Under Toxic Stress,PRIMARY_KEEP,Eligible copepod LC50 candidate,200.592,ECOTOX_STANDARDIZED_TARGET_METAL,0.003,0.01495573103613304,-4.20266070570556,HARMONIZED,ECOTOX standardized concentration used; for metal salts ECOTOX generally expresses concentration as active ionic form.,EXPLORATORY,NO,,13,21,C,RAW_RANGE_MIDPOINT_RECOVERED,,27,36,0/00,RAW_RANGE_MIDPOINT_RECOVERED,,,,,MISSING,,,,,MISSING,ECOTOX,E_6045,E_T1078429,E_R100481,,,,,,,,Nauplii,Static,Total,ECOTOX_STANDARDIZED_TARGET_METAL,,,,,,,,,,NO_NUMERIC_PH,
789,1078428,94768,6045,Hg,Mercury chloride (HgCl2),Acartia tonsa,Calanoida,Adult,1,Static,Total,,34,,,ppb,34,ppb,17,31.5,,,A Controlled Environmental Pollution Experiment (CEPEX) and Its Usefulness in the Study of Larger Marine Zooplankton Under Toxic Stress,PRIMARY_KEEP,Eligible copepod LC50 candidate,200.592,ECOTOX_STANDARDIZED_TARGET_METAL,0.034,0.1694982850761745,-1.774912469757508,HARMONIZED,ECOTOX standardized concentration used; for metal salts ECOTOX generally expresses concentration as active ionic form.,EXPLORATORY,NO,,13,21,C,RAW_RANGE_MIDPOINT_RECOVERED,,27,36,0/00,RAW_RANGE_MIDPOINT_RECOVERED,,,,,MISSING,,,,,MISSING,ECOTOX,E_6045,E_T1078428,E_R94768,,,,,,,,Adult,Static,Total,ECOTOX_STANDARDIZED_TARGET_METAL,,,,,,,,,,NO_NUMERIC_PH,
807,1070631,12736,5563,Zn,Zinc chloride (ZnCl2),Scutellidium sp.,Harpacticoida,Multiple,1,Static,Total,,1090,900,1290,ug/L,1090,ug/L,17,35,,,"Acute Toxicity of Copper, Cadmium and Zinc to Three Species of Marine Copepod",PRIMARY_KEEP,Eligible copepod LC50 candidate,65.38,ECOTOX_STANDARDIZED_TARGET_METAL,1.09,16.67176506576935,2.813716573927125,HARMONIZED,ECOTOX standardized concentration used; for metal salts ECOTOX generally expresses concentration as active ionic form.,CORE,YES,17,,,C,EXISTING_MEAN_PRESERVED,,34.5,35.5,0/00,RAW_RANGE_MIDPOINT_RECOVERED,,,,,MISSING,,,,,MISSING,ECOTOX,E_5563,E_T1070631,E_R12736,,,,,,,,Multiple,Static,Total,ECOTOX_STANDARDIZED_TARGET_METAL,,,,,,,,,,NO_NUMERIC_PH,
818,1053651,133692,3744,Zn,Zinc chloride (ZnCl2),Pseudodiaptomus coronatus,Calanoida,Adult,3,Static,Total,,3150,2475,4142,ug/L,3150,ug/L,15,30,,,"Results of Acute Toxicity Tests Conducted with Zinc at ERL, Narragansett",PRIMARY_KEEP,Eligible copepod LC50 candidate,65.38,ECOTOX_STANDARDIZED_TARGET_METAL,3.15,48.179871520342616,3.8749413305236144,HARMONIZED,ECOTOX standardized concentration used; for metal salts ECOTOX generally expresses concentration as active ionic form.,CORE,YES,15,,,C,EXISTING_MEAN_PRESERVED,30,,,0/00,EXISTING_MEAN_PRESERVED,,,,,MISSING,,,,,MISSING,ECOTOX,E_3744,E_T1053651,E_R133692,,,,,,,,Adult,Static,Total,ECOTOX_STANDARDIZED_TARGET_METAL,,,,,,,,,,NO_NUMERIC_PH,
822,1053652,133693,3744,Zn,Zinc chloride (ZnCl2),Pseudodiaptomus coronatus,Calanoida,Adult,4,Static,Total,,1783,,,ug/L,1783,ug/L,15,30,,,"Results of Acute Toxicity Tests Conducted with Zinc at ERL, Narragansett",PRIMARY_KEEP,Eligible copepod LC50 candidate,65.38,ECOTOX_STANDARDIZED_TARGET_METAL,1.783,27.271336800244725,3.305836216567076,HARMONIZED,ECOTOX standardized concentration used; for metal salts ECOTOX generally expresses concentration as active ionic form.,CORE,YES,15,,,C,EXISTING_MEAN_PRESERVED,30,,,0/00,EXISTING_MEAN_PRESERVED,,,,,MISSING,,,,,MISSING,ECOTOX,E_3744,E_T1053652,E_R133693,,,,,,,,Adult,Static,Total,ECOTOX_STANDARDIZED_TARGET_METAL,,,,,,,,,,NO_NUMERIC_PH,
827,1070630,12735,5563,Zn,Zinc chloride (ZnCl2),Paracalanus parvus,Calanoida,Multiple,1,Static,Total,,1380,1060,1750,ug/L,1380,ug/L,17,35,,,"Acute Toxicity of Copper, Cadmium and Zinc to Three Species of Marine Copepod",PRIMARY_KEEP,Eligible copepod LC50 candidate,65.38,ECOTOX_STANDARDIZED_TARGET_METAL,1.38,21.10737228510248,3.049622376855186,HARMONIZED,ECOTOX standardized concentration used; for metal salts ECOTOX generally expresses concentration as active ionic form.,CORE,YES,17,,,C,EXISTING_MEAN_PRESERVED,,34.5,35.5,0/00,RAW_RANGE_MIDPOINT_RECOVERED,,,,,MISSING,,,,,MISSING,ECOTOX,E_5563,E_T1070630,E_R12735,,,,,,,,Multiple,Static,Total,ECOTOX_STANDARDIZED_TARGET_METAL,,,,,,,,,,NO_NUMERIC_PH,
832,1070629,12734,5563,Zn,Zinc chloride (ZnCl2),Acartia simplex,Calanoida,Multiple,1,Static,Total,,1860,1470,3880,ug/L,1860,ug/L,17,35,,,"Acute Toxicity of Copper, Cadmium and Zinc to Three Species of Marine Copepod",PRIMARY_KEEP,Eligible copepod LC50 candidate,65.38,ECOTOX_STANDARDIZED_TARGET_METAL,1.86,28.449066992964212,3.3481153654111826,HARMONIZED,ECOTOX standardized concentration used; for metal salts ECOTOX generally expresses concentration as active ionic form.,CORE,YES,17,,,C,EXISTING_MEAN_PRESERVED,,34.5,35.5,0/00,RAW_RANGE_MIDPOINT_RECOVERED,,,,,MISSING,,,,,MISSING,ECOTOX,E_5563,E_T1070629,E_R12734,,,,,,,,Multiple,Static,Total,ECOTOX_STANDARDIZED_TARGET_METAL,,,,,,,,,,NO_NUMERIC_PH,
863,2145457,2274200,169337,Zn,Zinc chloride (ZnCl2),Nitocra spinipes,Harpacticoida,,4,Static,Total,,890,750,1100,ug/L,890,ug/L,22,7,8.2,,Comparison of Toxicity and Release Rates of Cu and Zn from Anti-Fouling Paints Leached in Natural and Artificial Brackish Seawater,PRIMARY_KEEP,Eligible copepod LC50 candidate,65.38,ECOTOX_STANDARDIZED_TARGET_METAL,0.89,13.612725604160294,2.611005061430121,HARMONIZED,ECOTOX standardized concentration used; for metal salts ECOTOX generally expresses concentration as active ionic form.,CORE,YES,22,,,C,EXISTING_MEAN_PRESERVED,7,,,0/00,EXISTING_MEAN_PRESERVED,8.2,,,,EXISTING_MEAN_PRESERVED,,,,,MISSING,ECOTOX,E_169337,E_T2145457,E_R2274200,,,,,,,,NOT_REPORTED,Static,Total,ECOTOX_STANDARDIZED_TARGET_METAL,,,,,,,,,8.2,ECOTOX_REPORTED_OR_REPAIRED,
871,1053649,133690,3744,Zn,Zinc chloride (ZnCl2),Acartia clausi,Calanoida,Adult,4,Static,Total,,950,,,ug/L,950,ug/L,10,30,,,"Results of Acute Toxicity Tests Conducted with Zinc at ERL, Narragansett",PRIMARY_KEEP,Eligible copepod LC50 candidate,65.38,ECOTOX_STANDARDIZED_TARGET_METAL,0.95,14.530437442643011,2.676245583298522,HARMONIZED,ECOTOX standardized concentration used; for metal salts ECOTOX generally expresses concentration as active ionic form.,CORE,YES,10,,,C,EXISTING_MEAN_PRESERVED,30,,,0/00,EXISTING_MEAN_PRESERVED,,,,,MISSING,,,,,MISSING,ECOTOX,E_3744,E_T1053649,E_R133690,,,,,,,,Adult,Static,Total,ECOTOX_STANDARDIZED_TARGET_METAL,,,,,,,,,,NO_NUMERIC_PH,
875,1295983,751247,111315,Zn,Zinc chloride (ZnCl2),Tigriopus japonicus,Harpacticoida,Adult,4,Renewal,Total,,7.8,5.42,11.34,mg/L,7.8,mg/L,20,32,7.9,,Acute Toxicities of Trace Metals and Common Xenobiotics to the Marine Copepod Tigriopus japonicus:  Evaluation of Its Use as a Benchmark Species for Routine Ecotoxicity Tests in Western Pacific Coastal Regions,PRIMARY_KEEP,Eligible copepod LC50 candidate,65.38,ECOTOX_STANDARDIZED_TARGET_METAL,7.8,119.30253900275316,4.781662611381619,HARMONIZED,ECOTOX standardized concentration used; for metal salts ECOTOX generally expresses concentration as active ionic form.,CORE,YES,20,,,C,EXISTING_MEAN_PRESERVED,32,,,0/00,EXISTING_MEAN_PRESERVED,7.9,,,,EXISTING_MEAN_PRESERVED,,,,,MISSING,ECOTOX,E_111315,E_T1295983,E_R751247,,,,,,,,Adult,Renewal,Total,ECOTOX_STANDARDIZED_TARGET_METAL,,,,,,,,,7.9,ECOTOX_REPORTED_OR_REPAIRED,
876,1035615,41944,2183,Zn,Zinc chloride (ZnCl2),Nitocra spinipes,Harpacticoida,Adult,4,Static,Total,,1450,930,2260,ug/L,1450,ug/L,20,7,,,Use of a Harpacticoid Copepod in Toxicity Tests,PRIMARY_KEEP,Eligible copepod LC50 candidate,65.38,ECOTOX_STANDARDIZED_TARGET_METAL,1.45,22.17803609666565,3.0991024341185556,HARMONIZED,ECOTOX standardized concentration used; for metal salts ECOTOX generally expresses concentration as active ionic form.,CORE,YES,20,,,C,EXISTING_MEAN_PRESERVED,7,,,0/00,EXISTING_MEAN_PRESERVED,,,,,MISSING,,,,,MISSING,ECOTOX,E_2183,E_T1035615,E_R41944,,,,,,,,Adult,Static,Total,ECOTOX_STANDARDIZED_TARGET_METAL,,,,,,,,,,NO_NUMERIC_PH,
878,1053653,133694,3744,Zn,Zinc chloride (ZnCl2),Eurytemora affinis,Calanoida,Adult,4,Static,Total,,4090,,,ug/L,4090,ug/L,15,30,,,"Results of Acute Toxicity Tests Conducted with Zinc at ERL, Narragansett",PRIMARY_KEEP,Eligible copepod LC50 candidate,65.38,ECOTOX_STANDARDIZED_TARGET_METAL,4.09,62.55735698990517,4.136083847740783,HARMONIZED,ECOTOX standardized concentration used; for metal salts ECOTOX generally expresses concentration as active ionic form.,CORE,YES,15,,,C,EXISTING_MEAN_PRESERVED,30,,,0/00,EXISTING_MEAN_PRESERVED,,,,,MISSING,,,,,MISSING,ECOTOX,E_3744,E_T1053653,E_R133694,,,,,,,,Adult,Static,Total,ECOTOX_STANDARDIZED_TARGET_METAL,,,,,,,,,,NO_NUMERIC_PH,
881,1037878,104483,2332,Zn,Zinc chloride (ZnCl2),Nitocra spinipes,Harpacticoida,,4,Flow-through,Total,,1300,980,1730,ug/L,1300,ug/L,,7,,,A Flowthrough Fecundity Test with Nitocra spinipes (Harpacticoidea Crustacea) for Aquatic Toxicity,PRIMARY_KEEP,Eligible copepod LC50 candidate,65.38,ECOTOX_STANDARDIZED_TARGET_METAL,1.3,19.88375650045886,2.9899031421535636,HARMONIZED,ECOTOX standardized concentration used; for metal salts ECOTOX generally expresses concentration as active ionic form.,CORE,YES,,,,,MISSING,7,,,0/00,EXISTING_MEAN_PRESERVED,,,,,MISSING,,,,,MISSING,ECOTOX,E_2332,E_T1037878,E_R104483,,,,,,,,NOT_REPORTED,Flow-through,Total,ECOTOX_STANDARDIZED_TARGET_METAL,,,,,,,,,,NO_NUMERIC_PH,
884,1053650,133691,3744,Zn,Zinc chloride (ZnCl2),Acartia clausi,Calanoida,Adult,3,Static,Total,,707.1,591.5,845.3,ug/L,707.1,ug/L,15,30,,,"Results of Acute Toxicity Tests Conducted with Zinc at ERL, Narragansett",PRIMARY_KEEP,Eligible copepod LC50 candidate,65.38,ECOTOX_STANDARDIZED_TARGET_METAL,0.7071000000000001,10.815234016518817,2.3809556973141306,HARMONIZED,ECOTOX standardized concentration used; for metal salts ECOTOX generally expresses concentration as active ionic form.,CORE,YES,15,,,C,EXISTING_MEAN_PRESERVED,30,,,0/00,EXISTING_MEAN_PRESERVED,,,,,MISSING,,,,,MISSING,ECOTOX,E_3744,E_T1053650,E_R133691,,,,,,,,Adult,Static,Total,ECOTOX_STANDARDIZED_TARGET_METAL,,,,,,,,,,NO_NUMERIC_PH,
887,1053654,133695,3744,Zn,Zinc chloride (ZnCl2),Acartia tonsa,Calanoida,Adult,4,Static,Total,,294.2,196.1,428,ug/L,294.2,ug/L,20,30,,,"Results of Acute Toxicity Tests Conducted with Zinc at ERL, Narragansett",PRIMARY_KEEP,Eligible copepod LC50 candidate,65.38,ECOTOX_STANDARDIZED_TARGET_METAL,0.29419999999999996,4.499847048026919,1.5040434068712725,HARMONIZED,ECOTOX standardized concentration used; for metal salts ECOTOX generally expresses concentration as active ionic form.,CORE,YES,20,,,C,EXISTING_MEAN_PRESERVED,30,,,0/00,EXISTING_MEAN_PRESERVED,,,,,MISSING,,,,,MISSING,ECOTOX,E_3744,E_T1053654,E_R133695,,,,,,,,Adult,Static,Total,ECOTOX_STANDARDIZED_TARGET_METAL,,,,,,,,,,NO_NUMERIC_PH,
899,1054979,131353,3826,Ni,Nickel chloride (NiCl2),Pseudodiaptomus coronatus,Calanoida,Adult,3,Static,Total,,14.573,10.85,19.163,ppm,14.573,ppm,15,30,,,"Results of Acute Toxicity Tests Conducted with Nickel at ERL, Narragansett",PRIMARY_KEEP,Eligible copepod LC50 candidate,58.6934,ECOTOX_STANDARDIZED_TARGET_METAL,14.573,248.29026773027292,5.5145984961369034,HARMONIZED,ECOTOX standardized concentration used; for metal salts ECOTOX generally expresses concentration as active ionic form.,DESCRIPTIVE,NO,15,,,C,EXISTING_MEAN_PRESERVED,30,,,0/00,EXISTING_MEAN_PRESERVED,,,,,MISSING,,,,,MISSING,ECOTOX,E_3826,E_T1054979,E_R131353,,,,,,,,Adult,Static,Total,ECOTOX_STANDARDIZED_TARGET_METAL,,,,,,,,,,NO_NUMERIC_PH,
913,1054981,131355,3826,Ni,Nickel chloride (NiCl2),Eurytemora affinis,Calanoida,Adult,4,Static,Total,,13.182,11.566,14.981,ppm,13.182,ppm,15,30,,,"Results of Acute Toxicity Tests Conducted with Nickel at ERL, Narragansett",PRIMARY_KEEP,Eligible copepod LC50 candidate,58.6934,ECOTOX_STANDARDIZED_TARGET_METAL,13.182,224.5908398559293,5.4142802572158715,HARMONIZED,ECOTOX standardized concentration used; for metal salts ECOTOX generally expresses concentration as active ionic form.,DESCRIPTIVE,NO,15,,,C,EXISTING_MEAN_PRESERVED,30,,,0/00,EXISTING_MEAN_PRESERVED,,,,,MISSING,,,,,MISSING,ECOTOX,E_3826,E_T1054981,E_R131355,,,,,,,,Adult,Static,Total,ECOTOX_STANDARDIZED_TARGET_METAL,,,,,,,,,,NO_NUMERIC_PH,
915,2030265,2047702,3826,Ni,Nickel chloride (NiCl2),Acartia tonsa,Calanoida,Adult,3,Static,Total,,0.747,0.5,1.04,ppm,0.747,ppm,20,30,,,"Results of Acute Toxicity Tests Conducted with Nickel at ERL, Narragansett",PRIMARY_KEEP,Eligible copepod LC50 candidate,58.6934,ECOTOX_STANDARDIZED_TARGET_METAL,0.747,12.727155012318253,2.5437379007360237,HARMONIZED,ECOTOX standardized concentration used; for metal salts ECOTOX generally expresses concentration as active ionic form.,DESCRIPTIVE,NO,20,,,C,EXISTING_MEAN_PRESERVED,30,,,0/00,EXISTING_MEAN_PRESERVED,,,,,MISSING,,,,,MISSING,ECOTOX,E_3826,E_T2030265,E_R2047702,,,,,,,,Adult,Static,Total,ECOTOX_STANDARDIZED_TARGET_METAL,,,,,,,,,,NO_NUMERIC_PH,
918,2319264,2802768,193873,Ni,Nickel chloride (NiCl2),Tigriopus japonicus,Harpacticoida,Neonate,4,Renewal,Dissolved,,4300,3610,5090,ug/L,4300,ug/L,27,33.25,8.195,,Acute and Chronic Toxicity of Nickel on Freshwater and Marine Tropical Aquatic Organisms,PRIMARY_KEEP,Eligible copepod LC50 candidate,58.6934,ECOTOX_STANDARDIZED_TARGET_METAL,4.3,73.26207035203277,4.29404301728486,HARMONIZED,ECOTOX standardized concentration used; for metal salts ECOTOX generally expresses concentration as active ionic form.,DESCRIPTIVE,NO,27,,,C,EXISTING_MEAN_PRESERVED,,33.2,33.3,0/00,RAW_RANGE_MIDPOINT_RECOVERED,,8.18,8.21,,RAW_RANGE_MIDPOINT_RECOVERED,,,,,MISSING,ECOTOX,E_193873,E_T2319264,E_R2802768,,,,,,,,Neonate,Renewal,Dissolved,ECOTOX_STANDARDIZED_TARGET_METAL,,,,,,,,,8.195,ECOTOX_REPORTED_OR_REPAIRED,
933,1054980,131354,3826,Ni,Nickel chloride (NiCl2),Eurytemora affinis,Calanoida,Adult,4,Static,Total,,9.593,7.098,13.252,ppm,9.593,ppm,15,30,,,"Results of Acute Toxicity Tests Conducted with Nickel at ERL, Narragansett",PRIMARY_KEEP,Eligible copepod LC50 candidate,58.6934,ECOTOX_STANDARDIZED_TARGET_METAL,9.593,163.44256764815125,5.096461660421154,HARMONIZED,ECOTOX standardized concentration used; for metal salts ECOTOX generally expresses concentration as active ionic form.,DESCRIPTIVE,NO,15,,,C,EXISTING_MEAN_PRESERVED,30,,,0/00,EXISTING_MEAN_PRESERVED,,,,,MISSING,,,,,MISSING,ECOTOX,E_3826,E_T1054980,E_R131354,,,,,,,,Adult,Static,Total,ECOTOX_STANDARDIZED_TARGET_METAL,,,,,,,,,,NO_NUMERIC_PH,
935,1054977,131351,3826,Ni,Nickel chloride (NiCl2),Acartia clausi,Calanoida,Adult,4,Static,Total,,3.466,2.821,4.317,ppm,3.466,ppm,20,30,,,"Results of Acute Toxicity Tests Conducted with Nickel at ERL, Narragansett",PRIMARY_KEEP,Eligible copepod LC50 candidate,58.6934,ECOTOX_STANDARDIZED_TARGET_METAL,3.466,59.05263624189432,4.078429185878758,HARMONIZED,ECOTOX standardized concentration used; for metal salts ECOTOX generally expresses concentration as active ionic form.,DESCRIPTIVE,NO,20,,,C,EXISTING_MEAN_PRESERVED,30,,,0/00,EXISTING_MEAN_PRESERVED,,,,,MISSING,,,,,MISSING,ECOTOX,E_3826,E_T1054977,E_R131351,,,,,,,,Adult,Static,Total,ECOTOX_STANDARDIZED_TARGET_METAL,,,,,,,,,,NO_NUMERIC_PH,
952,1035629,54870,2183,Ni,Nickel chloride (NiCl2),Nitocra spinipes,Harpacticoida,Adult,4,Static,Total,,6000,3900,9100,ug/L,6000,ug/L,20,7,8,,Use of a Harpacticoid Copepod in Toxicity Tests,PRIMARY_KEEP,Eligible copepod LC50 candidate,58.6934,ECOTOX_STANDARDIZED_TARGET_METAL,6,102.22614467725504,4.6271874638133985,HARMONIZED,ECOTOX standardized concentration used; for metal salts ECOTOX generally expresses concentration as active ionic form.,DESCRIPTIVE,NO,20,,,C,EXISTING_MEAN_PRESERVED,7,,,0/00,EXISTING_MEAN_PRESERVED,8,,,,EXISTING_MEAN_PRESERVED,,,,,MISSING,ECOTOX,E_2183,E_T1035629,E_R54870,,,,,,,,Adult,Static,Total,ECOTOX_STANDARDIZED_TARGET_METAL,,,,,,,,,8,ECOTOX_REPORTED_OR_REPAIRED,
963,1054978,131352,3826,Ni,Nickel chloride (NiCl2),Acartia clausi,Calanoida,Adult,3,Static,Total,,6.006,4.095,8.696,ppm,6.006,ppm,15,30,,,"Results of Acute Toxicity Tests Conducted with Nickel at ERL, Narragansett",PRIMARY_KEEP,Eligible copepod LC50 candidate,58.6934,ECOTOX_STANDARDIZED_TARGET_METAL,6.006,102.32837082193228,4.628186964146482,HARMONIZED,ECOTOX standardized concentration used; for metal salts ECOTOX generally expresses concentration as active ionic form.,DESCRIPTIVE,NO,15,,,C,EXISTING_MEAN_PRESERVED,30,,,0/00,EXISTING_MEAN_PRESERVED,,,,,MISSING,,,,,MISSING,ECOTOX,E_3826,E_T1054978,E_R131352,,,,,,,,Adult,Static,Total,ECOTOX_STANDARDIZED_TARGET_METAL,,,,,,,,,,NO_NUMERIC_PH,
972,1096430,121126,6825,Zn,"Sulfuric acid, Zinc salt (1:1)",Temora stylifera,Calanoida,Adult,2,Static,Total,,30,23,35,ug/L,30,ug/L,25,25,,,Toxicity Testing with Coastal Species of Southeastern Brazil. Mysids and Copepods,PRIMARY_KEEP,Eligible copepod LC50 candidate,65.38,ECOTOX_STANDARDIZED_TARGET_METAL,0.03,0.45885591924135827,-0.7790190196339091,HARMONIZED,ECOTOX standardized concentration used; for metal salts ECOTOX generally expresses concentration as active ionic form.,CORE,YES,25,,,C,EXISTING_MEAN_PRESERVED,25,,,0/00,EXISTING_MEAN_PRESERVED,,,,,MISSING,,,,,MISSING,ECOTOX,E_6825,E_T1096430,E_R121126,,,,,,,,Adult,Static,Total,ECOTOX_STANDARDIZED_TARGET_METAL,,,,,,,,,,NO_NUMERIC_PH,
983,1096428,121124,6825,Zn,"Sulfuric acid, Zinc salt (1:1)",Temora stylifera,Calanoida,Adult,2,Static,Total,,90,60,120,ug/L,90,ug/L,25,33.5,,,Toxicity Testing with Coastal Species of Southeastern Brazil. Mysids and Copepods,PRIMARY_KEEP,Eligible copepod LC50 candidate,65.38,ECOTOX_STANDARDIZED_TARGET_METAL,0.09,1.3765677577240747,0.31959326903420054,HARMONIZED,ECOTOX standardized concentration used; for metal salts ECOTOX generally expresses concentration as active ionic form.,CORE,YES,25,,,C,EXISTING_MEAN_PRESERVED,33.5,,,0/00,EXISTING_MEAN_PRESERVED,,,,,MISSING,,,,,MISSING,ECOTOX,E_6825,E_T1096428,E_R121124,,,,,,,,Adult,Static,Total,ECOTOX_STANDARDIZED_TARGET_METAL,,,,,,,,,,NO_NUMERIC_PH,
997,1096431,121127,6825,Zn,"Sulfuric acid, Zinc salt (1:1)",Temora stylifera,Calanoida,Adult,2,Static,Total,,23,4,36,ug/L,23,ug/L,25,28,,,Toxicity Testing with Coastal Species of Southeastern Brazil. Mysids and Copepods,PRIMARY_KEEP,Eligible copepod LC50 candidate,65.38,ECOTOX_STANDARDIZED_TARGET_METAL,0.023,0.3517895380850413,-1.0447221853669149,HARMONIZED,ECOTOX standardized concentration used; for metal salts ECOTOX generally expresses concentration as active ionic form.,CORE,YES,25,,,C,EXISTING_MEAN_PRESERVED,28,,,0/00,EXISTING_MEAN_PRESERVED,,,,,MISSING,,,,,MISSING,ECOTOX,E_6825,E_T1096431,E_R121127,,,,,,,,Adult,Static,Total,ECOTOX_STANDARDIZED_TARGET_METAL,,,,,,,,,,NO_NUMERIC_PH,
1006,1340234,801239,111830,Zn,"Sulfuric acid, Zinc salt (1:1)",Robertsonia propinqua,Harpacticoida,Nauplii,4,Static,Total,,1.7,1.1,2.5,mg/L,1.7,mg/L,21,32,8.2,,Zinc Sulfate and Atrazine Toxicity to the Marine Harpacticoid Copepod Robertsonia propinqua,PRIMARY_KEEP,Eligible copepod LC50 candidate,65.38,ECOTOX_STANDARDIZED_TARGET_METAL,1.7,26.00183542367697,3.258167128748243,HARMONIZED,ECOTOX standardized concentration used; for metal salts ECOTOX generally expresses concentration as active ionic form.,CORE,YES,21,,,C,EXISTING_MEAN_PRESERVED,32,,,0/00,EXISTING_MEAN_PRESERVED,8.2,,,,EXISTING_MEAN_PRESERVED,,,,,MISSING,ECOTOX,E_111830,E_T1340234,E_R801239,,,,,,,,Nauplii,Static,Total,ECOTOX_STANDARDIZED_TARGET_METAL,,,,,,,,,8.2,ECOTOX_REPORTED_OR_REPAIRED,
1007,1096427,121123,6825,Zn,"Sulfuric acid, Zinc salt (1:1)",Temora stylifera,Calanoida,Adult,2,Static,Total,,14,5,40,ug/L,14,ug/L,25,33.5,,,Toxicity Testing with Coastal Species of Southeastern Brazil. Mysids and Copepods,PRIMARY_KEEP,Eligible copepod LC50 candidate,65.38,ECOTOX_STANDARDIZED_TARGET_METAL,0.014,0.21413276231263384,-1.541159071680806,HARMONIZED,ECOTOX standardized concentration used; for metal salts ECOTOX generally expresses concentration as active ionic form.,CORE,YES,25,,,C,EXISTING_MEAN_PRESERVED,33.5,,,0/00,EXISTING_MEAN_PRESERVED,,,,,MISSING,,,,,MISSING,ECOTOX,E_6825,E_T1096427,E_R121123,,,,,,,,Adult,Static,Total,ECOTOX_STANDARDIZED_TARGET_METAL,,,,,,,,,,NO_NUMERIC_PH,
1010,1096445,130165,6825,Zn,"Sulfuric acid, Zinc salt (1:1)",Acartia lillgeborgi,Calanoida,Adult,2,Static,Total,,320,110,940,ug/L,320,ug/L,25,33.5,,,Toxicity Testing with Coastal Species of Southeastern Brazil. Mysids and Copepods,PRIMARY_KEEP,Eligible copepod LC50 candidate,65.38,ECOTOX_STANDARDIZED_TARGET_METAL,0.32,4.894463138574488,1.5881045944977077,HARMONIZED,ECOTOX standardized concentration used; for metal salts ECOTOX generally expresses concentration as active ionic form.,CORE,YES,25,,,C,EXISTING_MEAN_PRESERVED,33.5,,,0/00,EXISTING_MEAN_PRESERVED,,,,,MISSING,,,,,MISSING,ECOTOX,E_6825,E_T1096445,E_R130165,,,,,,,,Adult,Static,Total,ECOTOX_STANDARDIZED_TARGET_METAL,,,,,,,,,,NO_NUMERIC_PH,
1019,1340235,801240,111830,Zn,"Sulfuric acid, Zinc salt (1:1)",Robertsonia propinqua,Harpacticoida,Adult,4,Static,Total,,2.7,1.7,4.2,mg/L,2.7,mg/L,21,32,8.2,,Zinc Sulfate and Atrazine Toxicity to the Marine Harpacticoid Copepod Robertsonia propinqua,PRIMARY_KEEP,Eligible copepod LC50 candidate,65.38,ECOTOX_STANDARDIZED_TARGET_METAL,2.7,41.29703273172224,3.720790650696356,HARMONIZED,ECOTOX standardized concentration used; for metal salts ECOTOX generally expresses concentration as active ionic form.,CORE,YES,21,,,C,EXISTING_MEAN_PRESERVED,32,,,0/00,EXISTING_MEAN_PRESERVED,8.2,,,,EXISTING_MEAN_PRESERVED,,,,,MISSING,ECOTOX,E_111830,E_T1340235,E_R801240,,,,,,,,Adult,Static,Total,ECOTOX_STANDARDIZED_TARGET_METAL,,,,,,,,,8.2,ECOTOX_REPORTED_OR_REPAIRED,
1022,1096448,130168,6825,Zn,"Sulfuric acid, Zinc salt (1:1)",Acartia lillgeborgi,Calanoida,Adult,2,Static,Formulation,,700,10,940,ug/L,700,ug/L,25,25,,,Toxicity Testing with Coastal Species of Southeastern Brazil. Mysids and Copepods,PRIMARY_RECOVERED,Nipper source-resolved Zn basis,65.38,SOURCE_VERIFIED_TARGET_ZN,0.7,10.706638115631693,2.3708639337473403,HARMONIZED,Nipper 1993 source check showed the reported concentrations are nominal Zn; formulation coding does not trigger compound-mass conversion.,CORE,YES,25,,,C,EXISTING_MEAN_PRESERVED,25,,,0/00,EXISTING_MEAN_PRESERVED,,,,,MISSING,,,,,MISSING,ECOTOX,E_6825,E_T1096448,E_R130168,,,,,,,,Adult,Static,Formulation,SOURCE_VERIFIED_TARGET_ZN,,,,,,,,,,NO_NUMERIC_PH,
1027,2095611,2175506,161986,Zn,"Sulfuric acid, Zinc salt (1:1)",Quinquelaophonte sp.,Harpacticoida,Adult,4,Static,Total,,0.38,0.32,0.46,mg/L,0.38,mg/L,20,30,8.25,,"Development of a Harpacticoid Copepod Bioassay:  Selection of Species and Relative Sensitivity to Zinc, Atrazine and Phenanthrene",PRIMARY_KEEP,Eligible copepod LC50 candidate,65.38,ECOTOX_STANDARDIZED_TARGET_METAL,0.38,5.812174977057205,1.759954851424367,HARMONIZED,ECOTOX standardized concentration used; for metal salts ECOTOX generally expresses concentration as active ionic form.,CORE,YES,20,,,C,EXISTING_MEAN_PRESERVED,30,,,0/00,EXISTING_MEAN_PRESERVED,,8,8.5,,RAW_RANGE_MIDPOINT_RECOVERED,,,,,MISSING,ECOTOX,E_161986,E_T2095611,E_R2175506,,,,,,,,Adult,Static,Total,ECOTOX_STANDARDIZED_TARGET_METAL,,,,,,,,,8.25,ECOTOX_REPORTED_OR_REPAIRED,
1028,2095611,2175507,161986,Zn,"Sulfuric acid, Zinc salt (1:1)",Quinquelaophonte sp.,Harpacticoida,Adult,4,Static,Total,,1.1,0.81,1.47,mg/L,1.1,mg/L,20,30,8.25,,"Development of a Harpacticoid Copepod Bioassay:  Selection of Species and Relative Sensitivity to Zinc, Atrazine and Phenanthrene",PRIMARY_KEEP,Eligible copepod LC50 candidate,65.38,ECOTOX_STANDARDIZED_TARGET_METAL,1.1,16.8247170388498,2.8228490574903975,HARMONIZED,ECOTOX standardized concentration used; for metal salts ECOTOX generally expresses concentration as active ionic form.,CORE,YES,20,,,C,EXISTING_MEAN_PRESERVED,30,,,0/00,EXISTING_MEAN_PRESERVED,,8,8.5,,RAW_RANGE_MIDPOINT_RECOVERED,,,,,MISSING,ECOTOX,E_161986,E_T2095611,E_R2175507,,,,,,,,Adult,Static,Total,ECOTOX_STANDARDIZED_TARGET_METAL,,,,,,,,,8.25,ECOTOX_REPORTED_OR_REPAIRED,
1029,2095611,2175498,161986,Zn,"Sulfuric acid, Zinc salt (1:1)",Quinquelaophonte sp.,Harpacticoida,Adult,4,Static,Total,,0.64,0.51,0.82,mg/L,0.64,mg/L,20,30,8.25,,"Development of a Harpacticoid Copepod Bioassay:  Selection of Species and Relative Sensitivity to Zinc, Atrazine and Phenanthrene",PRIMARY_KEEP,Eligible copepod LC50 candidate,65.38,ECOTOX_STANDARDIZED_TARGET_METAL,0.64,9.788926277148976,2.281251775057653,HARMONIZED,ECOTOX standardized concentration used; for metal salts ECOTOX generally expresses concentration as active ionic form.,CORE,YES,20,,,C,EXISTING_MEAN_PRESERVED,30,,,0/00,EXISTING_MEAN_PRESERVED,,8,8.5,,RAW_RANGE_MIDPOINT_RECOVERED,,,,,MISSING,ECOTOX,E_161986,E_T2095611,E_R2175498,,,,,,,,Adult,Static,Total,ECOTOX_STANDARDIZED_TARGET_METAL,,,,,,,,,8.25,ECOTOX_REPORTED_OR_REPAIRED,
1037,1096426,121122,6825,Zn,"Sulfuric acid, Zinc salt (1:1)",Temora stylifera,Calanoida,Adult,2,Static,Formulation,,40,20,80,ug/L,40,ug/L,25,33.5,,,Toxicity Testing with Coastal Species of Southeastern Brazil. Mysids and Copepods,PRIMARY_RECOVERED,Nipper source-resolved Zn basis,65.38,SOURCE_VERIFIED_TARGET_ZN,0.04,0.611807892321811,-0.4913369471821282,HARMONIZED,Nipper 1993 source check showed the reported concentrations are nominal Zn; formulation coding does not trigger compound-mass conversion.,CORE,YES,25,,,C,EXISTING_MEAN_PRESERVED,33.5,,,0/00,EXISTING_MEAN_PRESERVED,,,,,MISSING,,,,,MISSING,ECOTOX,E_6825,E_T1096426,E_R121122,,,,,,,,Adult,Static,Formulation,SOURCE_VERIFIED_TARGET_ZN,,,,,,,,,,NO_NUMERIC_PH,
1048,1096450,130170,6825,Zn,"Sulfuric acid, Zinc salt (1:1)",Acartia lillgeborgi,Calanoida,Adult,2,Static,Formulation,,890,600,1020,ug/L,890,ug/L,25,32,,,Toxicity Testing with Coastal Species of Southeastern Brazil. Mysids and Copepods,PRIMARY_RECOVERED,Nipper source-resolved Zn basis,65.38,SOURCE_VERIFIED_TARGET_ZN,0.89,13.612725604160294,2.611005061430121,HARMONIZED,Nipper 1993 source check showed the reported concentrations are nominal Zn; formulation coding does not trigger compound-mass conversion.,CORE,YES,25,,,C,EXISTING_MEAN_PRESERVED,32,,,0/00,EXISTING_MEAN_PRESERVED,,,,,MISSING,,,,,MISSING,ECOTOX,E_6825,E_T1096450,E_R130170,,,,,,,,Adult,Static,Formulation,SOURCE_VERIFIED_TARGET_ZN,,,,,,,,,,NO_NUMERIC_PH,
1054,1096425,121121,6825,Zn,"Sulfuric acid, Zinc salt (1:1)",Temora stylifera,Calanoida,Adult,2,Static,Formulation,,31,10,46,ug/L,31,ug/L,25,33.5,,,Toxicity Testing with Coastal Species of Southeastern Brazil. Mysids and Copepods,PRIMARY_RECOVERED,Nipper source-resolved Zn basis,65.38,SOURCE_VERIFIED_TARGET_ZN,0.031,0.4741511165494035,-0.7462291968109183,HARMONIZED,Nipper 1993 source check showed the reported concentrations are nominal Zn; formulation coding does not trigger compound-mass conversion.,CORE,YES,25,,,C,EXISTING_MEAN_PRESERVED,33.5,,,0/00,EXISTING_MEAN_PRESERVED,,,,,MISSING,,,,,MISSING,ECOTOX,E_6825,E_T1096425,E_R121121,,,,,,,,Adult,Static,Formulation,SOURCE_VERIFIED_TARGET_ZN,,,,,,,,,,NO_NUMERIC_PH,
1064,1096449,130169,6825,Zn,"Sulfuric acid, Zinc salt (1:1)",Acartia lillgeborgi,Calanoida,Adult,2,Static,Formulation,,550,0,860,ug/L,550,ug/L,25,28,,,Toxicity Testing with Coastal Species of Southeastern Brazil. Mysids and Copepods,PRIMARY_RECOVERED,Nipper source-resolved Zn basis,65.38,SOURCE_VERIFIED_TARGET_ZN,0.55,8.4123585194249,2.129701876930452,HARMONIZED,Nipper 1993 source check showed the reported concentrations are nominal Zn; formulation coding does not trigger compound-mass conversion.,CORE,YES,25,,,C,EXISTING_MEAN_PRESERVED,28,,,0/00,EXISTING_MEAN_PRESERVED,,,,,MISSING,,,,,MISSING,ECOTOX,E_6825,E_T1096449,E_R130169,,,,,,,,Adult,Static,Formulation,SOURCE_VERIFIED_TARGET_ZN,,,,,,,,,,NO_NUMERIC_PH,
1068,1096446,130166,6825,Zn,"Sulfuric acid, Zinc salt (1:1)",Acartia lillgeborgi,Calanoida,Adult,2,Static,Total,,420,310,560,ug/L,420,ug/L,25,33.5,,,Toxicity Testing with Coastal Species of Southeastern Brazil. Mysids and Copepods,PRIMARY_KEEP,Eligible copepod LC50 candidate,65.38,ECOTOX_STANDARDIZED_TARGET_METAL,0.42,6.4239828693790155,1.8600383099813496,HARMONIZED,ECOTOX standardized concentration used; for metal salts ECOTOX generally expresses concentration as active ionic form.,CORE,YES,25,,,C,EXISTING_MEAN_PRESERVED,33.5,,,0/00,EXISTING_MEAN_PRESERVED,,,,,MISSING,,,,,MISSING,ECOTOX,E_6825,E_T1096446,E_R130166,,,,,,,,Adult,Static,Total,ECOTOX_STANDARDIZED_TARGET_METAL,,,,,,,,,,NO_NUMERIC_PH,
1087,1096432,121128,6825,Zn,"Sulfuric acid, Zinc salt (1:1)",Temora stylifera,Calanoida,Adult,2,Static,Formulation,,31,10,46,ug/L,31,ug/L,25,32,,,Toxicity Testing with Coastal Species of Southeastern Brazil. Mysids and Copepods,PRIMARY_RECOVERED,Nipper source-resolved Zn basis,65.38,SOURCE_VERIFIED_TARGET_ZN,0.031,0.4741511165494035,-0.7462291968109183,HARMONIZED,Nipper 1993 source check showed the reported concentrations are nominal Zn; formulation coding does not trigger compound-mass conversion.,CORE,YES,25,,,C,EXISTING_MEAN_PRESERVED,32,,,0/00,EXISTING_MEAN_PRESERVED,,,,,MISSING,,,,,MISSING,ECOTOX,E_6825,E_T1096432,E_R121128,,,,,,,,Adult,Static,Formulation,SOURCE_VERIFIED_TARGET_ZN,,,,,,,,,,NO_NUMERIC_PH,
1106,2095567,2175478,161986,Zn,"Sulfuric acid, Zinc salt (1:1)",Robertsonia propinqua,Harpacticoida,Adult,4,Static,Total,,2,1.56,2.25,mg/L,2,mg/L,20,30,8.25,,"Development of a Harpacticoid Copepod Bioassay:  Selection of Species and Relative Sensitivity to Zinc, Atrazine and Phenanthrene",PRIMARY_KEEP,Eligible copepod LC50 candidate,65.38,ECOTOX_STANDARDIZED_TARGET_METAL,2,30.59039461609055,3.4206860582460177,HARMONIZED,ECOTOX standardized concentration used; for metal salts ECOTOX generally expresses concentration as active ionic form.,CORE,YES,20,,,C,EXISTING_MEAN_PRESERVED,30,,,0/00,EXISTING_MEAN_PRESERVED,,8,8.5,,RAW_RANGE_MIDPOINT_RECOVERED,,,,,MISSING,ECOTOX,E_161986,E_T2095567,E_R2175478,,,,,,,,Adult,Static,Total,ECOTOX_STANDARDIZED_TARGET_METAL,,,,,,,,,8.25,ECOTOX_REPORTED_OR_REPAIRED,
1125,1037874,104479,2332,Zn,"Sulfuric acid, Zinc salt (1:1)",Nitocra spinipes,Harpacticoida,,4,Flow-through,Total,,2800,2000,3900,ug/L,2800,ug/L,,25,,,A Flowthrough Fecundity Test with Nitocra spinipes (Harpacticoidea Crustacea) for Aquatic Toxicity,PRIMARY_KEEP,Eligible copepod LC50 candidate,65.38,ECOTOX_STANDARDIZED_TARGET_METAL,2.8,42.82655246252677,3.75715829486723,HARMONIZED,ECOTOX standardized concentration used; for metal salts ECOTOX generally expresses concentration as active ionic form.,CORE,YES,,,,,MISSING,25,,,0/00,EXISTING_MEAN_PRESERVED,,,,,MISSING,,,,,MISSING,ECOTOX,E_2332,E_T1037874,E_R104479,,,,,,,,NOT_REPORTED,Flow-through,Total,ECOTOX_STANDARDIZED_TARGET_METAL,,,,,,,,,,NO_NUMERIC_PH,
1144,2299150,2706689,5185,Zn,"Sulfuric acid, Zinc salt (1:1)",Nitocra spinipes,Harpacticoida,Adult,4,Static,Total,,4.3,3.6,5.1,mg/L,4.3,mg/L,21,7,7.8,,"The Acute Toxicity of 78 Chemicals and Pesticide Formulations Against Two Brackish Water Organisms, the Bleak (Alburnus alburnus) and the Harpacticoid Nitocra spinipes",PRIMARY_KEEP,Eligible copepod LC50 candidate,65.38,ECOTOX_STANDARDIZED_TARGET_METAL,4.3,65.76934842459468,4.186153900385589,HARMONIZED,ECOTOX standardized concentration used; for metal salts ECOTOX generally expresses concentration as active ionic form.,CORE,YES,21,20,22,C,EXISTING_MEAN_PRESERVED,7,,,0/00,EXISTING_MEAN_PRESERVED,7.8,,,,EXISTING_MEAN_PRESERVED,,,,,MISSING,ECOTOX,E_5185,E_T2299150,E_R2706689,,,,,,,,Adult,Static,Total,ECOTOX_STANDARDIZED_TARGET_METAL,,,,,,,,,7.8,ECOTOX_REPORTED_OR_REPAIRED,
1145,2101666,2186591,150008,Zn,"Sulfuric acid, Zinc salt (1:1)",Tigriopus japonicus,Harpacticoida,Nauplii,4,Renewal,Dissolved,,1.14,0.86,1.5,mg/L,1.14,mg/L,25,,,,Toxicities of Nano Zinc Oxide to Five Marine Organisms: Influences of Aggregate Size and Ion Solubility,PRIMARY_KEEP,Eligible copepod LC50 candidate,65.38,ECOTOX_STANDARDIZED_TARGET_METAL,1.14,17.436524931171615,2.8585671400924766,HARMONIZED,ECOTOX standardized concentration used; for metal salts ECOTOX generally expresses concentration as active ionic form.,CORE,YES,25,,,C,EXISTING_MEAN_PRESERVED,,,,,MISSING,,,,,MISSING,,,,,MISSING,ECOTOX,E_150008,E_T2101666,E_R2186591,,,,,,,,Nauplii,Renewal,Dissolved,ECOTOX_STANDARDIZED_TARGET_METAL,,,,,,,,,,NO_NUMERIC_PH,
1150,1037871,104476,2332,Zn,"Sulfuric acid, Zinc salt (1:1)",Nitocra spinipes,Harpacticoida,,4,Flow-through,Total,,2400,2000,2900,ug/L,2400,ug/L,,15,,,A Flowthrough Fecundity Test with Nitocra spinipes (Harpacticoidea Crustacea) for Aquatic Toxicity,PRIMARY_KEEP,Eligible copepod LC50 candidate,65.38,ECOTOX_STANDARDIZED_TARGET_METAL,2.4,36.708473539308656,3.603007615039973,HARMONIZED,ECOTOX standardized concentration used; for metal salts ECOTOX generally expresses concentration as active ionic form.,CORE,YES,,,,,MISSING,15,,,0/00,EXISTING_MEAN_PRESERVED,,,,,MISSING,,,,,MISSING,ECOTOX,E_2332,E_T1037871,E_R104476,,,,,,,,NOT_REPORTED,Flow-through,Total,ECOTOX_STANDARDIZED_TARGET_METAL,,,,,,,,,,NO_NUMERIC_PH,
1156,1278692,731972,62291,Zn,"Sulfuric acid, Zinc salt (1:1)",Tigriopus brevicornis,Harpacticoida,Adult,4,Renewal,Total,,715.2,666.4,764,ug/L,715.2,ug/L,20,34.75,7.92,,Influence of Different Essential and Non-Essential Metals on MTLP Levels in the Copepod Tigriopus brevicornis,PRIMARY_KEEP,Eligible copepod LC50 candidate,65.38,ECOTOX_STANDARDIZED_TARGET_METAL,0.7152000000000001,10.93912511471398,2.39234582256324,HARMONIZED,ECOTOX standardized concentration used; for metal salts ECOTOX generally expresses concentration as active ionic form.,CORE,YES,20,,,C,EXISTING_MEAN_PRESERVED,,34.5,35,%,RAW_RANGE_MIDPOINT_RECOVERED,,7.7,8.14,,RAW_RANGE_MIDPOINT_RECOVERED,,,,,MISSING,ECOTOX,E_62291,E_T1278692,E_R731972,,,,,,,,Adult,Renewal,Total,ECOTOX_STANDARDIZED_TARGET_METAL,,,,,,,,,7.92,ECOTOX_REPORTED_OR_REPAIRED,
1163,1053489,5143,3735,Cu,Copper chloride (CuCl),Pseudodiaptomus coronatus,Calanoida,Adult,4,Static,Total,,235.4,188.7,299.2,ppb,235.4,ppb,15,30,,,"Results of Acute Toxicity Tests Conducted with Copper at ERL, Narragansett",PRIMARY_KEEP,Eligible copepod LC50 candidate,63.546,ECOTOX_STANDARDIZED_TARGET_METAL,0.2354,3.7044031095584304,1.3095221417365892,HARMONIZED,ECOTOX standardized concentration used; for metal salts ECOTOX generally expresses concentration as active ionic form.,CORE,YES,15,,,C,EXISTING_MEAN_PRESERVED,30,,,0/00,EXISTING_MEAN_PRESERVED,,,,,MISSING,,,,,MISSING,ECOTOX,E_3735,E_T1053489,E_R5143,,,,,,,,Adult,Static,Total,ECOTOX_STANDARDIZED_TARGET_METAL,,,,,,,,,,NO_NUMERIC_PH,
1164,1053490,5144,3735,Cu,Copper chloride (CuCl),Eurytemora affinis,Calanoida,Adult,4,Static,Total,,0.928,0.761,1.119,ppm,0.928,ppm,15,30,,,"Results of Acute Toxicity Tests Conducted with Copper at ERL, Narragansett",PRIMARY_KEEP,Eligible copepod LC50 candidate,63.546,ECOTOX_STANDARDIZED_TARGET_METAL,0.928,14.60359424668744,2.6812676796966133,HARMONIZED,ECOTOX standardized concentration used; for metal salts ECOTOX generally expresses concentration as active ionic form.,CORE,YES,15,,,C,EXISTING_MEAN_PRESERVED,30,,,0/00,EXISTING_MEAN_PRESERVED,,,,,MISSING,,,,,MISSING,ECOTOX,E_3735,E_T1053490,E_R5144,,,,,,,,Adult,Static,Total,ECOTOX_STANDARDIZED_TARGET_METAL,,,,,,,,,,NO_NUMERIC_PH,
1165,1053488,5142,3735,Cu,Copper chloride (CuCl),Acartia tonsa,Calanoida,Adult,3,Static,Total,,58.1,40.2,82.9,ppb,58.1,ppb,10,30,,,"Results of Acute Toxicity Tests Conducted with Copper at ERL, Narragansett",PRIMARY_KEEP,Eligible copepod LC50 candidate,63.546,ECOTOX_STANDARDIZED_TARGET_METAL,0.0581,0.9142983035910994,-0.08959838923172156,HARMONIZED,ECOTOX standardized concentration used; for metal salts ECOTOX generally expresses concentration as active ionic form.,CORE,YES,10,,,C,EXISTING_MEAN_PRESERVED,30,,,0/00,EXISTING_MEAN_PRESERVED,,,,,MISSING,,,,,MISSING,ECOTOX,E_3735,E_T1053488,E_R5142,,,,,,,,Adult,Static,Total,ECOTOX_STANDARDIZED_TARGET_METAL,,,,,,,,,,NO_NUMERIC_PH,
1166,1301502,757396,115854,Cu,Copper chloride (CuCl),Tigriopus japonicus,Harpacticoida,Adult,4,"Aquatic, unspecified",Total,,1175,,,ug/L,1175,ug/L,25,33,8.25,,Copper Toxicity in the Marine Copepod Tigropus japonicus:  Low Variability and High Reproducibility of Repeated Acute and Life-Cycle Tests,PRIMARY_KEEP,Eligible copepod LC50 candidate,63.546,ECOTOX_STANDARDIZED_TARGET_METAL,1.175,18.49054228432946,2.917259373488672,HARMONIZED,ECOTOX standardized concentration used; for metal salts ECOTOX generally expresses concentration as active ionic form.,CORE,YES,25,,,C,EXISTING_MEAN_PRESERVED,33,,,0/00,EXISTING_MEAN_PRESERVED,,8.1,8.4,,RAW_RANGE_MIDPOINT_RECOVERED,,,,,MISSING,ECOTOX,E_115854,E_T1301502,E_R757396,,,,,,,,Adult,"Aquatic, unspecified",Total,ECOTOX_STANDARDIZED_TARGET_METAL,,,,,,,,,8.25,ECOTOX_REPORTED_OR_REPAIRED,
1167,1053487,5141,3735,Cu,Copper chloride (CuCl),Acartia clausi,Calanoida,Adult,4,Static,Total,,0.049,0.04,0.06,ppm,0.049,ppm,10,30,,,"Results of Acute Toxicity Tests Conducted with Copper at ERL, Narragansett",PRIMARY_KEEP,Eligible copepod LC50 candidate,63.546,ECOTOX_STANDARDIZED_TARGET_METAL,0.049,0.771094954835867,-0.2599437549789605,HARMONIZED,ECOTOX standardized concentration used; for metal salts ECOTOX generally expresses concentration as active ionic form.,CORE,YES,10,,,C,EXISTING_MEAN_PRESERVED,30,,,0/00,EXISTING_MEAN_PRESERVED,,,,,MISSING,,,,,MISSING,ECOTOX,E_3735,E_T1053487,E_R5141,,,,,,,,Adult,Static,Total,ECOTOX_STANDARDIZED_TARGET_METAL,,,,,,,,,,NO_NUMERIC_PH,
1168,2307797,2748544,192310,Pb,Lead chloride (PbCl2),Acartia danae,Calanoida,Adult,4,Renewal,Dissolved,,0.1,,,mg/L,0.1,mg/L,26,29.5,7.8,,"Prescribing Sea Water Quality Criteria for Arsenic, Cadmium and Lead Through Species Sensitivity Distribution",PRIMARY_KEEP,Eligible copepod LC50 candidate,207.2,ECOTOX_STANDARDIZED_TARGET_METAL,0.1,0.48262548262548266,-0.7285143243972365,HARMONIZED,ECOTOX standardized concentration used; for metal salts ECOTOX generally expresses concentration as active ionic form.,DESCRIPTIVE,NO,26,,,C,EXISTING_MEAN_PRESERVED,29.5,,,PSU,EXISTING_MEAN_PRESERVED,7.8,,,,EXISTING_MEAN_PRESERVED,,,,,MISSING,ECOTOX,E_192310,E_T2307797,E_R2748544,,,,,,,,Adult,Renewal,Dissolved,ECOTOX_STANDARDIZED_TARGET_METAL,,,,,,,,,7.8,ECOTOX_REPORTED_OR_REPAIRED,
1172,2307792,2748535,192310,Pb,Lead chloride (PbCl2),Oithona similis,Cyclopoida,Adult,4,Renewal,Dissolved,,0.05,,,mg/L,0.05,mg/L,26,29.5,7.8,,"Prescribing Sea Water Quality Criteria for Arsenic, Cadmium and Lead Through Species Sensitivity Distribution",PRIMARY_KEEP,Eligible copepod LC50 candidate,207.2,ECOTOX_STANDARDIZED_TARGET_METAL,0.05,0.24131274131274133,-1.421661504957182,HARMONIZED,ECOTOX standardized concentration used; for metal salts ECOTOX generally expresses concentration as active ionic form.,DESCRIPTIVE,NO,26,,,C,EXISTING_MEAN_PRESERVED,29.5,,,PSU,EXISTING_MEAN_PRESERVED,7.8,,,,EXISTING_MEAN_PRESERVED,,,,,MISSING,ECOTOX,E_192310,E_T2307792,E_R2748535,,,,,,,,Adult,Renewal,Dissolved,ECOTOX_STANDARDIZED_TARGET_METAL,,,,,,,,,7.8,ECOTOX_REPORTED_OR_REPAIRED,
1191,2146952,2279335,166028,Cu,Sulfuric acid copper(2+) salt (1:1),Tigriopus fulvus,Harpacticoida,Nauplii,2,Static,Total,,0.23,,,mg/L,0.23,mg/L,20,38,8,,"Assessment of Individual and Combined Toxicities of Three Heavy Metals (Cu, Cd and Hg) by Using Tigriopus fulvus",PRIMARY_KEEP,Eligible copepod LC50 candidate,63.546,ECOTOX_STANDARDIZED_TARGET_METAL,0.23,3.6194252982091712,1.2863152558336082,HARMONIZED,ECOTOX standardized concentration used; for metal salts ECOTOX generally expresses concentration as active ionic form.,CORE,YES,20,,,C,EXISTING_MEAN_PRESERVED,38,,,0/00,EXISTING_MEAN_PRESERVED,8,,,,EXISTING_MEAN_PRESERVED,,,,,MISSING,ECOTOX,E_166028,E_T2146952,E_R2279335,,,,,,,,Nauplii,Static,Total,ECOTOX_STANDARDIZED_TARGET_METAL,,,,,,,,,8,ECOTOX_REPORTED_OR_REPAIRED,
1198,1070626,12731,5563,Cu,Sulfuric acid copper(2+) salt (1:1),Acartia simplex,Calanoida,Multiple,1,Static,Total,,200,80,310,ug/L,200,ug/L,17,35,,,"Acute Toxicity of Copper, Cadmium and Zinc to Three Species of Marine Copepod",PRIMARY_KEEP,Eligible copepod LC50 candidate,63.546,ECOTOX_STANDARDIZED_TARGET_METAL,0.2,3.1473263462688448,1.1465533134584496,HARMONIZED,ECOTOX standardized concentration used; for metal salts ECOTOX generally expresses concentration as active ionic form.,CORE,YES,17,,,C,EXISTING_MEAN_PRESERVED,,34.5,35.5,0/00,RAW_RANGE_MIDPOINT_RECOVERED,,,,,MISSING,,,,,MISSING,ECOTOX,E_5563,E_T1070626,E_R12731,,,,,,,,Multiple,Static,Total,ECOTOX_STANDARDIZED_TARGET_METAL,,,,,,,,,,NO_NUMERIC_PH,
1201,1155887,159531,13507,Cu,Sulfuric acid copper(2+) salt (1:1),Tisbe furcata,Harpacticoida,,4,Renewal,Dissolved,,178,,,ug/L,178,ug/L,13,34,8,,Use of Life Tables and LC50 Tests to Evaluate Chronic and Acute Toxicity Effects of Copper on the Marine Copepod Tisbe furcata (Baird),PRIMARY_KEEP,Eligible copepod LC50 candidate,63.546,ECOTOX_STANDARDIZED_TARGET_METAL,0.178,2.8011204481792715,1.030019497202498,HARMONIZED,ECOTOX standardized concentration used; for metal salts ECOTOX generally expresses concentration as active ionic form.,CORE,YES,,11,15,C,RAW_RANGE_MIDPOINT_RECOVERED,34,,,0/00,EXISTING_MEAN_PRESERVED,8,,,,EXISTING_MEAN_PRESERVED,,,,,MISSING,ECOTOX,E_13507,E_T1155887,E_R159531,,,,,,,,NOT_REPORTED,Renewal,Dissolved,ECOTOX_STANDARDIZED_TARGET_METAL,,,,,,,,,8,ECOTOX_REPORTED_OR_REPAIRED,
1206,1135994,90926,11097,Cu,Sulfuric acid copper(2+) salt (1:1),Tisbe holothuriae,Harpacticoida,Nauplii,2,Static,Total,,314.2,,,ug/L,314.2,ug/L,18,38,,,Differentiation of the Sensitivity to Copper and Cadmium in Different Life Stages of a Copepod,PRIMARY_KEEP,Eligible copepod LC50 candidate,63.546,ECOTOX_STANDARDIZED_TARGET_METAL,0.3142,4.944449689988355,1.5982656727319335,HARMONIZED,ECOTOX standardized concentration used; for metal salts ECOTOX generally expresses concentration as active ionic form.,CORE,YES,18,,,C,EXISTING_MEAN_PRESERVED,38,,,0/00,EXISTING_MEAN_PRESERVED,,,,,MISSING,,,,,MISSING,ECOTOX,E_11097,E_T1135994,E_R90926,,,,,,,,Nauplii,Static,Total,ECOTOX_STANDARDIZED_TARGET_METAL,,,,,,,,,,NO_NUMERIC_PH,
1213,1310646,767829,14474,Cu,Sulfuric acid copper(2+) salt (1:1),Tisbe holothuriae,Harpacticoida,Adult,2,Static,Total,,0.5289,,,mg/L,0.5289,mg/L,,,,,"Lethal and Sublethal Effects of Some Contaminants (Heavy Metals, Oil, Dispersants) to Marine Planktonic Animals",PRIMARY_KEEP,Eligible copepod LC50 candidate,63.546,ECOTOX_STANDARDIZED_TARGET_METAL,0.5289,8.323104522707961,2.119035324982347,HARMONIZED,ECOTOX standardized concentration used; for metal salts ECOTOX generally expresses concentration as active ionic form.,CORE,YES,,,,,MISSING,,,,,MISSING,,,,,MISSING,,,,,MISSING,ECOTOX,E_14474,E_T1310646,E_R767829,,,,,,,,Adult,Static,Total,ECOTOX_STANDARDIZED_TARGET_METAL,,,,,,,,,,NO_NUMERIC_PH,
1236,1078431,102405,6045,Cu,Sulfuric acid copper(2+) salt (1:1),Metridia pacifica,Calanoida,,1,Static,Total,,176,,,ppb,176,ppb,17,31.5,,,A Controlled Environmental Pollution Experiment (CEPEX) and Its Usefulness in the Study of Larger Marine Zooplankton Under Toxic Stress,PRIMARY_KEEP,Eligible copepod LC50 candidate,63.546,ECOTOX_STANDARDIZED_TARGET_METAL,0.176,2.7696471847165833,1.0187199419485646,HARMONIZED,ECOTOX standardized concentration used; for metal salts ECOTOX generally expresses concentration as active ionic form.,CORE,YES,,13,21,C,RAW_RANGE_MIDPOINT_RECOVERED,,27,36,0/00,RAW_RANGE_MIDPOINT_RECOVERED,,,,,MISSING,,,,,MISSING,ECOTOX,E_6045,E_T1078431,E_R102405,,,,,,,,NOT_REPORTED,Static,Total,ECOTOX_STANDARDIZED_TARGET_METAL,,,,,,,,,,NO_NUMERIC_PH,
1252,2148404,2283208,156333,Cu,Sulfuric acid copper(2+) salt (1:1),Robertgurneya hopkinsi,Harpacticoida,Adult,4,"Aquatic, unspecified",Dissolved,,238,,,ug/L,238,ug/L,21,30,,,An Assessment of Three Harpacticoid Copepod Species for Use in Ecotoxicological Testing,PRIMARY_KEEP,Eligible copepod LC50 candidate,63.546,ECOTOX_STANDARDIZED_TARGET_METAL,0.238,3.745318352059925,1.3205066205818874,HARMONIZED,ECOTOX standardized concentration used; for metal salts ECOTOX generally expresses concentration as active ionic form.,CORE,YES,21,,,C,EXISTING_MEAN_PRESERVED,30,,,PSU,EXISTING_MEAN_PRESERVED,,,,,MISSING,,,,,MISSING,ECOTOX,E_156333,E_T2148404,E_R2283208,,,,,,,,Adult,"Aquatic, unspecified",Dissolved,ECOTOX_STANDARDIZED_TARGET_METAL,,,,,,,,,,NO_NUMERIC_PH,
1255,1078425,89398,6045,Cu,Sulfuric acid copper(2+) salt (1:1),Calanus plumchrus,Calanoida,,1,Static,Total,,2778,,,ppb,2778,ppb,17,31.5,,,A Controlled Environmental Pollution Experiment (CEPEX) and Its Usefulness in the Study of Larger Marine Zooplankton Under Toxic Stress,PRIMARY_KEEP,Eligible copepod LC50 candidate,63.546,ECOTOX_STANDARDIZED_TARGET_METAL,2.778,43.71636294967425,3.7777224702247016,HARMONIZED,ECOTOX standardized concentration used; for metal salts ECOTOX generally expresses concentration as active ionic form.,CORE,YES,,13,21,C,RAW_RANGE_MIDPOINT_RECOVERED,,27,36,0/00,RAW_RANGE_MIDPOINT_RECOVERED,,,,,MISSING,,,,,MISSING,ECOTOX,E_6045,E_T1078425,E_R89398,,,,,,,,NOT_REPORTED,Static,Total,ECOTOX_STANDARDIZED_TARGET_METAL,,,,,,,,,,NO_NUMERIC_PH,
1262,1310647,767830,14474,Cu,Sulfuric acid copper(2+) salt (1:1),Tisbe holothuriae,Harpacticoida,Adult,2,Static,Total,,0.4473,,,mg/L,0.4473,mg/L,,,,,"Lethal and Sublethal Effects of Some Contaminants (Heavy Metals, Oil, Dispersants) to Marine Planktonic Animals",PRIMARY_KEEP,Eligible copepod LC50 candidate,63.546,ECOTOX_STANDARDIZED_TARGET_METAL,0.4473,7.038995373430271,1.9514654573492152,HARMONIZED,ECOTOX standardized concentration used; for metal salts ECOTOX generally expresses concentration as active ionic form.,CORE,YES,,,,,MISSING,,,,,MISSING,,,,,MISSING,,,,,MISSING,ECOTOX,E_14474,E_T1310647,E_R767830,,,,,,,,Adult,Static,Total,ECOTOX_STANDARDIZED_TARGET_METAL,,,,,,,,,,NO_NUMERIC_PH,
1263,2136233,2252278,153073,Cu,Sulfuric acid copper(2+) salt (1:1),Paracyclopina nana,Cyclopoida,Adult,4,Renewal,Total,,0.8,0.76,0.91,mg/L,0.8,mg/L,25,15,,,"Molecular Characterization and Expression of Vitellogenin (Vg) Genes from the Cyclopoid Copepod, Paracyclopina nana Exposed to Heavy Metals",PRIMARY_KEEP,Eligible copepod LC50 candidate,63.546,ECOTOX_STANDARDIZED_TARGET_METAL,0.8,12.58930538507538,2.53284767457834,HARMONIZED,ECOTOX standardized concentration used; for metal salts ECOTOX generally expresses concentration as active ionic form.,CORE,YES,25,,,C,EXISTING_MEAN_PRESERVED,15,,,0/00,EXISTING_MEAN_PRESERVED,,,,,MISSING,,,,,MISSING,ECOTOX,E_153073,E_T2136233,E_R2252278,,,,,,,,Adult,Renewal,Total,ECOTOX_STANDARDIZED_TARGET_METAL,,,,,,,,,,NO_NUMERIC_PH,
1271,1310648,767831,14474,Cu,Sulfuric acid copper(2+) salt (1:1),Tisbe holothuriae,Harpacticoida,,2,Static,Total,,0.4281,,,mg/L,0.4281,mg/L,,,,,"Lethal and Sublethal Effects of Some Contaminants (Heavy Metals, Oil, Dispersants) to Marine Planktonic Animals",PRIMARY_KEEP,Eligible copepod LC50 candidate,63.546,ECOTOX_STANDARDIZED_TARGET_METAL,0.4281,6.736852044188462,1.9075927600613132,HARMONIZED,ECOTOX standardized concentration used; for metal salts ECOTOX generally expresses concentration as active ionic form.,CORE,YES,,,,,MISSING,,,,,MISSING,,,,,MISSING,,,,,MISSING,ECOTOX,E_14474,E_T1310648,E_R767831,,,,,,,,NOT_REPORTED,Static,Total,ECOTOX_STANDARDIZED_TARGET_METAL,,,,,,,,,,NO_NUMERIC_PH,
1285,1135996,90928,11097,Cu,Sulfuric acid copper(2+) salt (1:1),Tisbe holothuriae,Harpacticoida,Copepodid,2,Static,Total,,528.9,,,ug/L,528.9,ug/L,18,38,,,Differentiation of the Sensitivity to Copper and Cadmium in Different Life Stages of a Copepod,PRIMARY_KEEP,Eligible copepod LC50 candidate,63.546,ECOTOX_STANDARDIZED_TARGET_METAL,0.5288999999999999,8.32310452270796,2.119035324982347,HARMONIZED,ECOTOX standardized concentration used; for metal salts ECOTOX generally expresses concentration as active ionic form.,CORE,YES,18,,,C,EXISTING_MEAN_PRESERVED,38,,,0/00,EXISTING_MEAN_PRESERVED,,,,,MISSING,,,,,MISSING,ECOTOX,E_11097,E_T1135996,E_R90928,,,,,,,,Copepodid,Static,Total,ECOTOX_STANDARDIZED_TARGET_METAL,,,,,,,,,,NO_NUMERIC_PH,
1295,1310618,767801,14474,Cu,Sulfuric acid copper(2+) salt (1:1),Tisbe holothuriae,Harpacticoida,,2,Static,Total,,0.4187,,,mg/L,0.4187,mg/L,,,,,"Lethal and Sublethal Effects of Some Contaminants (Heavy Metals, Oil, Dispersants) to Marine Planktonic Animals",PRIMARY_KEEP,Eligible copepod LC50 candidate,63.546,ECOTOX_STANDARDIZED_TARGET_METAL,0.4187,6.588927705913826,1.8853906199355104,HARMONIZED,ECOTOX standardized concentration used; for metal salts ECOTOX generally expresses concentration as active ionic form.,CORE,YES,,,,,MISSING,,,,,MISSING,,,,,MISSING,,,,,MISSING,ECOTOX,E_14474,E_T1310618,E_R767801,,,,,,,,NOT_REPORTED,Static,Total,ECOTOX_STANDARDIZED_TARGET_METAL,,,,,,,,,,NO_NUMERIC_PH,
1298,1310619,767802,14474,Cu,Sulfuric acid copper(2+) salt (1:1),Tisbe holothuriae,Harpacticoida,,2,Static,Total,,0.4451,,,mg/L,0.4451,mg/L,,,,,"Lethal and Sublethal Effects of Some Contaminants (Heavy Metals, Oil, Dispersants) to Marine Planktonic Animals",PRIMARY_KEEP,Eligible copepod LC50 candidate,63.546,ECOTOX_STANDARDIZED_TARGET_METAL,0.4451,7.004374783621314,1.9465349229322215,HARMONIZED,ECOTOX standardized concentration used; for metal salts ECOTOX generally expresses concentration as active ionic form.,CORE,YES,,,,,MISSING,,,,,MISSING,,,,,MISSING,,,,,MISSING,ECOTOX,E_14474,E_T1310619,E_R767802,,,,,,,,NOT_REPORTED,Static,Total,ECOTOX_STANDARDIZED_TARGET_METAL,,,,,,,,,,NO_NUMERIC_PH,
1304,1078436,102816,6045,Cu,Sulfuric acid copper(2+) salt (1:1),Undinula vulgaris,Calanoida,,1,Static,Total,,192,,,ppb,192,ppb,17,31.5,,,A Controlled Environmental Pollution Experiment (CEPEX) and Its Usefulness in the Study of Larger Marine Zooplankton Under Toxic Stress,PRIMARY_KEEP,Eligible copepod LC50 candidate,63.546,ECOTOX_STANDARDIZED_TARGET_METAL,0.192,3.0214332924180907,1.1057313189381943,HARMONIZED,ECOTOX standardized concentration used; for metal salts ECOTOX generally expresses concentration as active ionic form.,CORE,YES,,13,21,C,RAW_RANGE_MIDPOINT_RECOVERED,,27,36,0/00,RAW_RANGE_MIDPOINT_RECOVERED,,,,,MISSING,,,,,MISSING,ECOTOX,E_6045,E_T1078436,E_R102816,,,,,,,,NOT_REPORTED,Static,Total,ECOTOX_STANDARDIZED_TARGET_METAL,,,,,,,,,,NO_NUMERIC_PH,
1312,1310621,767804,14474,Cu,Sulfuric acid copper(2+) salt (1:1),Tisbe holothuriae,Harpacticoida,,2,Static,Total,,0.4281,,,mg/L,0.4281,mg/L,,,,,"Lethal and Sublethal Effects of Some Contaminants (Heavy Metals, Oil, Dispersants) to Marine Planktonic Animals",PRIMARY_KEEP,Eligible copepod LC50 candidate,63.546,ECOTOX_STANDARDIZED_TARGET_METAL,0.4281,6.736852044188462,1.9075927600613132,HARMONIZED,ECOTOX standardized concentration used; for metal salts ECOTOX generally expresses concentration as active ionic form.,CORE,YES,,,,,MISSING,,,,,MISSING,,,,,MISSING,,,,,MISSING,ECOTOX,E_14474,E_T1310621,E_R767804,,,,,,,,NOT_REPORTED,Static,Total,ECOTOX_STANDARDIZED_TARGET_METAL,,,,,,,,,,NO_NUMERIC_PH,
1315,1179974,82523,15726,Cu,Sulfuric acid copper(2+) salt (1:1),Tisbe holothuriae,Harpacticoida,Adult,2,Static,Total,,80,,,ug/L,80,ug/L,24,,,,"Individual and Combined Toxicity of Three Heavy Metals, Cu, Cd and Cr for the Marine Copepod Tisbe holothuriae",PRIMARY_KEEP,Eligible copepod LC50 candidate,63.546,ECOTOX_STANDARDIZED_TARGET_METAL,0.08,1.2589305385075378,0.2302625815842944,HARMONIZED,ECOTOX standardized concentration used; for metal salts ECOTOX generally expresses concentration as active ionic form.,CORE,YES,24,,,C,EXISTING_MEAN_PRESERVED,,,,,MISSING,,,,,MISSING,,,,,MISSING,ECOTOX,E_15726,E_T1179974,E_R82523,,,,,,,,Adult,Static,Total,ECOTOX_STANDARDIZED_TARGET_METAL,,,,,,,,,,NO_NUMERIC_PH,
1321,1078474,231987,6045,Cu,Sulfuric acid copper(2+) salt (1:1),Euchaeta marina,Calanoida,,1,Static,Total,,188,,,ppb,188,ppb,17,31.5,,,A Controlled Environmental Pollution Experiment (CEPEX) and Its Usefulness in the Study of Larger Marine Zooplankton Under Toxic Stress,PRIMARY_KEEP,Eligible copepod LC50 candidate,63.546,ECOTOX_STANDARDIZED_TARGET_METAL,0.188,2.958486765492714,1.084677909740362,HARMONIZED,ECOTOX standardized concentration used; for metal salts ECOTOX generally expresses concentration as active ionic form.,CORE,YES,,13,21,C,RAW_RANGE_MIDPOINT_RECOVERED,,27,36,0/00,RAW_RANGE_MIDPOINT_RECOVERED,,,,,MISSING,,,,,MISSING,ECOTOX,E_6045,E_T1078474,E_R231987,,,,,,,,NOT_REPORTED,Static,Total,ECOTOX_STANDARDIZED_TARGET_METAL,,,,,,,,,,NO_NUMERIC_PH,
1324,1135997,90929,11097,Cu,Sulfuric acid copper(2+) salt (1:1),Tisbe holothuriae,Harpacticoida,,2,Static,Total,,447.3,,,ug/L,447.3,ug/L,18,38,,,Differentiation of the Sensitivity to Copper and Cadmium in Different Life Stages of a Copepod,PRIMARY_KEEP,Eligible copepod LC50 candidate,63.546,ECOTOX_STANDARDIZED_TARGET_METAL,0.4473,7.0389953734302715,1.9514654573492152,HARMONIZED,ECOTOX standardized concentration used; for metal salts ECOTOX generally expresses concentration as active ionic form.,CORE,YES,18,,,C,EXISTING_MEAN_PRESERVED,38,,,0/00,EXISTING_MEAN_PRESERVED,,,,,MISSING,,,,,MISSING,ECOTOX,E_11097,E_T1135997,E_R90929,,,,,,,,NOT_REPORTED,Static,Total,ECOTOX_STANDARDIZED_TARGET_METAL,,,,,,,,,,NO_NUMERIC_PH,
1327,1078421,66949,6045,Cu,Sulfuric acid copper(2+) salt (1:1),Labidocera scotti,Calanoida,,1,Static,Total,,132,,,ppb,132,ppb,17,31.5,,,A Controlled Environmental Pollution Experiment (CEPEX) and Its Usefulness in the Study of Larger Marine Zooplankton Under Toxic Stress,PRIMARY_KEEP,Eligible copepod LC50 candidate,63.546,ECOTOX_STANDARDIZED_TARGET_METAL,0.132,2.0772353885374373,0.7310378694967836,HARMONIZED,ECOTOX standardized concentration used; for metal salts ECOTOX generally expresses concentration as active ionic form.,CORE,YES,,13,21,C,RAW_RANGE_MIDPOINT_RECOVERED,,27,36,0/00,RAW_RANGE_MIDPOINT_RECOVERED,,,,,MISSING,,,,,MISSING,ECOTOX,E_6045,E_T1078421,E_R66949,,,,,,,,NOT_REPORTED,Static,Total,ECOTOX_STANDARDIZED_TARGET_METAL,,,,,,,,,,NO_NUMERIC_PH,
1336,1135998,90930,11097,Cu,Sulfuric acid copper(2+) salt (1:1),Tisbe holothuriae,Harpacticoida,,2,Static,Total,,428.1,,,ug/L,428.1,ug/L,18,38,,,Differentiation of the Sensitivity to Copper and Cadmium in Different Life Stages of a Copepod,PRIMARY_KEEP,Eligible copepod LC50 candidate,63.546,ECOTOX_STANDARDIZED_TARGET_METAL,0.4281,6.7368520441884625,1.9075927600613136,HARMONIZED,ECOTOX standardized concentration used; for metal salts ECOTOX generally expresses concentration as active ionic form.,CORE,YES,18,,,C,EXISTING_MEAN_PRESERVED,38,,,0/00,EXISTING_MEAN_PRESERVED,,,,,MISSING,,,,,MISSING,ECOTOX,E_11097,E_T1135998,E_R90930,,,,,,,,NOT_REPORTED,Static,Total,ECOTOX_STANDARDIZED_TARGET_METAL,,,,,,,,,,NO_NUMERIC_PH,
1358,1070627,12732,5563,Cu,Sulfuric acid copper(2+) salt (1:1),Paracalanus parvus,Calanoida,Multiple,1,Static,Total,,190,160,220,ug/L,190,ug/L,17,35,,,"Acute Toxicity of Copper, Cadmium and Zinc to Three Species of Marine Copepod",PRIMARY_KEEP,Eligible copepod LC50 candidate,63.546,ECOTOX_STANDARDIZED_TARGET_METAL,0.19,2.9899600289554025,1.095260019070899,HARMONIZED,ECOTOX standardized concentration used; for metal salts ECOTOX generally expresses concentration as active ionic form.,CORE,YES,17,,,C,EXISTING_MEAN_PRESERVED,,34.5,35.5,0/00,RAW_RANGE_MIDPOINT_RECOVERED,,,,,MISSING,,,,,MISSING,ECOTOX,E_5563,E_T1070627,E_R12732,,,,,,,,Multiple,Static,Total,ECOTOX_STANDARDIZED_TARGET_METAL,,,,,,,,,,NO_NUMERIC_PH,
1371,1310620,767803,14474,Cu,Sulfuric acid copper(2+) salt (1:1),Tisbe holothuriae,Harpacticoida,,2,Static,Total,,0.5177,,,mg/L,0.5177,mg/L,,,,,"Lethal and Sublethal Effects of Some Contaminants (Heavy Metals, Oil, Dispersants) to Marine Planktonic Animals",PRIMARY_KEEP,Eligible copepod LC50 candidate,63.546,ECOTOX_STANDARDIZED_TARGET_METAL,0.5177,8.146854247316906,2.097631870818269,HARMONIZED,ECOTOX standardized concentration used; for metal salts ECOTOX generally expresses concentration as active ionic form.,CORE,YES,,,,,MISSING,,,,,MISSING,,,,,MISSING,,,,,MISSING,ECOTOX,E_14474,E_T1310620,E_R767803,,,,,,,,NOT_REPORTED,Static,Total,ECOTOX_STANDARDIZED_TARGET_METAL,,,,,,,,,,NO_NUMERIC_PH,
1374,1178108,69500,15500,Cu,Sulfuric acid copper(2+) salt (1:1),Tisbe holothuriae,Harpacticoida,,2,Static,Total,,428,,,ug/L,428,ug/L,18,,,,Effects of Copper Sulphate on Tisbe holothuriae Humes (Copepoda) and Development of Tolerance to Copper,PRIMARY_KEEP,Eligible copepod LC50 candidate,63.546,ECOTOX_STANDARDIZED_TARGET_METAL,0.428,6.735278381015328,1.9073591424922096,HARMONIZED,ECOTOX standardized concentration used; for metal salts ECOTOX generally expresses concentration as active ionic form.,CORE,YES,18,,,C,EXISTING_MEAN_PRESERVED,,,,,MISSING,,,,,MISSING,,,,,MISSING,ECOTOX,E_15500,E_T1178108,E_R69500,,,,,,,,NOT_REPORTED,Static,Total,ECOTOX_STANDARDIZED_TARGET_METAL,,,,,,,,,,NO_NUMERIC_PH,
1375,1135995,90927,11097,Cu,Sulfuric acid copper(2+) salt (1:1),Tisbe holothuriae,Harpacticoida,Nauplii,2,Static,Total,,341.5,,,ug/L,341.5,ug/L,18,38,,,Differentiation of the Sensitivity to Copper and Cadmium in Different Life Stages of a Copepod,PRIMARY_KEEP,Eligible copepod LC50 candidate,63.546,ECOTOX_STANDARDIZED_TARGET_METAL,0.3415,5.374059736254052,1.6815836259212575,HARMONIZED,ECOTOX standardized concentration used; for metal salts ECOTOX generally expresses concentration as active ionic form.,CORE,YES,18,,,C,EXISTING_MEAN_PRESERVED,38,,,0/00,EXISTING_MEAN_PRESERVED,,,,,MISSING,,,,,MISSING,ECOTOX,E_11097,E_T1135995,E_R90927,,,,,,,,Nauplii,Static,Total,ECOTOX_STANDARDIZED_TARGET_METAL,,,,,,,,,,NO_NUMERIC_PH,
1377,1310644,767827,14474,Cu,Sulfuric acid copper(2+) salt (1:1),Tisbe holothuriae,Harpacticoida,Nauplii,2,Static,Total,,0.3415,,,mg/L,0.3415,mg/L,,,,,"Lethal and Sublethal Effects of Some Contaminants (Heavy Metals, Oil, Dispersants) to Marine Planktonic Animals",PRIMARY_KEEP,Eligible copepod LC50 candidate,63.546,ECOTOX_STANDARDIZED_TARGET_METAL,0.3415,5.374059736254052,1.6815836259212575,HARMONIZED,ECOTOX standardized concentration used; for metal salts ECOTOX generally expresses concentration as active ionic form.,CORE,YES,,,,,MISSING,,,,,MISSING,,,,,MISSING,,,,,MISSING,ECOTOX,E_14474,E_T1310644,E_R767827,,,,,,,,Nauplii,Static,Total,ECOTOX_STANDARDIZED_TARGET_METAL,,,,,,,,,,NO_NUMERIC_PH,
1381,1310643,767826,14474,Cu,Sulfuric acid copper(2+) salt (1:1),Tisbe holothuriae,Harpacticoida,Nauplii,2,Static,Total,,0.3142,,,mg/L,0.3142,mg/L,,,,,"Lethal and Sublethal Effects of Some Contaminants (Heavy Metals, Oil, Dispersants) to Marine Planktonic Animals",PRIMARY_KEEP,Eligible copepod LC50 candidate,63.546,ECOTOX_STANDARDIZED_TARGET_METAL,0.3142,4.944449689988355,1.5982656727319335,HARMONIZED,ECOTOX standardized concentration used; for metal salts ECOTOX generally expresses concentration as active ionic form.,CORE,YES,,,,,MISSING,,,,,MISSING,,,,,MISSING,,,,,MISSING,ECOTOX,E_14474,E_T1310643,E_R767826,,,,,,,,Nauplii,Static,Total,ECOTOX_STANDARDIZED_TARGET_METAL,,,,,,,,,,NO_NUMERIC_PH,
1383,1310622,767805,14474,Cu,Sulfuric acid copper(2+) salt (1:1),Tisbe holothuriae,Harpacticoida,,2,Static,Total,,0.428,,,mg/L,0.428,mg/L,,,,,"Lethal and Sublethal Effects of Some Contaminants (Heavy Metals, Oil, Dispersants) to Marine Planktonic Animals",PRIMARY_KEEP,Eligible copepod LC50 candidate,63.546,ECOTOX_STANDARDIZED_TARGET_METAL,0.428,6.735278381015328,1.9073591424922096,HARMONIZED,ECOTOX standardized concentration used; for metal salts ECOTOX generally expresses concentration as active ionic form.,CORE,YES,,,,,MISSING,,,,,MISSING,,,,,MISSING,,,,,MISSING,ECOTOX,E_14474,E_T1310622,E_R767805,,,,,,,,NOT_REPORTED,Static,Total,ECOTOX_STANDARDIZED_TARGET_METAL,,,,,,,,,,NO_NUMERIC_PH,
1389,1070628,12733,5563,Cu,Sulfuric acid copper(2+) salt (1:1),Scutellidium sp.,Harpacticoida,Multiple,1,Static,Total,,180,120,230,ug/L,180,ug/L,17,35,,,"Acute Toxicity of Copper, Cadmium and Zinc to Three Species of Marine Copepod",PRIMARY_KEEP,Eligible copepod LC50 candidate,63.546,ECOTOX_STANDARDIZED_TARGET_METAL,0.18,2.83259371164196,1.0411927978006232,HARMONIZED,ECOTOX standardized concentration used; for metal salts ECOTOX generally expresses concentration as active ionic form.,CORE,YES,17,,,C,EXISTING_MEAN_PRESERVED,,34.5,35.5,0/00,RAW_RANGE_MIDPOINT_RECOVERED,,,,,MISSING,,,,,MISSING,ECOTOX,E_5563,E_T1070628,E_R12733,,,,,,,,Multiple,Static,Total,ECOTOX_STANDARDIZED_TARGET_METAL,,,,,,,,,,NO_NUMERIC_PH,
1394,2019866,2033704,156339,Cu,Sulfuric acid copper(2+) salt (1:1),Tigriopus japonicus,Harpacticoida,Adult,4,Renewal,Total,,580,430,790,ug/L,580,ug/L,25,33,8.25,,Acute Toxicities of Five Commonly Used Antifouling Booster Biocides to Selected Subtropical and Cosmopolitan Marine Species,PRIMARY_KEEP,Eligible copepod LC50 candidate,63.546,ECOTOX_STANDARDIZED_TARGET_METAL,0.58,9.12724640417965,2.211264050450878,HARMONIZED,ECOTOX standardized concentration used; for metal salts ECOTOX generally expresses concentration as active ionic form.,CORE,YES,25,,,C,EXISTING_MEAN_PRESERVED,33,,,0/00,EXISTING_MEAN_PRESERVED,,8.1,8.4,,RAW_RANGE_MIDPOINT_RECOVERED,,,,,MISSING,ECOTOX,E_156339,E_T2019866,E_R2033704,,,,,,,,Adult,Renewal,Total,ECOTOX_STANDARDIZED_TARGET_METAL,,,,,,,,,8.25,ECOTOX_REPORTED_OR_REPAIRED,
1395,1205935,171326,18833,Cu,Sulfuric acid copper(2+) salt (1:1),Tigriopus brevicornis,Harpacticoida,Adult,4,Renewal,Total,,1010,,,ug/L,1010,ug/L,20,37,,,"Toxic Effects of Two Trace Metals, Copper and Silver, on a Crustacean Harpacticoid Copepod Tigriopus brevicornis (Muller). Lethal and Sublethal Effects at Different Development Stages (Effets Biologiques de Deux Metaux",PRIMARY_KEEP,Eligible copepod LC50 candidate,63.546,ECOTOX_STANDARDIZED_TARGET_METAL,1.01,15.893998048657666,2.765941556745718,HARMONIZED,ECOTOX standardized concentration used; for metal salts ECOTOX generally expresses concentration as active ionic form.,CORE,YES,20,,,C,EXISTING_MEAN_PRESERVED,37,,,0/00,EXISTING_MEAN_PRESERVED,,,,,MISSING,,,,,MISSING,ECOTOX,E_18833,E_T1205935,E_R171326,,,,,,,,Adult,Renewal,Total,ECOTOX_STANDARDIZED_TARGET_METAL,,,,,,,,,,NO_NUMERIC_PH,
1396,1300800,756472,115854,Cu,Sulfuric acid copper(2+) salt (1:1),Tigriopus japonicus,Harpacticoida,Adult,4,Renewal,Total,,323,,,ug/L,323,ug/L,23.5,32.5,,,Copper Toxicity in the Marine Copepod Tigropus japonicus:  Low Variability and High Reproducibility of Repeated Acute and Life-Cycle Tests,PRIMARY_KEEP,Eligible copepod LC50 candidate,63.546,ECOTOX_STANDARDIZED_TARGET_METAL,0.323,5.082932049224184,1.6258882701330697,HARMONIZED,ECOTOX standardized concentration used; for metal salts ECOTOX generally expresses concentration as active ionic form.,CORE,YES,,22,25,C,RAW_RANGE_MIDPOINT_RECOVERED,,30,35,0/00,RAW_RANGE_MIDPOINT_RECOVERED,,,,,MISSING,,,,,MISSING,ECOTOX,E_115854,E_T1300800,E_R756472,,,,,,,,Adult,Renewal,Total,ECOTOX_STANDARDIZED_TARGET_METAL,,,,,,,,,,NO_NUMERIC_PH,
1397,2135201,2249958,119554,Cu,Sulfuric acid copper(2+) salt (1:1),Tisbe battagliai,Harpacticoida,Nauplii,2,Static,Dissolved,,83.1,,,ug/L,83.1,ug/L,20,35,8.2,,Short-Term Toxicity Tests on the Harpacticoid Copepod Tisbe battagliai:  Lethal and Reproductive Endpoints,PRIMARY_KEEP,Eligible copepod LC50 candidate,63.546,ECOTOX_STANDARDIZED_TARGET_METAL,0.0831,1.307714096874705,0.26828064877181534,HARMONIZED,ECOTOX standardized concentration used; for metal salts ECOTOX generally expresses concentration as active ionic form.,CORE,YES,20,,,C,EXISTING_MEAN_PRESERVED,35,,,0/00,EXISTING_MEAN_PRESERVED,8.2,,,,EXISTING_MEAN_PRESERVED,,,,,MISSING,ECOTOX,E_119554,E_T2135201,E_R2249958,,,,,,,,Nauplii,Static,Dissolved,ECOTOX_STANDARDIZED_TARGET_METAL,,,,,,,,,8.2,ECOTOX_REPORTED_OR_REPAIRED,
1398,1205933,171324,18833,Cu,Sulfuric acid copper(2+) salt (1:1),Tigriopus brevicornis,Harpacticoida,Copepodite,4,Renewal,Total,,412,,,ug/L,412,ug/L,20,37,,,"Toxic Effects of Two Trace Metals, Copper and Silver, on a Crustacean Harpacticoid Copepod Tigriopus brevicornis (Muller). Lethal and Sublethal Effects at Different Development Stages (Effets Biologiques de Deux Metaux",PRIMARY_KEEP,Eligible copepod LC50 candidate,63.546,ECOTOX_STANDARDIZED_TARGET_METAL,0.412,6.48349227331382,1.8692592962599393,HARMONIZED,ECOTOX standardized concentration used; for metal salts ECOTOX generally expresses concentration as active ionic form.,CORE,YES,20,,,C,EXISTING_MEAN_PRESERVED,37,,,0/00,EXISTING_MEAN_PRESERVED,,,,,MISSING,,,,,MISSING,ECOTOX,E_18833,E_T1205933,E_R171324,,,,,,,,Copepodite,Renewal,Total,ECOTOX_STANDARDIZED_TARGET_METAL,,,,,,,,,,NO_NUMERIC_PH,
1399,2135202,2249960,119554,Cu,Sulfuric acid copper(2+) salt (1:1),Tisbe battagliai,Harpacticoida,Gestation,3,Static,Dissolved,,157,,,ug/L,157,ug/L,20,35,8.2,,Short-Term Toxicity Tests on the Harpacticoid Copepod Tisbe battagliai:  Lethal and Reproductive Endpoints,PRIMARY_KEEP,Eligible copepod LC50 candidate,63.546,ECOTOX_STANDARDIZED_TARGET_METAL,0.157,2.4706511818210433,0.904481752258721,HARMONIZED,ECOTOX standardized concentration used; for metal salts ECOTOX generally expresses concentration as active ionic form.,CORE,YES,20,,,C,EXISTING_MEAN_PRESERVED,35,,,0/00,EXISTING_MEAN_PRESERVED,8.2,,,,EXISTING_MEAN_PRESERVED,,,,,MISSING,ECOTOX,E_119554,E_T2135202,E_R2249960,,,,,,,,Gestation,Static,Dissolved,ECOTOX_STANDARDIZED_TARGET_METAL,,,,,,,,,8.2,ECOTOX_REPORTED_OR_REPAIRED,
1408,1300793,756465,115854,Cu,Sulfuric acid copper(2+) salt (1:1),Tigriopus japonicus,Harpacticoida,Adult,4,"Aquatic, unspecified",Total,,,1000,1100,ug/L,1.045558,mg/L,25,33,8.25,,Copper Toxicity in the Marine Copepod Tigropus japonicus:  Low Variability and High Reproducibility of Repeated Acute and Life-Cycle Tests,PRIMARY_RECOVERED,Kwok recovered via Heuschele supplement,63.546,SOURCE_RECOVERED_TARGET_METAL,1.045558,16.453561199760802,2.800541940089249,HARMONIZED,"Source-recovered point estimate retained, then converted on the target-metal scale.",CORE,YES,25,,,C,EXISTING_MEAN_PRESERVED,33,,,0/00,EXISTING_MEAN_PRESERVED,,8.1,8.4,,RAW_RANGE_MIDPOINT_RECOVERED,,,,,MISSING,ECOTOX,E_115854,E_T1300793,E_R756465,,,,,,,,Adult,"Aquatic, unspecified",Total,SOURCE_RECOVERED_TARGET_METAL,,,,,,,,,8.25,ECOTOX_REPORTED_OR_REPAIRED,
1409,1301479,757358,115854,Cu,Sulfuric acid copper(2+) salt (1:1),Tigriopus japonicus,Harpacticoida,Adult,4,Renewal,Total,,,400,600,ug/L,0.473573,mg/L,23.5,32.5,,,Copper Toxicity in the Marine Copepod Tigropus japonicus:  Low Variability and High Reproducibility of Repeated Acute and Life-Cycle Tests,PRIMARY_RECOVERED,Kwok recovered via Heuschele supplement,63.546,SOURCE_RECOVERED_TARGET_METAL,0.473573,7.4524438989078785,2.0085420187199343,HARMONIZED,"Source-recovered point estimate retained, then converted on the target-metal scale.",CORE,YES,,22,25,C,RAW_RANGE_MIDPOINT_RECOVERED,,30,35,0/00,RAW_RANGE_MIDPOINT_RECOVERED,,,,,MISSING,,,,,MISSING,ECOTOX,E_115854,E_T1301479,E_R757358,,,,,,,,Adult,Renewal,Total,SOURCE_RECOVERED_TARGET_METAL,,,,,,,,,,NO_NUMERIC_PH,
1411,1296798,752112,111315,Cu,Sulfuric acid copper(2+) salt (1:1),Tigriopus japonicus,Harpacticoida,Adult,4,Renewal,Total,,3.9,2.6,5.87,mg/L,3.9,mg/L,20,32,7.9,,Acute Toxicities of Trace Metals and Common Xenobiotics to the Marine Copepod Tigriopus japonicus:  Evaluation of Its Use as a Benchmark Species for Routine Ecotoxicity Tests in Western Pacific Coastal Regions,PRIMARY_KEEP,Eligible copepod LC50 candidate,63.546,ECOTOX_STANDARDIZED_TARGET_METAL,3.9,61.37286375224247,4.11696777902815,HARMONIZED,ECOTOX standardized concentration used; for metal salts ECOTOX generally expresses concentration as active ionic form.,CORE,YES,20,,,C,EXISTING_MEAN_PRESERVED,32,,,0/00,EXISTING_MEAN_PRESERVED,7.9,,,,EXISTING_MEAN_PRESERVED,,,,,MISSING,ECOTOX,E_111315,E_T1296798,E_R752112,,,,,,,,Adult,Renewal,Total,ECOTOX_STANDARDIZED_TARGET_METAL,,,,,,,,,7.9,ECOTOX_REPORTED_OR_REPAIRED,
1415,1300801,756473,115854,Cu,Sulfuric acid copper(2+) salt (1:1),Tigriopus japonicus,Harpacticoida,Adult,4,Renewal,Total,~,800,,,ug/L,0.799154,mg/L,23.5,32.5,,,Copper Toxicity in the Marine Copepod Tigropus japonicus:  Low Variability and High Reproducibility of Repeated Acute and Life-Cycle Tests,PRIMARY_RECOVERED,Kwok recovered via Heuschele supplement,63.546,SOURCE_RECOVERED_TARGET_METAL,0.799154,12.57599219463066,2.531789615030699,HARMONIZED,"Source-recovered point estimate retained, then converted on the target-metal scale.",CORE,YES,,22,25,C,RAW_RANGE_MIDPOINT_RECOVERED,,30,35,0/00,RAW_RANGE_MIDPOINT_RECOVERED,,,,,MISSING,,,,,MISSING,ECOTOX,E_115854,E_T1300801,E_R756473,,,,,,,,Adult,Renewal,Total,SOURCE_RECOVERED_TARGET_METAL,,,,,,,,,,NO_NUMERIC_PH,
1416,1300806,756479,115854,Cu,Sulfuric acid copper(2+) salt (1:1),Tigriopus japonicus,Harpacticoida,Adult,4,Renewal,Total,,,200,400,ug/L,0.392178,mg/L,23.5,32.5,,,Copper Toxicity in the Marine Copepod Tigropus japonicus:  Low Variability and High Reproducibility of Repeated Acute and Life-Cycle Tests,PRIMARY_RECOVERED,Kwok recovered via Heuschele supplement,63.546,SOURCE_RECOVERED_TARGET_METAL,0.392178,6.171560759135116,1.8199517652696624,HARMONIZED,"Source-recovered point estimate retained, then converted on the target-metal scale.",CORE,YES,,22,25,C,RAW_RANGE_MIDPOINT_RECOVERED,,30,35,0/00,RAW_RANGE_MIDPOINT_RECOVERED,,,,,MISSING,,,,,MISSING,ECOTOX,E_115854,E_T1300806,E_R756479,,,,,,,,Adult,Renewal,Total,SOURCE_RECOVERED_TARGET_METAL,,,,,,,,,,NO_NUMERIC_PH,
1418,1312278,769701,111599,Cu,Sulfuric acid copper(2+) salt (1:1),Tigriopus japonicus,Harpacticoida,Adult,4,Renewal,Total,,1024,,,ug/L,1024,ug/L,25,34.5,8,,"Toxicity of Antifouling Biocides to the Intertidal Harpacticoid Copepod Tigriopus japonicus (Crustacea, Copepoda):  Effects of Temperature and Salinity",PRIMARY_KEEP,Eligible copepod LC50 candidate,63.546,ECOTOX_STANDARDIZED_TARGET_METAL,1.024,16.114310892896484,2.7797077525098657,HARMONIZED,ECOTOX standardized concentration used; for metal salts ECOTOX generally expresses concentration as active ionic form.,CORE,YES,25,,,C,EXISTING_MEAN_PRESERVED,34.5,,,0/00,EXISTING_MEAN_PRESERVED,,7.8,8.2,,RAW_RANGE_MIDPOINT_RECOVERED,,,,,MISSING,ECOTOX,E_111599,E_T1312278,E_R769701,,,,,,,,Adult,Renewal,Total,ECOTOX_STANDARDIZED_TARGET_METAL,,,,,,,,,8,ECOTOX_REPORTED_OR_REPAIRED,
1419,1310608,767790,14474,Cu,Sulfuric acid copper(2+) salt (1:1),Acartia clausi,Calanoida,,2,Static,Total,,0.034,,,mg/L,0.034,mg/L,,,,,"Lethal and Sublethal Effects of Some Contaminants (Heavy Metals, Oil, Dispersants) to Marine Planktonic Animals",PRIMARY_KEEP,Eligible copepod LC50 candidate,63.546,ECOTOX_STANDARDIZED_TARGET_METAL,0.034,0.5350454788657036,-0.6254035284734257,HARMONIZED,ECOTOX standardized concentration used; for metal salts ECOTOX generally expresses concentration as active ionic form.,CORE,YES,,,,,MISSING,,,,,MISSING,,,,,MISSING,,,,,MISSING,ECOTOX,E_14474,E_T1310608,E_R767790,,,,,,,,NOT_REPORTED,Static,Total,ECOTOX_STANDARDIZED_TARGET_METAL,,,,,,,,,,NO_NUMERIC_PH,
1421,1205932,171323,18833,Cu,Sulfuric acid copper(2+) salt (1:1),Tigriopus brevicornis,Harpacticoida,Nauplii,4,Renewal,Total,,308,,,ug/L,308,ug/L,20,37,,,"Toxic Effects of Two Trace Metals, Copper and Silver, on a Crustacean Harpacticoid Copepod Tigriopus brevicornis (Muller). Lethal and Sublethal Effects at Different Development Stages (Effets Biologiques de Deux Metaux",PRIMARY_KEEP,Eligible copepod LC50 candidate,63.546,ECOTOX_STANDARDIZED_TARGET_METAL,0.308,4.846882573254021,1.5783357298839873,HARMONIZED,ECOTOX standardized concentration used; for metal salts ECOTOX generally expresses concentration as active ionic form.,CORE,YES,20,,,C,EXISTING_MEAN_PRESERVED,37,,,0/00,EXISTING_MEAN_PRESERVED,,,,,MISSING,,,,,MISSING,ECOTOX,E_18833,E_T1205932,E_R171323,,,,,,,,Nauplii,Renewal,Total,ECOTOX_STANDARDIZED_TARGET_METAL,,,,,,,,,,NO_NUMERIC_PH,
1428,1078465,231978,6045,Cu,Sulfuric acid copper(2+) salt (1:1),Acartia tonsa,Calanoida,,1,Static,Total,,300,,,ppb,300,ppb,21,36,,,A Controlled Environmental Pollution Experiment (CEPEX) and Its Usefulness in the Study of Larger Marine Zooplankton Under Toxic Stress,PRIMARY_KEEP,Eligible copepod LC50 candidate,63.546,ECOTOX_STANDARDIZED_TARGET_METAL,0.3,4.720989519403267,1.552018421566614,HARMONIZED,ECOTOX standardized concentration used; for metal salts ECOTOX generally expresses concentration as active ionic form.,CORE,YES,,20,22,C,RAW_RANGE_MIDPOINT_RECOVERED,36,,,0/00,EXISTING_MEAN_PRESERVED,,,,,MISSING,,,,,MISSING,ECOTOX,E_6045,E_T1078465,E_R231978,,,,,,,,NOT_REPORTED,Static,Total,ECOTOX_STANDARDIZED_TARGET_METAL,,,,,,,,,,NO_NUMERIC_PH,
1430,2148405,2283209,156333,Cu,Sulfuric acid copper(2+) salt (1:1),Nitocra spinipes,Harpacticoida,Adult,4,"Aquatic, unspecified",Dissolved,,350,,,ug/L,350,ug/L,21,30,,,An Assessment of Three Harpacticoid Copepod Species for Use in Ecotoxicological Testing,PRIMARY_KEEP,Eligible copepod LC50 candidate,63.546,ECOTOX_STANDARDIZED_TARGET_METAL,0.35,5.5078211059704785,1.7061691013938722,HARMONIZED,ECOTOX standardized concentration used; for metal salts ECOTOX generally expresses concentration as active ionic form.,CORE,YES,21,,,C,EXISTING_MEAN_PRESERVED,30,,,PSU,EXISTING_MEAN_PRESERVED,,,,,MISSING,,,,,MISSING,ECOTOX,E_156333,E_T2148405,E_R2283209,,,,,,,,Adult,"Aquatic, unspecified",Dissolved,ECOTOX_STANDARDIZED_TARGET_METAL,,,,,,,,,,NO_NUMERIC_PH,
1431,2148402,2283207,156333,Cu,Sulfuric acid copper(2+) salt (1:1),Nitocra spinipes,Harpacticoida,Adult,3,"Aquatic, unspecified",Dissolved,,323,,,ug/L,323,ug/L,21,30,,,An Assessment of Three Harpacticoid Copepod Species for Use in Ecotoxicological Testing,PRIMARY_KEEP,Eligible copepod LC50 candidate,63.546,ECOTOX_STANDARDIZED_TARGET_METAL,0.323,5.082932049224184,1.6258882701330697,HARMONIZED,ECOTOX standardized concentration used; for metal salts ECOTOX generally expresses concentration as active ionic form.,CORE,YES,21,,,C,EXISTING_MEAN_PRESERVED,30,,,PSU,EXISTING_MEAN_PRESERVED,,,,,MISSING,,,,,MISSING,ECOTOX,E_156333,E_T2148402,E_R2283207,,,,,,,,Adult,"Aquatic, unspecified",Dissolved,ECOTOX_STANDARDIZED_TARGET_METAL,,,,,,,,,,NO_NUMERIC_PH,
1433,1205934,171325,18833,Cu,Sulfuric acid copper(2+) salt (1:1),Tigriopus brevicornis,Harpacticoida,Adult,4,Renewal,Total,,790,,,ug/L,790,ug/L,20,37,,,"Toxic Effects of Two Trace Metals, Copper and Silver, on a Crustacean Harpacticoid Copepod Tigriopus brevicornis (Muller). Lethal and Sublethal Effects at Different Development Stages (Effets Biologiques de Deux Metaux",PRIMARY_KEEP,Eligible copepod LC50 candidate,63.546,ECOTOX_STANDARDIZED_TARGET_METAL,0.79,12.431939067761936,2.52026889237148,HARMONIZED,ECOTOX standardized concentration used; for metal salts ECOTOX generally expresses concentration as active ionic form.,CORE,YES,20,,,C,EXISTING_MEAN_PRESERVED,37,,,0/00,EXISTING_MEAN_PRESERVED,,,,,MISSING,,,,,MISSING,ECOTOX,E_18833,E_T1205934,E_R171325,,,,,,,,Adult,Renewal,Total,ECOTOX_STANDARDIZED_TARGET_METAL,,,,,,,,,,NO_NUMERIC_PH,
1439,1300799,756471,115854,Cu,Sulfuric acid copper(2+) salt (1:1),Tigriopus japonicus,Harpacticoida,Adult,4,Renewal,Total,,,400,600,ug/L,0.430655,mg/L,23.5,32.5,,,Copper Toxicity in the Marine Copepod Tigropus japonicus:  Low Variability and High Reproducibility of Repeated Acute and Life-Cycle Tests,PRIMARY_RECOVERED,Kwok recovered via Heuschele supplement,63.546,SOURCE_RECOVERED_TARGET_METAL,0.430655,6.777059138262047,1.913543252434634,HARMONIZED,"Source-recovered point estimate retained, then converted on the target-metal scale.",CORE,YES,,22,25,C,RAW_RANGE_MIDPOINT_RECOVERED,,30,35,0/00,RAW_RANGE_MIDPOINT_RECOVERED,,,,,MISSING,,,,,MISSING,ECOTOX,E_115854,E_T1300799,E_R756471,,,,,,,,Adult,Renewal,Total,SOURCE_RECOVERED_TARGET_METAL,,,,,,,,,,NO_NUMERIC_PH,
1442,1300788,756460,115854,Cu,Sulfuric acid copper(2+) salt (1:1),Tigriopus japonicus,Harpacticoida,Adult,4,Renewal,Total,,585,,,ug/L,585,ug/L,23.5,32.5,,,Copper Toxicity in the Marine Copepod Tigropus japonicus:  Low Variability and High Reproducibility of Repeated Acute and Life-Cycle Tests,PRIMARY_KEEP,Eligible copepod LC50 candidate,63.546,ECOTOX_STANDARDIZED_TARGET_METAL,0.585,9.20592956283637,2.2198477941422694,HARMONIZED,ECOTOX standardized concentration used; for metal salts ECOTOX generally expresses concentration as active ionic form.,CORE,YES,,22,25,C,RAW_RANGE_MIDPOINT_RECOVERED,,30,35,0/00,RAW_RANGE_MIDPOINT_RECOVERED,,,,,MISSING,,,,,MISSING,ECOTOX,E_115854,E_T1300788,E_R756460,,,,,,,,Adult,Renewal,Total,ECOTOX_STANDARDIZED_TARGET_METAL,,,,,,,,,,NO_NUMERIC_PH,
1445,1310606,767787,14474,Cu,Sulfuric acid copper(2+) salt (1:1),Acartia clausi,Calanoida,,2,Static,Total,,0.082,,,mg/L,0.082,mg/L,,,,,"Lethal and Sublethal Effects of Some Contaminants (Heavy Metals, Oil, Dispersants) to Marine Planktonic Animals",PRIMARY_KEEP,Eligible copepod LC50 candidate,63.546,ECOTOX_STANDARDIZED_TARGET_METAL,0.082,1.2904038019702264,0.25495519417466606,HARMONIZED,ECOTOX standardized concentration used; for metal salts ECOTOX generally expresses concentration as active ionic form.,CORE,YES,,,,,MISSING,,,,,MISSING,,,,,MISSING,,,,,MISSING,ECOTOX,E_14474,E_T1310606,E_R767787,,,,,,,,NOT_REPORTED,Static,Total,ECOTOX_STANDARDIZED_TARGET_METAL,,,,,,,,,,NO_NUMERIC_PH,
1446,2145987,2276128,169694,Cu,Sulfuric acid copper(2+) salt (1:1),Tigriopus japonicus,Harpacticoida,Adult,4,Static,Dissolved,,32.75,31.85,33.68,mg/L,32.75,mg/L,20,35,8.65,,Effect of Salinity on Acute Copper and Zinc Toxicity to Tigriopus japonicus: The Difference Between Metal Ions and Nanoparticles,PRIMARY_KEEP,Eligible copepod LC50 candidate,63.546,ECOTOX_STANDARDIZED_TARGET_METAL,32.75,515.3746892015233,6.244894187973811,HARMONIZED,ECOTOX standardized concentration used; for metal salts ECOTOX generally expresses concentration as active ionic form.,CORE,YES,20,,,C,EXISTING_MEAN_PRESERVED,35,,,0/00,EXISTING_MEAN_PRESERVED,8.65,,,,EXISTING_MEAN_PRESERVED,,,,,MISSING,ECOTOX,E_169694,E_T2145987,E_R2276128,,,,,,,,Adult,Static,Dissolved,ECOTOX_STANDARDIZED_TARGET_METAL,,,,,,,,,8.65,ECOTOX_REPORTED_OR_REPAIRED,
1447,2140455,2262926,166160,Cu,Sulfuric acid copper(2+) salt (1:1),Tigriopus japonicus,Harpacticoida,Adult,4,Renewal,Total,,330,280,390,ug/L,330,ug/L,25,33,8.25,,Acute and Chronic Toxicities of Irgarol Alone and in Combination with Copper to the Marine Copepod Tigriopus japonicus,PRIMARY_KEEP,Eligible copepod LC50 candidate,63.546,ECOTOX_STANDARDIZED_TARGET_METAL,0.33,5.193088471343594,1.6473286013709387,HARMONIZED,ECOTOX standardized concentration used; for metal salts ECOTOX generally expresses concentration as active ionic form.,CORE,YES,25,,,C,EXISTING_MEAN_PRESERVED,33,,,0/00,EXISTING_MEAN_PRESERVED,,8.1,8.4,,RAW_RANGE_MIDPOINT_RECOVERED,,,,,MISSING,ECOTOX,E_166160,E_T2140455,E_R2262926,,,,,,,,Adult,Renewal,Total,ECOTOX_STANDARDIZED_TARGET_METAL,,,,,,,,,8.25,ECOTOX_REPORTED_OR_REPAIRED,
1451,2140455,2262925,166160,Cu,Sulfuric acid copper(2+) salt (1:1),Tigriopus japonicus,Harpacticoida,Adult,3,Renewal,Total,,590,510,690,ug/L,590,ug/L,25,33,8.25,,Acute and Chronic Toxicities of Irgarol Alone and in Combination with Copper to the Marine Copepod Tigriopus japonicus,PRIMARY_KEEP,Eligible copepod LC50 candidate,63.546,ECOTOX_STANDARDIZED_TARGET_METAL,0.59,9.284612721493092,2.228358483810178,HARMONIZED,ECOTOX standardized concentration used; for metal salts ECOTOX generally expresses concentration as active ionic form.,CORE,YES,25,,,C,EXISTING_MEAN_PRESERVED,33,,,0/00,EXISTING_MEAN_PRESERVED,,8.1,8.4,,RAW_RANGE_MIDPOINT_RECOVERED,,,,,MISSING,ECOTOX,E_166160,E_T2140455,E_R2262925,,,,,,,,Adult,Renewal,Total,ECOTOX_STANDARDIZED_TARGET_METAL,,,,,,,,,8.25,ECOTOX_REPORTED_OR_REPAIRED,
1453,2135202,2249959,119554,Cu,Sulfuric acid copper(2+) salt (1:1),Tisbe battagliai,Harpacticoida,Gestation,2,Static,Dissolved,,256,,,ug/L,256,ug/L,20,35,8.2,,Short-Term Toxicity Tests on the Harpacticoid Copepod Tisbe battagliai:  Lethal and Reproductive Endpoints,PRIMARY_KEEP,Eligible copepod LC50 candidate,63.546,ECOTOX_STANDARDIZED_TARGET_METAL,0.256,4.028577723224121,1.393413391389975,HARMONIZED,ECOTOX standardized concentration used; for metal salts ECOTOX generally expresses concentration as active ionic form.,CORE,YES,20,,,C,EXISTING_MEAN_PRESERVED,35,,,0/00,EXISTING_MEAN_PRESERVED,8.2,,,,EXISTING_MEAN_PRESERVED,,,,,MISSING,ECOTOX,E_119554,E_T2135202,E_R2249959,,,,,,,,Gestation,Static,Dissolved,ECOTOX_STANDARDIZED_TARGET_METAL,,,,,,,,,8.2,ECOTOX_REPORTED_OR_REPAIRED,
1475,1053588,126384,3740,Ag,Nitric acid silver (1+) salt (1:1),Acartia tonsa,Calanoida,,4,Static,Total,,30.9,22.3,46.7,ug/L,30.9,ug/L,22,28,,,Results: Interlaboratory Comparison - Acute Toxicity Tests Using Estuarine Animals,PRIMARY_KEEP,Eligible copepod LC50 candidate,107.8682,ECOTOX_STANDARDIZED_TARGET_METAL,0.03089999999999999,0.2864606992607645,-1.25015392759184,HARMONIZED,ECOTOX standardized concentration used; for metal salts ECOTOX generally expresses concentration as active ionic form.,SECONDARY,NO,22,,,C,EXISTING_MEAN_PRESERVED,28,,,0/00,EXISTING_MEAN_PRESERVED,,,,,MISSING,,,,,MISSING,ECOTOX,E_3740,E_T1053588,E_R126384,,,,,,,,NOT_REPORTED,Static,Total,ECOTOX_STANDARDIZED_TARGET_METAL,,,,,,,,,,NO_NUMERIC_PH,
1478,1053718,194909,3751,Ag,Nitric acid silver (1+) salt (1:1),Acartia tonsa,Calanoida,Adult,4,Static,Total,,36.3,21.8,102,ug/L,36.3,ug/L,20,30,,,Unpublished Laboratory Data,PRIMARY_KEEP,Eligible copepod LC50 candidate,107.8682,ECOTOX_STANDARDIZED_TARGET_METAL,0.0363,0.3365217923354612,-1.0890923702247348,HARMONIZED,ECOTOX standardized concentration used; for metal salts ECOTOX generally expresses concentration as active ionic form.,SECONDARY,NO,20,,,C,EXISTING_MEAN_PRESERVED,30,,,0/00,EXISTING_MEAN_PRESERVED,,,,,MISSING,,,,,MISSING,ECOTOX,E_3751,E_T1053718,E_R194909,,,,,,,,Adult,Static,Total,ECOTOX_STANDARDIZED_TARGET_METAL,,,,,,,,,,NO_NUMERIC_PH,
1479,1054942,134343,3825,Ag,Nitric acid silver (1+) salt (1:1),Acartia clausi,Calanoida,Adult,4,Static,Total,,43,,,ug/L,43,ug/L,8,30,,,"Results of Acute Toxicity Tests Conducted with Silver at ERL, Narragansett",PRIMARY_KEEP,Eligible copepod LC50 candidate,107.8682,ECOTOX_STANDARDIZED_TARGET_METAL,0.043,0.3986346300392516,-0.9197099958019772,HARMONIZED,ECOTOX standardized concentration used; for metal salts ECOTOX generally expresses concentration as active ionic form.,SECONDARY,NO,8,,,C,EXISTING_MEAN_PRESERVED,30,,,0/00,EXISTING_MEAN_PRESERVED,,,,,MISSING,,,,,MISSING,ECOTOX,E_3825,E_T1054942,E_R134343,,,,,,,,Adult,Static,Total,ECOTOX_STANDARDIZED_TARGET_METAL,,,,,,,,,,NO_NUMERIC_PH,
1485,1205927,171318,18833,Ag,Nitric acid silver (1+) salt (1:1),Tigriopus brevicornis,Harpacticoida,Copepodite,4,Renewal,Total,,55.66,,,ug/L,55.66,ug/L,20,37,,,"Toxic Effects of Two Trace Metals, Copper and Silver, on a Crustacean Harpacticoid Copepod Tigriopus brevicornis (Muller). Lethal and Sublethal Effects at Different Development Stages (Effets Biologiques de Deux Metaux",PRIMARY_KEEP,Eligible copepod LC50 candidate,107.8682,ECOTOX_STANDARDIZED_TARGET_METAL,0.05565999999999999,0.5160000815810405,-0.6616483553977952,HARMONIZED,ECOTOX standardized concentration used; for metal salts ECOTOX generally expresses concentration as active ionic form.,SECONDARY,NO,20,,,C,EXISTING_MEAN_PRESERVED,37,,,0/00,EXISTING_MEAN_PRESERVED,,,,,MISSING,,,,,MISSING,ECOTOX,E_18833,E_T1205927,E_R171318,,,,,,,,Copepodite,Renewal,Total,ECOTOX_STANDARDIZED_TARGET_METAL,,,,,,,,,,NO_NUMERIC_PH,
1491,1205928,171319,18833,Ag,Nitric acid silver (1+) salt (1:1),Tigriopus brevicornis,Harpacticoida,Adult,4,Renewal,Total,,120.81,,,ug/L,120.81,ug/L,20,37,,,"Toxic Effects of Two Trace Metals, Copper and Silver, on a Crustacean Harpacticoid Copepod Tigriopus brevicornis (Muller). Lethal and Sublethal Effects at Different Development Stages (Effets Biologiques de Deux Metaux",PRIMARY_KEEP,Eligible copepod LC50 candidate,107.8682,ECOTOX_STANDARDIZED_TARGET_METAL,0.12081,1.1199778989544649,0.1133089520359328,HARMONIZED,ECOTOX standardized concentration used; for metal salts ECOTOX generally expresses concentration as active ionic form.,SECONDARY,NO,20,,,C,EXISTING_MEAN_PRESERVED,37,,,0/00,EXISTING_MEAN_PRESERVED,,,,,MISSING,,,,,MISSING,ECOTOX,E_18833,E_T1205928,E_R171319,,,,,,,,Adult,Renewal,Total,ECOTOX_STANDARDIZED_TARGET_METAL,,,,,,,,,,NO_NUMERIC_PH,
1493,1205926,171317,18833,Ag,Nitric acid silver (1+) salt (1:1),Tigriopus brevicornis,Harpacticoida,Nauplii,4,Renewal,Total,,36.37,,,ug/L,36.37,ug/L,20,37,,,"Toxic Effects of Two Trace Metals, Copper and Silver, on a Crustacean Harpacticoid Copepod Tigriopus brevicornis (Muller). Lethal and Sublethal Effects at Different Development Stages (Effets Biologiques de Deux Metaux",PRIMARY_KEEP,Eligible copepod LC50 candidate,107.8682,ECOTOX_STANDARDIZED_TARGET_METAL,0.03637,0.3371707324308739,-1.0871658524966423,HARMONIZED,ECOTOX standardized concentration used; for metal salts ECOTOX generally expresses concentration as active ionic form.,SECONDARY,NO,20,,,C,EXISTING_MEAN_PRESERVED,37,,,0/00,EXISTING_MEAN_PRESERVED,,,,,MISSING,,,,,MISSING,ECOTOX,E_18833,E_T1205926,E_R171317,,,,,,,,Nauplii,Renewal,Total,ECOTOX_STANDARDIZED_TARGET_METAL,,,,,,,,,,NO_NUMERIC_PH,
1495,1285255,739335,76315,Ag,Nitric acid silver (1+) salt (1:1),Tigriopus brevicornis,Harpacticoida,Adult,4,Renewal,Total,,95,,,ug/L,95,ug/L,20,34.5,8.2,,Impact of Dissolved and Particulate Organic Carbon on the Bioavailability of the Trace Metals Silver and Mercury for the Harpacticoid Copepod Tigriopus brevicornis,PRIMARY_KEEP,Eligible copepod LC50 candidate,107.8682,ECOTOX_STANDARDIZED_TARGET_METAL,0.095,0.8807044152029977,-0.12703321989499897,HARMONIZED,ECOTOX standardized concentration used; for metal salts ECOTOX generally expresses concentration as active ionic form.,SECONDARY,NO,20,,,C,EXISTING_MEAN_PRESERVED,34.5,,,0/00,EXISTING_MEAN_PRESERVED,8.2,,,,EXISTING_MEAN_PRESERVED,,,,,MISSING,ECOTOX,E_76315,E_T1285255,E_R739335,,,,,,,,Adult,Renewal,Total,ECOTOX_STANDARDIZED_TARGET_METAL,,,,,,,,,8.2,ECOTOX_REPORTED_OR_REPAIRED,
1497,1054943,134344,3825,Ag,Nitric acid silver (1+) salt (1:1),Acartia tonsa,Calanoida,Adult,4,Static,Total,,36.3,,,ug/L,36.3,ug/L,20,,,,"Results of Acute Toxicity Tests Conducted with Silver at ERL, Narragansett",PRIMARY_KEEP,Eligible copepod LC50 candidate,107.8682,ECOTOX_STANDARDIZED_TARGET_METAL,0.0363,0.3365217923354612,-1.0890923702247348,HARMONIZED,ECOTOX standardized concentration used; for metal salts ECOTOX generally expresses concentration as active ionic form.,SECONDARY,NO,20,,,C,EXISTING_MEAN_PRESERVED,,,,,MISSING,,,,,MISSING,,,,,MISSING,ECOTOX,E_3825,E_T1054943,E_R134344,,,,,,,,Adult,Static,Total,ECOTOX_STANDARDIZED_TARGET_METAL,,,,,,,,,,NO_NUMERIC_PH,
1501,1053591,126387,3740,Ag,Nitric acid silver (1+) salt (1:1),Acartia tonsa,Calanoida,,4,Static,Total,,23.5,17.2,29.6,ug/L,23.5,ug/L,22,28,,,Results: Interlaboratory Comparison - Acute Toxicity Tests Using Estuarine Animals,PRIMARY_KEEP,Eligible copepod LC50 candidate,107.8682,ECOTOX_STANDARDIZED_TARGET_METAL,0.0235,0.2178584606028468,-1.5239096903454266,HARMONIZED,ECOTOX standardized concentration used; for metal salts ECOTOX generally expresses concentration as active ionic form.,SECONDARY,NO,22,,,C,EXISTING_MEAN_PRESERVED,28,,,0/00,EXISTING_MEAN_PRESERVED,,,,,MISSING,,,,,MISSING,ECOTOX,E_3740,E_T1053591,E_R126387,,,,,,,,NOT_REPORTED,Static,Total,ECOTOX_STANDARDIZED_TARGET_METAL,,,,,,,,,,NO_NUMERIC_PH,
1503,1053592,126388,3740,Ag,Nitric acid silver (1+) salt (1:1),Acartia tonsa,Calanoida,,4,Static,Total,,36.4,29.4,45.8,ug/L,36.4,ug/L,22,28,,,Results: Interlaboratory Comparison - Acute Toxicity Tests Using Estuarine Animals,PRIMARY_KEEP,Eligible copepod LC50 candidate,107.8682,ECOTOX_STANDARDIZED_TARGET_METAL,0.0364,0.3374488496146223,-1.0863413368528447,HARMONIZED,ECOTOX standardized concentration used; for metal salts ECOTOX generally expresses concentration as active ionic form.,SECONDARY,NO,22,,,C,EXISTING_MEAN_PRESERVED,28,,,0/00,EXISTING_MEAN_PRESERVED,,,,,MISSING,,,,,MISSING,ECOTOX,E_3740,E_T1053592,E_R126388,,,,,,,,NOT_REPORTED,Static,Total,ECOTOX_STANDARDIZED_TARGET_METAL,,,,,,,,,,NO_NUMERIC_PH,
1506,1326414,785777,107127,Ag,Nitric acid silver (1+) salt (1:1),Tigriopus japonicus,Harpacticoida,Adult,4,Renewal,Total,,0.024,0.022,0.028,mg/L,0.024,mg/L,20,32,,,Expression of Glutathione S-Transferase (GST) Genes in the Marine Copepod Tigriopus japonicus Exposed to Trace Metals,PRIMARY_KEEP,Eligible copepod LC50 candidate,107.8682,ECOTOX_STANDARDIZED_TARGET_METAL,0.024,0.22249374699865204,-1.5028562811475945,HARMONIZED,ECOTOX standardized concentration used; for metal salts ECOTOX generally expresses concentration as active ionic form.,SECONDARY,NO,20,,,C,EXISTING_MEAN_PRESERVED,32,,,0/00,EXISTING_MEAN_PRESERVED,,,,,MISSING,,,,,MISSING,ECOTOX,E_107127,E_T1326414,E_R785777,,,,,,,,Adult,Renewal,Total,ECOTOX_STANDARDIZED_TARGET_METAL,,,,,,,,,,NO_NUMERIC_PH,
1510,1205929,171320,18833,Ag,Nitric acid silver (1+) salt (1:1),Tigriopus brevicornis,Harpacticoida,Adult,4,Renewal,Total,,159,,,ug/L,159,ug/L,20,37,,,"Toxic Effects of Two Trace Metals, Copper and Silver, on a Crustacean Harpacticoid Copepod Tigriopus brevicornis (Muller). Lethal and Sublethal Effects at Different Development Stages (Effets Biologiques de Deux Metaux",PRIMARY_KEEP,Eligible copepod LC50 candidate,107.8682,ECOTOX_STANDARDIZED_TARGET_METAL,0.159,1.47402107386607,0.3879940907246918,HARMONIZED,ECOTOX standardized concentration used; for metal salts ECOTOX generally expresses concentration as active ionic form.,SECONDARY,NO,20,,,C,EXISTING_MEAN_PRESERVED,37,,,0/00,EXISTING_MEAN_PRESERVED,,,,,MISSING,,,,,MISSING,ECOTOX,E_18833,E_T1205929,E_R171320,,,,,,,,Adult,Renewal,Total,ECOTOX_STANDARDIZED_TARGET_METAL,,,,,,,,,,NO_NUMERIC_PH,
1511,1053590,126386,3740,Ag,Nitric acid silver (1+) salt (1:1),Acartia tonsa,Calanoida,,4,Static,Total,,35.8,30.5,41.6,ug/L,35.8,ug/L,22,28,,,Results: Interlaboratory Comparison - Acute Toxicity Tests Using Estuarine Animals,PRIMARY_KEEP,Eligible copepod LC50 candidate,107.8682,ECOTOX_STANDARDIZED_TARGET_METAL,0.0358,0.33188650593965596,-1.1029622180888852,HARMONIZED,ECOTOX standardized concentration used; for metal salts ECOTOX generally expresses concentration as active ionic form.,SECONDARY,NO,22,,,C,EXISTING_MEAN_PRESERVED,28,,,0/00,EXISTING_MEAN_PRESERVED,,,,,MISSING,,,,,MISSING,ECOTOX,E_3740,E_T1053590,E_R126386,,,,,,,,NOT_REPORTED,Static,Total,ECOTOX_STANDARDIZED_TARGET_METAL,,,,,,,,,,NO_NUMERIC_PH,
1512,1053589,126385,3740,Ag,Nitric acid silver (1+) salt (1:1),Acartia tonsa,Calanoida,,4,Static,Total,,66,59,74,ug/L,66,ug/L,22,28,,,Results: Interlaboratory Comparison - Acute Toxicity Tests Using Estuarine Animals,PRIMARY_KEEP,Eligible copepod LC50 candidate,107.8682,ECOTOX_STANDARDIZED_TARGET_METAL,0.066,0.6118578042462931,-0.4912553694691143,HARMONIZED,ECOTOX standardized concentration used; for metal salts ECOTOX generally expresses concentration as active ionic form.,SECONDARY,NO,22,,,C,EXISTING_MEAN_PRESERVED,28,,,0/00,EXISTING_MEAN_PRESERVED,,,,,MISSING,,,,,MISSING,ECOTOX,E_3740,E_T1053589,E_R126385,,,,,,,,NOT_REPORTED,Static,Total,ECOTOX_STANDARDIZED_TARGET_METAL,,,,,,,,,,NO_NUMERIC_PH,
1513,1054976,220863,3825,Ag,Nitric acid silver (1+) salt (1:1),Acartia tonsa,Calanoida,Adult,4,Static,Total,,36.3,21.8,102,ppb,36.3,ppb,20,30,,,"Results of Acute Toxicity Tests Conducted with Silver at ERL, Narragansett",PRIMARY_KEEP,Eligible copepod LC50 candidate,107.8682,ECOTOX_STANDARDIZED_TARGET_METAL,0.0363,0.3365217923354612,-1.0890923702247348,HARMONIZED,ECOTOX standardized concentration used; for metal salts ECOTOX generally expresses concentration as active ionic form.,SECONDARY,NO,20,,,C,EXISTING_MEAN_PRESERVED,30,,,0/00,EXISTING_MEAN_PRESERVED,,,,,MISSING,,,,,MISSING,ECOTOX,E_3825,E_T1054976,E_R220863,,,,,,,,Adult,Static,Total,ECOTOX_STANDARDIZED_TARGET_METAL,,,,,,,,,,NO_NUMERIC_PH,
1876,1179972,81929,15726,Cd,Cadmium chloride (CdCl2),Tisbe holothuriae,Harpacticoida,Adult,2,Static,Total,,970,,,ug/L,970,ug/L,24,,,,"Individual and Combined Toxicity of Three Heavy Metals, Cu, Cd and Cr for the Marine Copepod Tisbe holothuriae",PRIMARY_KEEP,Eligible copepod LC50 candidate,112.414,ECOTOX_STANDARDIZED_TARGET_METAL,0.97,8.628818474567225,2.1551075866340454,HARMONIZED,ECOTOX standardized concentration used; for metal salts ECOTOX generally expresses concentration as active ionic form.,CORE,YES,24,,,C,EXISTING_MEAN_PRESERVED,,,,,MISSING,,,,,MISSING,,,,,MISSING,ECOTOX,E_15726,E_T1179972,E_R81929,,,,,,,,Adult,Static,Total,ECOTOX_STANDARDIZED_TARGET_METAL,,,,,,,,,,NO_NUMERIC_PH,
1919,2136234,2252281,153073,Cd,Cadmium chloride (CdCl2),Paracyclopina nana,Cyclopoida,Adult,4,Renewal,Total,,0.3,0.26,0.36,mg/L,0.3,mg/L,25,15,,,"Molecular Characterization and Expression of Vitellogenin (Vg) Genes from the Cyclopoid Copepod, Paracyclopina nana Exposed to Heavy Metals",PRIMARY_KEEP,Eligible copepod LC50 candidate,112.414,ECOTOX_STANDARDIZED_TARGET_METAL,0.3,2.6687067447115127,0.981593989792818,HARMONIZED,ECOTOX standardized concentration used; for metal salts ECOTOX generally expresses concentration as active ionic form.,CORE,YES,25,,,C,EXISTING_MEAN_PRESERVED,15,,,0/00,EXISTING_MEAN_PRESERVED,,,,,MISSING,,,,,MISSING,ECOTOX,E_153073,E_T2136234,E_R2252281,,,,,,,,Adult,Renewal,Total,ECOTOX_STANDARDIZED_TARGET_METAL,,,,,,,,,,NO_NUMERIC_PH,
1928,1135993,90613,11097,Cd,Cadmium chloride (CdCl2),Tisbe holothuriae,Harpacticoida,,2,Static,Total,,872.7,,,ug/L,872.7,ug/L,18,38,,,Differentiation of the Sensitivity to Copper and Cadmium in Different Life Stages of a Copepod,PRIMARY_KEEP,Eligible copepod LC50 candidate,112.414,ECOTOX_STANDARDIZED_TARGET_METAL,0.8727,7.763267920365791,2.049403369305882,HARMONIZED,ECOTOX standardized concentration used; for metal salts ECOTOX generally expresses concentration as active ionic form.,CORE,YES,18,,,C,EXISTING_MEAN_PRESERVED,38,,,0/00,EXISTING_MEAN_PRESERVED,,,,,MISSING,,,,,MISSING,ECOTOX,E_11097,E_T1135993,E_R90613,,,,,,,,NOT_REPORTED,Static,Total,ECOTOX_STANDARDIZED_TARGET_METAL,,,,,,,,,,NO_NUMERIC_PH,
1932,1070633,15838,5563,Cd,Cadmium chloride (CdCl2),Paracalanus parvus,Calanoida,Multiple,1,Static,Total,,2710,2070,5220,ug/L,2710,ug/L,17,35,,,"Acute Toxicity of Copper, Cadmium and Zinc to Three Species of Marine Copepod",PRIMARY_KEEP,Eligible copepod LC50 candidate,112.414,ECOTOX_STANDARDIZED_TARGET_METAL,2.71,24.107317593894,3.1825154290103637,HARMONIZED,ECOTOX standardized concentration used; for metal salts ECOTOX generally expresses concentration as active ionic form.,CORE,YES,17,,,C,EXISTING_MEAN_PRESERVED,,34.5,35.5,0/00,RAW_RANGE_MIDPOINT_RECOVERED,,,,,MISSING,,,,,MISSING,ECOTOX,E_5563,E_T1070633,E_R15838,,,,,,,,Multiple,Static,Total,ECOTOX_STANDARDIZED_TARGET_METAL,,,,,,,,,,NO_NUMERIC_PH,
1944,2307791,2748533,192310,Cd,Cadmium chloride (CdCl2),Oithona similis,Cyclopoida,Adult,4,Renewal,Dissolved,,0.019,,,mg/L,0.019,mg/L,26,29.5,7.8,,"Prescribing Sea Water Quality Criteria for Arsenic, Cadmium and Lead Through Species Sensitivity Distribution",PRIMARY_KEEP,Eligible copepod LC50 candidate,112.414,ECOTOX_STANDARDIZED_TARGET_METAL,0.019,0.16901809383172914,-1.7777495056969428,HARMONIZED,ECOTOX standardized concentration used; for metal salts ECOTOX generally expresses concentration as active ionic form.,CORE,YES,26,,,C,EXISTING_MEAN_PRESERVED,29.5,,,PSU,EXISTING_MEAN_PRESERVED,7.8,,,,EXISTING_MEAN_PRESERVED,,,,,MISSING,ECOTOX,E_192310,E_T2307791,E_R2748533,,,,,,,,Adult,Renewal,Dissolved,ECOTOX_STANDARDIZED_TARGET_METAL,,,,,,,,,7.8,ECOTOX_REPORTED_OR_REPAIRED,
1981,1070632,15837,5563,Cd,Cadmium chloride (CdCl2),Acartia simplex,Calanoida,Multiple,1,Static,Total,,1370,1050,1760,ug/L,1370,ug/L,17,35,,,"Acute Toxicity of Copper, Cadmium and Zinc to Three Species of Marine Copepod",PRIMARY_KEEP,Eligible copepod LC50 candidate,112.414,ECOTOX_STANDARDIZED_TARGET_METAL,1.37,12.187094134182574,2.5003775339587873,HARMONIZED,ECOTOX standardized concentration used; for metal salts ECOTOX generally expresses concentration as active ionic form.,CORE,YES,17,,,C,EXISTING_MEAN_PRESERVED,,34.5,35.5,0/00,RAW_RANGE_MIDPOINT_RECOVERED,,,,,MISSING,,,,,MISSING,ECOTOX,E_5563,E_T1070632,E_R15837,,,,,,,,Multiple,Static,Total,ECOTOX_STANDARDIZED_TARGET_METAL,,,,,,,,,,NO_NUMERIC_PH,
2000,2307795,2748541,192310,Cd,Cadmium chloride (CdCl2),Acartia danae,Calanoida,Adult,4,Renewal,Dissolved,,0.032,,,mg/L,0.032,mg/L,26,29.5,7.8,,"Prescribing Sea Water Quality Criteria for Arsenic, Cadmium and Lead Through Species Sensitivity Distribution",PRIMARY_KEEP,Eligible copepod LC50 candidate,112.414,ECOTOX_STANDARDIZED_TARGET_METAL,0.032,0.284662052769228,-1.2564525820636567,HARMONIZED,ECOTOX standardized concentration used; for metal salts ECOTOX generally expresses concentration as active ionic form.,CORE,YES,26,,,C,EXISTING_MEAN_PRESERVED,29.5,,,PSU,EXISTING_MEAN_PRESERVED,7.8,,,,EXISTING_MEAN_PRESERVED,,,,,MISSING,ECOTOX,E_192310,E_T2307795,E_R2748541,,,,,,,,Adult,Renewal,Dissolved,ECOTOX_STANDARDIZED_TARGET_METAL,,,,,,,,,7.8,ECOTOX_REPORTED_OR_REPAIRED,
2009,1135991,90611,11097,Cd,Cadmium chloride (CdCl2),Tisbe holothuriae,Harpacticoida,Copepodid,2,Static,Total,,906.1,,,ug/L,906.1,ug/L,18,38,,,Differentiation of the Sensitivity to Copper and Cadmium in Different Life Stages of a Copepod,PRIMARY_KEEP,Eligible copepod LC50 candidate,112.414,ECOTOX_STANDARDIZED_TARGET_METAL,0.9061,8.060383937943673,2.0869611903646317,HARMONIZED,ECOTOX standardized concentration used; for metal salts ECOTOX generally expresses concentration as active ionic form.,CORE,YES,18,,,C,EXISTING_MEAN_PRESERVED,38,,,0/00,EXISTING_MEAN_PRESERVED,,,,,MISSING,,,,,MISSING,ECOTOX,E_11097,E_T1135991,E_R90611,,,,,,,,Copepodid,Static,Total,ECOTOX_STANDARDIZED_TARGET_METAL,,,,,,,,,,NO_NUMERIC_PH,
2014,1135990,90610,11097,Cd,Cadmium chloride (CdCl2),Tisbe holothuriae,Harpacticoida,Nauplii,2,Static,Total,,645,,,ug/L,645,ug/L,18,38,,,Differentiation of the Sensitivity to Copper and Cadmium in Different Life Stages of a Copepod,PRIMARY_KEEP,Eligible copepod LC50 candidate,112.414,ECOTOX_STANDARDIZED_TARGET_METAL,0.645,5.737719501129752,1.7470618319323892,HARMONIZED,ECOTOX standardized concentration used; for metal salts ECOTOX generally expresses concentration as active ionic form.,CORE,YES,18,,,C,EXISTING_MEAN_PRESERVED,38,,,0/00,EXISTING_MEAN_PRESERVED,,,,,MISSING,,,,,MISSING,ECOTOX,E_11097,E_T1135990,E_R90610,,,,,,,,Nauplii,Static,Total,ECOTOX_STANDARDIZED_TARGET_METAL,,,,,,,,,,NO_NUMERIC_PH,
2021,1165807,189248,14601,Cd,Cadmium chloride (CdCl2),Pseudodiaptomus coronatus,Calanoida,Adult,3,Static,Total,,1910,1350,2708,ug/L,1910,ug/L,15,30,,,"Results of Acute Toxicity Tests Conducted with Cadmium at ERL, Narragansett",PRIMARY_KEEP,Eligible copepod LC50 candidate,112.414,ECOTOX_STANDARDIZED_TARGET_METAL,1.91,16.990766274663297,2.8326700361772925,HARMONIZED,ECOTOX standardized concentration used; for metal salts ECOTOX generally expresses concentration as active ionic form.,CORE,YES,15,,,C,EXISTING_MEAN_PRESERVED,30,,,0/00,EXISTING_MEAN_PRESERVED,,,,,MISSING,,,,,MISSING,ECOTOX,E_14601,E_T1165807,E_R189248,,,,,,,,Adult,Static,Total,ECOTOX_STANDARDIZED_TARGET_METAL,,,,,,,,,,NO_NUMERIC_PH,
2062,1135989,90609,11097,Cd,Cadmium chloride (CdCl2),Tisbe holothuriae,Harpacticoida,Nauplii,2,Static,Total,,538.4,,,ug/L,538.4,ug/L,18,38,,,Differentiation of the Sensitivity to Copper and Cadmium in Different Life Stages of a Copepod,PRIMARY_KEEP,Eligible copepod LC50 candidate,112.414,ECOTOX_STANDARDIZED_TARGET_METAL,0.5384,4.7894390378422615,1.5664132934671349,HARMONIZED,ECOTOX standardized concentration used; for metal salts ECOTOX generally expresses concentration as active ionic form.,CORE,YES,18,,,C,EXISTING_MEAN_PRESERVED,38,,,0/00,EXISTING_MEAN_PRESERVED,,,,,MISSING,,,,,MISSING,ECOTOX,E_11097,E_T1135989,E_R90609,,,,,,,,Nauplii,Static,Total,ECOTOX_STANDARDIZED_TARGET_METAL,,,,,,,,,,NO_NUMERIC_PH,
2092,1135992,90612,11097,Cd,Cadmium chloride (CdCl2),Tisbe holothuriae,Harpacticoida,,2,Static,Total,,916.6,,,ug/L,916.6,ug/L,18,38,,,Differentiation of the Sensitivity to Copper and Cadmium in Different Life Stages of a Copepod,PRIMARY_KEEP,Eligible copepod LC50 candidate,112.414,ECOTOX_STANDARDIZED_TARGET_METAL,0.9166,8.153788674008576,2.0984826872116407,HARMONIZED,ECOTOX standardized concentration used; for metal salts ECOTOX generally expresses concentration as active ionic form.,CORE,YES,18,,,C,EXISTING_MEAN_PRESERVED,38,,,0/00,EXISTING_MEAN_PRESERVED,,,,,MISSING,,,,,MISSING,ECOTOX,E_11097,E_T1135992,E_R90612,,,,,,,,NOT_REPORTED,Static,Total,ECOTOX_STANDARDIZED_TARGET_METAL,,,,,,,,,,NO_NUMERIC_PH,
2093,1070634,15839,5563,Cd,Cadmium chloride (CdCl2),Scutellidium sp.,Harpacticoida,Multiple,1,Static,Total,,660,470,970,ug/L,660,ug/L,17,35,,,"Acute Toxicity of Copper, Cadmium and Zinc to Three Species of Marine Copepod",PRIMARY_KEEP,Eligible copepod LC50 candidate,112.414,ECOTOX_STANDARDIZED_TARGET_METAL,0.66,5.871154838365328,1.770051350157088,HARMONIZED,ECOTOX standardized concentration used; for metal salts ECOTOX generally expresses concentration as active ionic form.,CORE,YES,17,,,C,EXISTING_MEAN_PRESERVED,,34.5,35.5,0/00,RAW_RANGE_MIDPOINT_RECOVERED,,,,,MISSING,,,,,MISSING,ECOTOX,E_5563,E_T1070634,E_R15839,,,,,,,,Multiple,Static,Total,ECOTOX_STANDARDIZED_TARGET_METAL,,,,,,,,,,NO_NUMERIC_PH,
2128,1129768,85199,10443,Cd,Cadmium chloride (CdCl2),Eurytemora affinis,Calanoida,Nauplii,4,Static,Total,,60,1,200,ug/L,60,ug/L,22,10,,,Comparison of Estuarine Species Sensitivities to Three Toxicants,PRIMARY_KEEP,Eligible copepod LC50 candidate,112.414,ECOTOX_STANDARDIZED_TARGET_METAL,0.06,0.5337413489423025,-0.6278439226412825,HARMONIZED,ECOTOX standardized concentration used; for metal salts ECOTOX generally expresses concentration as active ionic form.,CORE,YES,22,,,C,EXISTING_MEAN_PRESERVED,10,,,0/00,EXISTING_MEAN_PRESERVED,,,,,MISSING,,,,,MISSING,ECOTOX,E_10443,E_T1129768,E_R85199,,,,,,,,Nauplii,Static,Total,ECOTOX_STANDARDIZED_TARGET_METAL,,,,,,,,,,NO_NUMERIC_PH,
2132,1116278,107520,9029,Cd,Cadmium chloride (CdCl2),Acartia tonsa,Calanoida,Adult,4,Static,Total,,151,120,191,ug/L,151,ug/L,13,20,,,"Acute and Sublethal Effects of Cadmium on Ingestion, Egg Production and Life-Cycle Development in the Copepod Acartia tonsa",PRIMARY_KEEP,Eligible copepod LC50 candidate,112.414,ECOTOX_STANDARDIZED_TARGET_METAL,0.151,1.3432490615047947,0.2950913519515411,HARMONIZED,ECOTOX standardized concentration used; for metal salts ECOTOX generally expresses concentration as active ionic form.,CORE,YES,13,,,C,EXISTING_MEAN_PRESERVED,20,,,0/00,EXISTING_MEAN_PRESERVED,,,,,MISSING,,,,,MISSING,ECOTOX,E_9029,E_T1116278,E_R107520,,,,,,,,Adult,Static,Total,ECOTOX_STANDARDIZED_TARGET_METAL,,,,,,,,,,NO_NUMERIC_PH,
2137,1129769,85200,10443,Cd,Cadmium chloride (CdCl2),Acartia tonsa,Calanoida,Nauplii,4,Static,Total,,380,6,1520,ug/L,380,ug/L,22,10,,,Comparison of Estuarine Species Sensitivities to Three Toxicants,PRIMARY_KEEP,Eligible copepod LC50 candidate,112.414,ECOTOX_STANDARDIZED_TARGET_METAL,0.38,3.380361876634583,1.2179827678570485,HARMONIZED,ECOTOX standardized concentration used; for metal salts ECOTOX generally expresses concentration as active ionic form.,CORE,YES,22,,,C,EXISTING_MEAN_PRESERVED,10,,,0/00,EXISTING_MEAN_PRESERVED,,,,,MISSING,,,,,MISSING,ECOTOX,E_10443,E_T1129769,E_R85200,,,,,,,,Nauplii,Static,Total,ECOTOX_STANDARDIZED_TARGET_METAL,,,,,,,,,,NO_NUMERIC_PH,
2144,1159839,142848,14137,Cd,Cadmium chloride (CdCl2),Tisbe battagliai,Harpacticoida,Adult,4,Renewal,Total,,340,,,ug/L,340,ug/L,20.5,34.754999999999995,7.92,,"Toxicity of Cadmium, Hexavalent Chromium and Copper to Marine Fish Larvae (Cypinodon variegatus) and Copepods (Tisbe battagliai)",PRIMARY_KEEP,Eligible copepod LC50 candidate,112.414,ECOTOX_STANDARDIZED_TARGET_METAL,0.34,3.024534310673048,1.106757132746824,HARMONIZED,ECOTOX standardized concentration used; for metal salts ECOTOX generally expresses concentration as active ionic form.,CORE,YES,,20,21,C,RAW_RANGE_MIDPOINT_RECOVERED,,34.5,35.01,0/00,RAW_RANGE_MIDPOINT_RECOVERED,,7.7,8.14,,RAW_RANGE_MIDPOINT_RECOVERED,,,,,MISSING,ECOTOX,E_14137,E_T1159839,E_R142848,,,,,,,,Adult,Renewal,Total,ECOTOX_STANDARDIZED_TARGET_METAL,,,,,,,,,7.92,ECOTOX_REPORTED_OR_REPAIRED,
2154,1159838,142847,14137,Cd,Cadmium chloride (CdCl2),Tisbe battagliai,Harpacticoida,Nauplii,4,Renewal,Total,,460,,,ug/L,460,ug/L,20.5,34.754999999999995,7.92,,"Toxicity of Cadmium, Hexavalent Chromium and Copper to Marine Fish Larvae (Cypinodon variegatus) and Copepods (Tisbe battagliai)",PRIMARY_KEEP,Eligible copepod LC50 candidate,112.414,ECOTOX_STANDARDIZED_TARGET_METAL,0.46,4.092017008557653,1.4090380046197577,HARMONIZED,ECOTOX standardized concentration used; for metal salts ECOTOX generally expresses concentration as active ionic form.,CORE,YES,,20,21,C,RAW_RANGE_MIDPOINT_RECOVERED,,34.5,35.01,0/00,RAW_RANGE_MIDPOINT_RECOVERED,,7.7,8.14,,RAW_RANGE_MIDPOINT_RECOVERED,,,,,MISSING,ECOTOX,E_14137,E_T1159838,E_R142847,,,,,,,,Nauplii,Renewal,Total,ECOTOX_STANDARDIZED_TARGET_METAL,,,,,,,,,7.92,ECOTOX_REPORTED_OR_REPAIRED,
2155,1210147,186387,19281,Cd,Cadmium chloride (CdCl2),Tigriopus brevicornis,Harpacticoida,,4,Static,Total,,47.9,45.8,50,ug/L,47.9,ug/L,20,34.75,7.92,,"Mortality and LC50 Values for Several Stages of the Marine Copepod Tigriopus brevicornis (Muller) Exposed to the Metals Arsenic and Cadmium and the Pesticides Atrazine, Carbofuran, Dichlorvos, and Malathion",PRIMARY_KEEP,Eligible copepod LC50 candidate,112.414,ECOTOX_STANDARDIZED_TARGET_METAL,0.0479,0.42610351023893817,-0.8530729804465137,HARMONIZED,ECOTOX standardized concentration used; for metal salts ECOTOX generally expresses concentration as active ionic form.,CORE,YES,20,,,C,EXISTING_MEAN_PRESERVED,,34.5,35,0/00,RAW_RANGE_MIDPOINT_RECOVERED,,7.7,8.14,,RAW_RANGE_MIDPOINT_RECOVERED,,,,,MISSING,ECOTOX,E_19281,E_T1210147,E_R186387,,,,,,,,NOT_REPORTED,Static,Total,ECOTOX_STANDARDIZED_TARGET_METAL,,,,,,,,,7.92,ECOTOX_REPORTED_OR_REPAIRED,
2158,1210145,186385,19281,Cd,Cadmium chloride (CdCl2),Tigriopus brevicornis,Harpacticoida,Nauplii,4,Static,Total,,17.4,15.4,19.4,ug/L,17.4,ug/L,20,34.75,7.92,,"Mortality and LC50 Values for Several Stages of the Marine Copepod Tigriopus brevicornis (Muller) Exposed to the Metals Arsenic and Cadmium and the Pesticides Atrazine, Carbofuran, Dichlorvos, and Malathion",PRIMARY_KEEP,Eligible copepod LC50 candidate,112.414,ECOTOX_STANDARDIZED_TARGET_METAL,0.0174,0.15478499119326772,-1.8657182786429,HARMONIZED,ECOTOX standardized concentration used; for metal salts ECOTOX generally expresses concentration as active ionic form.,CORE,YES,20,,,C,EXISTING_MEAN_PRESERVED,,34.5,35,0/00,RAW_RANGE_MIDPOINT_RECOVERED,,7.7,8.14,,RAW_RANGE_MIDPOINT_RECOVERED,,,,,MISSING,ECOTOX,E_19281,E_T1210145,E_R186385,,,,,,,,Nauplii,Static,Total,ECOTOX_STANDARDIZED_TARGET_METAL,,,,,,,,,7.92,ECOTOX_REPORTED_OR_REPAIRED,
2160,1116277,107519,9029,Cd,Cadmium chloride (CdCl2),Acartia tonsa,Calanoida,Adult,4,Static,Total,,29,23,37,ug/L,29,ug/L,21,20,,,"Acute and Sublethal Effects of Cadmium on Ingestion, Egg Production and Life-Cycle Development in the Copepod Acartia tonsa",PRIMARY_KEEP,Eligible copepod LC50 candidate,112.414,ECOTOX_STANDARDIZED_TARGET_METAL,0.029,0.2579749853221129,-1.3548926548769091,HARMONIZED,ECOTOX standardized concentration used; for metal salts ECOTOX generally expresses concentration as active ionic form.,CORE,YES,21,,,C,EXISTING_MEAN_PRESERVED,20,,,0/00,EXISTING_MEAN_PRESERVED,,,,,MISSING,,,,,MISSING,ECOTOX,E_9029,E_T1116277,E_R107519,,,,,,,,Adult,Static,Total,ECOTOX_STANDARDIZED_TARGET_METAL,,,,,,,,,,NO_NUMERIC_PH,
2168,1165805,189246,14601,Cd,Cadmium chloride (CdCl2),Acartia clausi,Calanoida,Adult,3,Static,Total,,409,272,544,ug/L,409,ug/L,10,30,,,"Results of Acute Toxicity Tests Conducted with Cadmium at ERL, Narragansett",PRIMARY_KEEP,Eligible copepod LC50 candidate,112.414,ECOTOX_STANDARDIZED_TARGET_METAL,0.409,3.638336861956696,1.2915266711794184,HARMONIZED,ECOTOX standardized concentration used; for metal salts ECOTOX generally expresses concentration as active ionic form.,CORE,YES,10,,,C,EXISTING_MEAN_PRESERVED,30,,,0/00,EXISTING_MEAN_PRESERVED,,,,,MISSING,,,,,MISSING,ECOTOX,E_14601,E_T1165805,E_R189246,,,,,,,,Adult,Static,Total,ECOTOX_STANDARDIZED_TARGET_METAL,,,,,,,,,,NO_NUMERIC_PH,
2176,1191628,166350,17219,Cd,Cadmium chloride (CdCl2),Eurytemora affinis,Calanoida,Neonate,4,Static,Total,,82.9,51.1,134.3,ug/L,82.9,ug/L,24.5,25,8.17,,The Effect of Salinity on the Acute Toxicity of Total Dissolved and Free Cadmium to the Copepod Eurytemora affinis and the Larval Fish Cyprinodon,PRIMARY_KEEP,Eligible copepod LC50 candidate,112.414,ECOTOX_STANDARDIZED_TARGET_METAL,0.0829,0.7374526304552814,-0.30455342272213376,HARMONIZED,ECOTOX standardized concentration used; for metal salts ECOTOX generally expresses concentration as active ionic form.,CORE,YES,,24,25,C,RAW_RANGE_MIDPOINT_RECOVERED,25,24,27,0/00,EXISTING_MEAN_PRESERVED,,7.89,8.45,,RAW_RANGE_MIDPOINT_RECOVERED,,,,,MISSING,ECOTOX,E_17219,E_T1191628,E_R166350,,,,,,,,Neonate,Static,Total,ECOTOX_STANDARDIZED_TARGET_METAL,,,,,,,,,8.17,ECOTOX_REPORTED_OR_REPAIRED,
2177,1165809,189250,14601,Cd,Cadmium chloride (CdCl2),Eurytemora affinis,Calanoida,Adult,4,Static,Total,,1077,903,1289,ug/L,1077,ug/L,15,30,,,"Results of Acute Toxicity Tests Conducted with Cadmium at ERL, Narragansett",PRIMARY_KEEP,Eligible copepod LC50 candidate,112.414,ECOTOX_STANDARDIZED_TARGET_METAL,1.077,9.58065721351433,2.2597461922930053,HARMONIZED,ECOTOX standardized concentration used; for metal salts ECOTOX generally expresses concentration as active ionic form.,CORE,YES,15,,,C,EXISTING_MEAN_PRESERVED,30,,,0/00,EXISTING_MEAN_PRESERVED,,,,,MISSING,,,,,MISSING,ECOTOX,E_14601,E_T1165809,E_R189250,,,,,,,,Adult,Static,Total,ECOTOX_STANDARDIZED_TARGET_METAL,,,,,,,,,,NO_NUMERIC_PH,
2195,1037866,104471,2332,Cd,Cadmium chloride (CdCl2),Nitocra spinipes,Harpacticoida,,4,Flow-through,Total,,660,530,820,ug/L,660,ug/L,,7,,,A Flowthrough Fecundity Test with Nitocra spinipes (Harpacticoidea Crustacea) for Aquatic Toxicity,PRIMARY_KEEP,Eligible copepod LC50 candidate,112.414,ECOTOX_STANDARDIZED_TARGET_METAL,0.66,5.871154838365328,1.770051350157088,HARMONIZED,ECOTOX standardized concentration used; for metal salts ECOTOX generally expresses concentration as active ionic form.,CORE,YES,,,,,MISSING,7,,,0/00,EXISTING_MEAN_PRESERVED,,,,,MISSING,,,,,MISSING,ECOTOX,E_2332,E_T1037866,E_R104471,,,,,,,,NOT_REPORTED,Flow-through,Total,ECOTOX_STANDARDIZED_TARGET_METAL,,,,,,,,,,NO_NUMERIC_PH,
2214,1165808,189249,14601,Cd,Cadmium chloride (CdCl2),Eurytemora affinis,Calanoida,Adult,4,Static,Total,,1651,1337,2025,ug/L,1651,ug/L,15,30,,,"Results of Acute Toxicity Tests Conducted with Cadmium at ERL, Narragansett",PRIMARY_KEEP,Eligible copepod LC50 candidate,112.414,ECOTOX_STANDARDIZED_TARGET_METAL,1.651,14.68678278506236,2.686947959056745,HARMONIZED,ECOTOX standardized concentration used; for metal salts ECOTOX generally expresses concentration as active ionic form.,CORE,YES,15,,,C,EXISTING_MEAN_PRESERVED,30,,,0/00,EXISTING_MEAN_PRESERVED,,,,,MISSING,,,,,MISSING,ECOTOX,E_14601,E_T1165808,E_R189249,,,,,,,,Adult,Static,Total,ECOTOX_STANDARDIZED_TARGET_METAL,,,,,,,,,,NO_NUMERIC_PH,
2221,1035623,54864,2183,Cd,Cadmium chloride (CdCl2),Nitocra spinipes,Harpacticoida,Adult,4,Static,Total,,1800,1200,2800,ug/L,1800,ug/L,20,7,8,,Use of a Harpacticoid Copepod in Toxicity Tests,PRIMARY_KEEP,Eligible copepod LC50 candidate,112.414,ECOTOX_STANDARDIZED_TARGET_METAL,1.8,16.012240468269077,2.773353459020873,HARMONIZED,ECOTOX standardized concentration used; for metal salts ECOTOX generally expresses concentration as active ionic form.,CORE,YES,20,,,C,EXISTING_MEAN_PRESERVED,7,,,0/00,EXISTING_MEAN_PRESERVED,8,,,,EXISTING_MEAN_PRESERVED,,,,,MISSING,ECOTOX,E_2183,E_T1035623,E_R54864,,,,,,,,Adult,Static,Total,ECOTOX_STANDARDIZED_TARGET_METAL,,,,,,,,,8,ECOTOX_REPORTED_OR_REPAIRED,
2224,1165806,189247,14601,Cd,Cadmium chloride (CdCl2),Acartia clausi,Calanoida,Adult,4,Static,Total,,200,154,260,ug/L,200,ug/L,10,30,,,"Results of Acute Toxicity Tests Conducted with Cadmium at ERL, Narragansett",PRIMARY_KEEP,Eligible copepod LC50 candidate,112.414,ECOTOX_STANDARDIZED_TARGET_METAL,0.2,1.7791378298076752,0.5761288816846535,HARMONIZED,ECOTOX standardized concentration used; for metal salts ECOTOX generally expresses concentration as active ionic form.,CORE,YES,10,,,C,EXISTING_MEAN_PRESERVED,30,,,0/00,EXISTING_MEAN_PRESERVED,,,,,MISSING,,,,,MISSING,ECOTOX,E_14601,E_T1165806,E_R189247,,,,,,,,Adult,Static,Total,ECOTOX_STANDARDIZED_TARGET_METAL,,,,,,,,,,NO_NUMERIC_PH,
2226,1037865,104470,2332,Cd,Cadmium chloride (CdCl2),Nitocra spinipes,Harpacticoida,,4,Flow-through,Total,,780,410,1200,ug/L,780,ug/L,,15,,,A Flowthrough Fecundity Test with Nitocra spinipes (Harpacticoidea Crustacea) for Aquatic Toxicity,PRIMARY_KEEP,Eligible copepod LC50 candidate,112.414,ECOTOX_STANDARDIZED_TARGET_METAL,0.78,6.938637536249933,1.9371054348202543,HARMONIZED,ECOTOX standardized concentration used; for metal salts ECOTOX generally expresses concentration as active ionic form.,CORE,YES,,,,,MISSING,15,,,0/00,EXISTING_MEAN_PRESERVED,,,,,MISSING,,,,,MISSING,ECOTOX,E_2332,E_T1037865,E_R104470,,,,,,,,NOT_REPORTED,Flow-through,Total,ECOTOX_STANDARDIZED_TARGET_METAL,,,,,,,,,,NO_NUMERIC_PH,
2234,1116276,107518,9029,Cd,Cadmium chloride (CdCl2),Acartia tonsa,Calanoida,Adult,4,Static,Total,,93,82,106,ug/L,93,ug/L,18,15,,,"Acute and Sublethal Effects of Cadmium on Ingestion, Egg Production and Life-Cycle Development in the Copepod Acartia tonsa",PRIMARY_KEEP,Eligible copepod LC50 candidate,112.414,ECOTOX_STANDARDIZED_TARGET_METAL,0.093,0.827299090860569,-0.1895889917101272,HARMONIZED,ECOTOX standardized concentration used; for metal salts ECOTOX generally expresses concentration as active ionic form.,CORE,YES,18,,,C,EXISTING_MEAN_PRESERVED,15,,,0/00,EXISTING_MEAN_PRESERVED,,,,,MISSING,,,,,MISSING,ECOTOX,E_9029,E_T1116276,E_R107518,,,,,,,,Adult,Static,Total,ECOTOX_STANDARDIZED_TARGET_METAL,,,,,,,,,,NO_NUMERIC_PH,
2249,1191627,166349,17219,Cd,Cadmium chloride (CdCl2),Eurytemora affinis,Calanoida,Neonate,4,Static,Total,,213.2,182,249.7,ug/L,213.2,ug/L,24,15,8.235,,The Effect of Salinity on the Acute Toxicity of Total Dissolved and Free Cadmium to the Copepod Eurytemora affinis and the Larval Fish Cyprinodon,PRIMARY_KEEP,Eligible copepod LC50 candidate,112.414,ECOTOX_STANDARDIZED_TARGET_METAL,0.2132,1.8965609265749817,0.6400422074283063,HARMONIZED,ECOTOX standardized concentration used; for metal salts ECOTOX generally expresses concentration as active ionic form.,CORE,YES,24,,,C,EXISTING_MEAN_PRESERVED,15,14,16,0/00,EXISTING_MEAN_PRESERVED,,8.09,8.38,,RAW_RANGE_MIDPOINT_RECOVERED,,,,,MISSING,ECOTOX,E_17219,E_T1191627,E_R166349,,,,,,,,Neonate,Static,Total,ECOTOX_STANDARDIZED_TARGET_METAL,,,,,,,,,8.235,ECOTOX_REPORTED_OR_REPAIRED,
2255,1210146,186386,19281,Cd,Cadmium chloride (CdCl2),Tigriopus brevicornis,Harpacticoida,Copepodid,4,Static,Total,,29.7,27.7,31.7,ug/L,29.7,ug/L,20,34.75,7.92,,"Mortality and LC50 Values for Several Stages of the Marine Copepod Tigriopus brevicornis (Muller) Exposed to the Metals Arsenic and Cadmium and the Pesticides Atrazine, Carbofuran, Dichlorvos, and Malathion",PRIMARY_KEEP,Eligible copepod LC50 candidate,112.414,ECOTOX_STANDARDIZED_TARGET_METAL,0.0297,0.2642019677264398,-1.3310414390547292,HARMONIZED,ECOTOX standardized concentration used; for metal salts ECOTOX generally expresses concentration as active ionic form.,CORE,YES,20,,,C,EXISTING_MEAN_PRESERVED,,34.5,35,0/00,RAW_RANGE_MIDPOINT_RECOVERED,,7.7,8.14,,RAW_RANGE_MIDPOINT_RECOVERED,,,,,MISSING,ECOTOX,E_19281,E_T1210146,E_R186386,,,,,,,,Copepodid,Static,Total,ECOTOX_STANDARDIZED_TARGET_METAL,,,,,,,,,7.92,ECOTOX_REPORTED_OR_REPAIRED,
2257,1295986,751250,111315,Cd,Cadmium chloride (CdCl2),Tigriopus japonicus,Harpacticoida,Adult,4,Renewal,Total,,25.2,17.81,35.55,mg/L,25.2,mg/L,20,32,7.9,,Acute Toxicities of Trace Metals and Common Xenobiotics to the Marine Copepod Tigriopus japonicus:  Evaluation of Its Use as a Benchmark Species for Routine Ecotoxicity Tests in Western Pacific Coastal Regions,PRIMARY_KEEP,Eligible copepod LC50 candidate,112.414,ECOTOX_STANDARDIZED_TARGET_METAL,25.2,224.1713665557671,5.412410788636132,HARMONIZED,ECOTOX standardized concentration used; for metal salts ECOTOX generally expresses concentration as active ionic form.,CORE,YES,20,,,C,EXISTING_MEAN_PRESERVED,32,,,0/00,EXISTING_MEAN_PRESERVED,7.9,,,,EXISTING_MEAN_PRESERVED,,,,,MISSING,ECOTOX,E_111315,E_T1295986,E_R751250,,,,,,,,Adult,Renewal,Total,ECOTOX_STANDARDIZED_TARGET_METAL,,,,,,,,,7.9,ECOTOX_REPORTED_OR_REPAIRED,
2260,1191626,166348,17219,Cd,Cadmium chloride (CdCl2),Eurytemora affinis,Calanoida,Neonate,4,Static,Total,,51.6,36.2,73.5,ug/L,51.6,ug/L,24.5,5,8.145,,The Effect of Salinity on the Acute Toxicity of Total Dissolved and Free Cadmium to the Copepod Eurytemora affinis and the Larval Fish Cyprinodon,PRIMARY_KEEP,Eligible copepod LC50 candidate,112.414,ECOTOX_STANDARDIZED_TARGET_METAL,0.0516,0.4590175600903802,-0.7786668123758661,HARMONIZED,ECOTOX standardized concentration used; for metal salts ECOTOX generally expresses concentration as active ionic form.,CORE,YES,,24,25,C,RAW_RANGE_MIDPOINT_RECOVERED,5,5,6,0/00,EXISTING_MEAN_PRESERVED,,7.53,8.76,,RAW_RANGE_MIDPOINT_RECOVERED,,,,,MISSING,ECOTOX,E_17219,E_T1191626,E_R166348,,,,,,,,Neonate,Static,Total,ECOTOX_STANDARDIZED_TARGET_METAL,,,,,,,,,8.145,ECOTOX_REPORTED_OR_REPAIRED,
2271,2146950,2279333,166028,Hg,Mercury chloride (Hg2Cl2),Tigriopus fulvus,Harpacticoida,Nauplii,2,Static,Total,,0.095,,,mg/L,0.095,mg/L,20,38,8,,"Assessment of Individual and Combined Toxicities of Three Heavy Metals (Cu, Cd and Hg) by Using Tigriopus fulvus",PRIMARY_KEEP,Eligible copepod LC50 candidate,200.592,ECOTOX_STANDARDIZED_TARGET_METAL,0.095,0.4735981494775464,-0.7473961027731285,HARMONIZED,ECOTOX standardized concentration used; for metal salts ECOTOX generally expresses concentration as active ionic form.,EXPLORATORY,NO,20,,,C,EXISTING_MEAN_PRESERVED,38,,,0/00,EXISTING_MEAN_PRESERVED,8,,,,EXISTING_MEAN_PRESERVED,,,,,MISSING,ECOTOX,E_166028,E_T2146950,E_R2279333,,,,,,,,Nauplii,Static,Total,ECOTOX_STANDARDIZED_TARGET_METAL,,,,,,,,,8,ECOTOX_REPORTED_OR_REPAIRED,
2275,2146953,2279336,166028,Cd,"Nitric acid, Cadmium salt (2:1)",Tigriopus fulvus,Harpacticoida,Nauplii,2,Static,Total,,2.12,,,mg/L,2.12,mg/L,20,38,8,,"Assessment of Individual and Combined Toxicities of Three Heavy Metals (Cu, Cd and Hg) by Using Tigriopus fulvus",PRIMARY_KEEP,Eligible copepod LC50 candidate,112.414,ECOTOX_STANDARDIZED_TARGET_METAL,2.12,18.85886099596136,2.936982882802675,HARMONIZED,ECOTOX standardized concentration used; for metal salts ECOTOX generally expresses concentration as active ionic form.,CORE,YES,20,,,C,EXISTING_MEAN_PRESERVED,38,,,0/00,EXISTING_MEAN_PRESERVED,8,,,,EXISTING_MEAN_PRESERVED,,,,,MISSING,ECOTOX,E_166028,E_T2146953,E_R2279336,,,,,,,,Nauplii,Static,Total,ECOTOX_STANDARDIZED_TARGET_METAL,,,,,,,,,8,ECOTOX_REPORTED_OR_REPAIRED,
,,,,Ni,Ni salt not reported,Oithona similis,Cyclopoida,Adult,4,Waterborne,Measured,=,2.52,,,mg/L,2.52,mg/L,24,30,,,,WOS_SOURCE_VERIFIED_KEEP,Supplementary WoS record; source verified and retained for quantitative augmentation,58.6934,WOS_SOURCE_VERIFIED_ELEMENTAL_METAL_MASS,2.52,42.93498076444711,3.759686896108675,HARMONIZED,Reported metal-mass LC50 converted to umol/L using target-metal atomic weight,PENDING_COMBINED_SUPPORT_AUDIT,PENDING_COMBINED_SUPPORT_AUDIT,24,,,C,SOURCE_REPORTED_WOS,30,,,PSU/ppt as reported,SOURCE_REPORTED_WOS,,,,,NOT_EXTRACTED_WOS,,,,,NOT_EXTRACTED_WOS,WoS_supplemental,W_001,W_001_T01,W_001_T01_R01,A02,10.1007/s00128-018-2279-7,Panneerselvam et al. (2018),Adult,Measured dissolved,Results/Table 1,Table/Results value used; abstract differs.,Adult,Waterborne,Measured,WOS_SOURCE_VERIFIED_ELEMENTAL_METAL_MASS,NO_NUMERIC_PH_FOUND,,,,,Not reported,Methods: copepod culture / acute bioassay conditions,"Temperature and salinity are reported, but no numeric exposure-water pH was located in the main article.",,WOS_SECOND_PASS_NO_NUMERIC_PH,Not reported
,,,,Ni,Ni salt not reported,Acartia danae,Calanoida,Adult,4,Waterborne,Measured,=,2.351,,,mg/L,2.351,mg/L,24,30,,,,WOS_SOURCE_VERIFIED_KEEP,Supplementary WoS record; source verified and retained for quantitative augmentation,58.6934,WOS_SOURCE_VERIFIED_ELEMENTAL_METAL_MASS,2.351,40.055611022704426,3.690268764143276,HARMONIZED,Reported metal-mass LC50 converted to umol/L using target-metal atomic weight,PENDING_COMBINED_SUPPORT_AUDIT,PENDING_COMBINED_SUPPORT_AUDIT,24,,,C,SOURCE_REPORTED_WOS,30,,,PSU/ppt as reported,SOURCE_REPORTED_WOS,,,,,NOT_EXTRACTED_WOS,,,,,NOT_EXTRACTED_WOS,WoS_supplemental,W_001,W_001_T02,W_001_T02_R01,A02,10.1007/s00128-018-2279-7,Panneerselvam et al. (2018),Adult,Measured dissolved,Results/Table 1,Table/Results value used; abstract rounded differently.,Adult,Waterborne,Measured,WOS_SOURCE_VERIFIED_ELEMENTAL_METAL_MASS,NO_NUMERIC_PH_FOUND,,,,,Not reported,Methods: copepod culture / acute bioassay conditions,"Temperature and salinity are reported, but no numeric exposure-water pH was located in the main article.",,WOS_SECOND_PASS_NO_NUMERIC_PH,Not reported
,,,,Cd,Cd salt not reported,Pseudodiaptomus annandalei,Calanoida,Adult,3,Waterborne,Nominal,=,252.2,,,ug/L,252.2,ug/L,26,15,,,,WOS_SOURCE_VERIFIED_KEEP,Supplementary WoS record; source verified and retained for quantitative augmentation,112.414,WOS_SOURCE_VERIFIED_ELEMENTAL_METAL_MASS,0.2522,2.243492803387478,0.8080339386674359,HARMONIZED,Reported metal-mass LC50 converted to umol/L using target-metal atomic weight,PENDING_COMBINED_SUPPORT_AUDIT,PENDING_COMBINED_SUPPORT_AUDIT,26,,,C,SOURCE_REPORTED_WOS,15,,,PSU/ppt as reported,SOURCE_REPORTED_WOS,,,,,NOT_EXTRACTED_WOS,,,,,NOT_EXTRACTED_WOS,WoS_supplemental,W_002,W_002_T01,W_002_T01_R01,A03,10.1007/s10646-017-1848-6,Kadiene et al. (2017),Adult male,Nominal,Table 1,,Adult male,Waterborne,Nominal,WOS_SOURCE_VERIFIED_ELEMENTAL_METAL_MASS,NO_NUMERIC_PH_FOUND,,,,,Not reported,Materials and methods: copepod cultures / cadmium exposure,Salinity and species-specific temperatures are reported; no numeric test-water pH was located in the main article.,,WOS_SECOND_PASS_NO_NUMERIC_PH,Not reported
,,,,Cd,Cd salt not reported,Pseudodiaptomus annandalei,Calanoida,Adult,4,Waterborne,Nominal,=,120.59,,,ug/L,120.59,ug/L,26,15,,,,WOS_SOURCE_VERIFIED_KEEP,Supplementary WoS record; source verified and retained for quantitative augmentation,112.414,WOS_SOURCE_VERIFIED_ELEMENTAL_METAL_MASS,0.12059,1.0727311544825378,0.07020787725211802,HARMONIZED,Reported metal-mass LC50 converted to umol/L using target-metal atomic weight,PENDING_COMBINED_SUPPORT_AUDIT,PENDING_COMBINED_SUPPORT_AUDIT,26,,,C,SOURCE_REPORTED_WOS,15,,,PSU/ppt as reported,SOURCE_REPORTED_WOS,,,,,NOT_EXTRACTED_WOS,,,,,NOT_EXTRACTED_WOS,WoS_supplemental,W_002,W_002_T01,W_002_T01_R02,A03,10.1007/s10646-017-1848-6,Kadiene et al. (2017),Adult male,Nominal,Table 1,,Adult male,Waterborne,Nominal,WOS_SOURCE_VERIFIED_ELEMENTAL_METAL_MASS,NO_NUMERIC_PH_FOUND,,,,,Not reported,Materials and methods: copepod cultures / cadmium exposure,Salinity and species-specific temperatures are reported; no numeric test-water pH was located in the main article.,,WOS_SECOND_PASS_NO_NUMERIC_PH,Not reported
,,,,Cd,Cd salt not reported,Pseudodiaptomus annandalei,Calanoida,Adult,3,Waterborne,Nominal,=,461.86,,,ug/L,461.86,ug/L,26,15,,,,WOS_SOURCE_VERIFIED_KEEP,Supplementary WoS record; source verified and retained for quantitative augmentation,112.414,WOS_SOURCE_VERIFIED_ELEMENTAL_METAL_MASS,0.46186,4.108562990374865,1.4130733299923657,HARMONIZED,Reported metal-mass LC50 converted to umol/L using target-metal atomic weight,PENDING_COMBINED_SUPPORT_AUDIT,PENDING_COMBINED_SUPPORT_AUDIT,26,,,C,SOURCE_REPORTED_WOS,15,,,PSU/ppt as reported,SOURCE_REPORTED_WOS,,,,,NOT_EXTRACTED_WOS,,,,,NOT_EXTRACTED_WOS,WoS_supplemental,W_002,W_002_T02,W_002_T02_R01,A03,10.1007/s10646-017-1848-6,Kadiene et al. (2017),Adult female,Nominal,Table 1,LC50 above highest tested concentration (360 µg/L).,Adult female,Waterborne,Nominal,WOS_SOURCE_VERIFIED_ELEMENTAL_METAL_MASS,NO_NUMERIC_PH_FOUND,,,,,Not reported,Materials and methods: copepod cultures / cadmium exposure,Salinity and species-specific temperatures are reported; no numeric test-water pH was located in the main article.,,WOS_SECOND_PASS_NO_NUMERIC_PH,Not reported
,,,,Cd,Cd salt not reported,Pseudodiaptomus annandalei,Calanoida,Adult,4,Waterborne,Nominal,=,239.46,,,ug/L,239.46,ug/L,26,15,,,,WOS_SOURCE_VERIFIED_KEEP,Supplementary WoS record; source verified and retained for quantitative augmentation,112.414,WOS_SOURCE_VERIFIED_ELEMENTAL_METAL_MASS,0.23946,2.1301617236287296,0.7561979034253145,HARMONIZED,Reported metal-mass LC50 converted to umol/L using target-metal atomic weight,PENDING_COMBINED_SUPPORT_AUDIT,PENDING_COMBINED_SUPPORT_AUDIT,26,,,C,SOURCE_REPORTED_WOS,15,,,PSU/ppt as reported,SOURCE_REPORTED_WOS,,,,,NOT_EXTRACTED_WOS,,,,,NOT_EXTRACTED_WOS,WoS_supplemental,W_002,W_002_T02,W_002_T02_R02,A03,10.1007/s10646-017-1848-6,Kadiene et al. (2017),Adult female,Nominal,Table 1,,Adult female,Waterborne,Nominal,WOS_SOURCE_VERIFIED_ELEMENTAL_METAL_MASS,NO_NUMERIC_PH_FOUND,,,,,Not reported,Materials and methods: copepod cultures / cadmium exposure,Salinity and species-specific temperatures are reported; no numeric test-water pH was located in the main article.,,WOS_SECOND_PASS_NO_NUMERIC_PH,Not reported
,,,,Cd,Cd salt not reported,Eurytemora affinis,Calanoida,Adult,2,Waterborne,Nominal,=,365.54,,,ug/L,365.54,ug/L,18,15,,,,WOS_SOURCE_VERIFIED_KEEP,Supplementary WoS record; source verified and retained for quantitative augmentation,112.414,WOS_SOURCE_VERIFIED_ELEMENTAL_METAL_MASS,0.36554,3.251730211539488,1.179187227462913,HARMONIZED,Reported metal-mass LC50 converted to umol/L using target-metal atomic weight,PENDING_COMBINED_SUPPORT_AUDIT,PENDING_COMBINED_SUPPORT_AUDIT,18,,,C,SOURCE_REPORTED_WOS,15,,,PSU/ppt as reported,SOURCE_REPORTED_WOS,,,,,NOT_EXTRACTED_WOS,,,,,NOT_EXTRACTED_WOS,WoS_supplemental,W_002,W_002_T03,W_002_T03_R01,A03,10.1007/s10646-017-1848-6,Kadiene et al. (2017),Adult female,Nominal,Table 1,,Adult female,Waterborne,Nominal,WOS_SOURCE_VERIFIED_ELEMENTAL_METAL_MASS,NO_NUMERIC_PH_FOUND,,,,,Not reported,Materials and methods: copepod cultures / cadmium exposure,Salinity and species-specific temperatures are reported; no numeric test-water pH was located in the main article.,,WOS_SECOND_PASS_NO_NUMERIC_PH,Not reported
,,,,Cd,Cd salt not reported,Eurytemora affinis,Calanoida,Adult,3,Waterborne,Nominal,=,158.88,,,ug/L,158.88,ug/L,18,15,,,,WOS_SOURCE_VERIFIED_KEEP,Supplementary WoS record; source verified and retained for quantitative augmentation,112.414,WOS_SOURCE_VERIFIED_ELEMENTAL_METAL_MASS,0.15888,1.413347091999217,0.3459607154334792,HARMONIZED,Reported metal-mass LC50 converted to umol/L using target-metal atomic weight,PENDING_COMBINED_SUPPORT_AUDIT,PENDING_COMBINED_SUPPORT_AUDIT,18,,,C,SOURCE_REPORTED_WOS,15,,,PSU/ppt as reported,SOURCE_REPORTED_WOS,,,,,NOT_EXTRACTED_WOS,,,,,NOT_EXTRACTED_WOS,WoS_supplemental,W_002,W_002_T03,W_002_T03_R02,A03,10.1007/s10646-017-1848-6,Kadiene et al. (2017),Adult female,Nominal,Table 1,,Adult female,Waterborne,Nominal,WOS_SOURCE_VERIFIED_ELEMENTAL_METAL_MASS,NO_NUMERIC_PH_FOUND,,,,,Not reported,Materials and methods: copepod cultures / cadmium exposure,Salinity and species-specific temperatures are reported; no numeric test-water pH was located in the main article.,,WOS_SECOND_PASS_NO_NUMERIC_PH,Not reported
,,,,Cd,Cd salt not reported,Eurytemora affinis,Calanoida,Adult,4,Waterborne,Nominal,=,90.04,,,ug/L,90.04,ug/L,18,15,,,,WOS_SOURCE_VERIFIED_KEEP,Supplementary WoS record; source verified and retained for quantitative augmentation,112.414,WOS_SOURCE_VERIFIED_ELEMENTAL_METAL_MASS,0.09004000000000001,0.8009678509794155,-0.22193446882485152,HARMONIZED,Reported metal-mass LC50 converted to umol/L using target-metal atomic weight,PENDING_COMBINED_SUPPORT_AUDIT,PENDING_COMBINED_SUPPORT_AUDIT,18,,,C,SOURCE_REPORTED_WOS,15,,,PSU/ppt as reported,SOURCE_REPORTED_WOS,,,,,NOT_EXTRACTED_WOS,,,,,NOT_EXTRACTED_WOS,WoS_supplemental,W_002,W_002_T03,W_002_T03_R03,A03,10.1007/s10646-017-1848-6,Kadiene et al. (2017),Adult female,Nominal,Table 1,,Adult female,Waterborne,Nominal,WOS_SOURCE_VERIFIED_ELEMENTAL_METAL_MASS,NO_NUMERIC_PH_FOUND,,,,,Not reported,Materials and methods: copepod cultures / cadmium exposure,Salinity and species-specific temperatures are reported; no numeric test-water pH was located in the main article.,,WOS_SECOND_PASS_NO_NUMERIC_PH,Not reported
,,,,Cd,Cd salt not reported,Eurytemora affinis,Calanoida,Adult,3,Waterborne,Nominal,=,281.94,,,ug/L,281.94,ug/L,18,15,,,,WOS_SOURCE_VERIFIED_KEEP,Supplementary WoS record; source verified and retained for quantitative augmentation,112.414,WOS_SOURCE_VERIFIED_ELEMENTAL_METAL_MASS,0.28194,2.50805059867988,0.9195057974793962,HARMONIZED,Reported metal-mass LC50 converted to umol/L using target-metal atomic weight,PENDING_COMBINED_SUPPORT_AUDIT,PENDING_COMBINED_SUPPORT_AUDIT,18,,,C,SOURCE_REPORTED_WOS,15,,,PSU/ppt as reported,SOURCE_REPORTED_WOS,,,,,NOT_EXTRACTED_WOS,,,,,NOT_EXTRACTED_WOS,WoS_supplemental,W_002,W_002_T04,W_002_T04_R01,A03,10.1007/s10646-017-1848-6,Kadiene et al. (2017),Adult male,Nominal,Table 1,,Adult male,Waterborne,Nominal,WOS_SOURCE_VERIFIED_ELEMENTAL_METAL_MASS,NO_NUMERIC_PH_FOUND,,,,,Not reported,Materials and methods: copepod cultures / cadmium exposure,Salinity and species-specific temperatures are reported; no numeric test-water pH was located in the main article.,,WOS_SECOND_PASS_NO_NUMERIC_PH,Not reported
,,,,Cd,Cd salt not reported,Eurytemora affinis,Calanoida,Adult,4,Waterborne,Nominal,=,127.75,,,ug/L,127.75,ug/L,18,15,,,,WOS_SOURCE_VERIFIED_KEEP,Supplementary WoS record; source verified and retained for quantitative augmentation,112.414,WOS_SOURCE_VERIFIED_ELEMENTAL_METAL_MASS,0.12775,1.1364242887896523,0.12788674422043064,HARMONIZED,Reported metal-mass LC50 converted to umol/L using target-metal atomic weight,PENDING_COMBINED_SUPPORT_AUDIT,PENDING_COMBINED_SUPPORT_AUDIT,18,,,C,SOURCE_REPORTED_WOS,15,,,PSU/ppt as reported,SOURCE_REPORTED_WOS,,,,,NOT_EXTRACTED_WOS,,,,,NOT_EXTRACTED_WOS,WoS_supplemental,W_002,W_002_T04,W_002_T04_R02,A03,10.1007/s10646-017-1848-6,Kadiene et al. (2017),Adult male,Nominal,Table 1,,Adult male,Waterborne,Nominal,WOS_SOURCE_VERIFIED_ELEMENTAL_METAL_MASS,NO_NUMERIC_PH_FOUND,,,,,Not reported,Materials and methods: copepod cultures / cadmium exposure,Salinity and species-specific temperatures are reported; no numeric test-water pH was located in the main article.,,WOS_SECOND_PASS_NO_NUMERIC_PH,Not reported
,,,,Hg,HgCl2,Calanus finmarchicus,Calanoida,Copepodite,1,Waterborne,Measured,=,279,,,ug/L,279,ug/L,10,,,,,WOS_SOURCE_VERIFIED_KEEP,Supplementary WoS record; source verified and retained for quantitative augmentation,200.592,WOS_SOURCE_VERIFIED_ELEMENTAL_METAL_MASS,0.279,1.390882986360373,0.3299387874476962,HARMONIZED,Reported metal-mass LC50 converted to umol/L using target-metal atomic weight,PENDING_COMBINED_SUPPORT_AUDIT,PENDING_COMBINED_SUPPORT_AUDIT,10,,,C,SOURCE_REPORTED_WOS,,,,,NOT_REPORTED_WOS,,,,,NOT_EXTRACTED_WOS,,,,,NOT_EXTRACTED_WOS,WoS_supplemental,W_003,W_003_T01,W_003_T01_R01,A04,10.1080/15287394.2017.1352198,Tollefsen et al. (2017),Copepodite V (CV),Measured,Abstract/Results,LC50 above tested concentration range.,Copepodite V (CV),Waterborne,Measured,WOS_SOURCE_VERIFIED_ELEMENTAL_METAL_MASS,NO_NUMERIC_PH_FOUND,,,,,Not reported,Materials and methods: Experiments,"Acute test temperature and filtered seawater are described, but no numeric exposure-water pH was located in the main article.",,WOS_SECOND_PASS_NO_NUMERIC_PH,Not reported
,,,,Hg,HgCl2,Calanus finmarchicus,Calanoida,Copepodite,2,Waterborne,Measured,=,73,,,ug/L,73,ug/L,10,,,,,WOS_SOURCE_VERIFIED_KEEP,Supplementary WoS record; source verified and retained for quantitative augmentation,200.592,WOS_SOURCE_VERIFIED_ELEMENTAL_METAL_MASS,0.073,0.3639227885459041,-1.0108135532252782,HARMONIZED,Reported metal-mass LC50 converted to umol/L using target-metal atomic weight,PENDING_COMBINED_SUPPORT_AUDIT,PENDING_COMBINED_SUPPORT_AUDIT,10,,,C,SOURCE_REPORTED_WOS,,,,,NOT_REPORTED_WOS,,,,,NOT_EXTRACTED_WOS,,,,,NOT_EXTRACTED_WOS,WoS_supplemental,W_003,W_003_T01,W_003_T01_R02,A04,10.1080/15287394.2017.1352198,Tollefsen et al. (2017),Copepodite V (CV),Measured,Abstract/Results,Discussion reports 43.1 once; Abstract/Results consistently report 73.,Copepodite V (CV),Waterborne,Measured,WOS_SOURCE_VERIFIED_ELEMENTAL_METAL_MASS,NO_NUMERIC_PH_FOUND,,,,,Not reported,Materials and methods: Experiments,"Acute test temperature and filtered seawater are described, but no numeric exposure-water pH was located in the main article.",,WOS_SECOND_PASS_NO_NUMERIC_PH,Not reported
,,,,Hg,HgCl2,Calanus finmarchicus,Calanoida,Copepodite,3,Waterborne,Measured,=,48,,,ug/L,48,ug/L,10,,,,,WOS_SOURCE_VERIFIED_KEEP,Supplementary WoS record; source verified and retained for quantitative augmentation,200.592,WOS_SOURCE_VERIFIED_ELEMENTAL_METAL_MASS,0.048,0.2392916965781287,-1.4300719834657785,HARMONIZED,Reported metal-mass LC50 converted to umol/L using target-metal atomic weight,PENDING_COMBINED_SUPPORT_AUDIT,PENDING_COMBINED_SUPPORT_AUDIT,10,,,C,SOURCE_REPORTED_WOS,,,,,NOT_REPORTED_WOS,,,,,NOT_EXTRACTED_WOS,,,,,NOT_EXTRACTED_WOS,WoS_supplemental,W_003,W_003_T01,W_003_T01_R03,A04,10.1080/15287394.2017.1352198,Tollefsen et al. (2017),Copepodite V (CV),Measured,Abstract/Results,,Copepodite V (CV),Waterborne,Measured,WOS_SOURCE_VERIFIED_ELEMENTAL_METAL_MASS,NO_NUMERIC_PH_FOUND,,,,,Not reported,Materials and methods: Experiments,"Acute test temperature and filtered seawater are described, but no numeric exposure-water pH was located in the main article.",,WOS_SECOND_PASS_NO_NUMERIC_PH,Not reported
,,,,Hg,HgCl2,Calanus finmarchicus,Calanoida,Copepodite,4,Waterborne,Measured,=,34,,,ug/L,34,ug/L,10,,,,,WOS_SOURCE_VERIFIED_KEEP,Supplementary WoS record; source verified and retained for quantitative augmentation,200.592,WOS_SOURCE_VERIFIED_ELEMENTAL_METAL_MASS,0.034,0.1694982850761745,-1.774912469757508,HARMONIZED,Reported metal-mass LC50 converted to umol/L using target-metal atomic weight,PENDING_COMBINED_SUPPORT_AUDIT,PENDING_COMBINED_SUPPORT_AUDIT,10,,,C,SOURCE_REPORTED_WOS,,,,,NOT_REPORTED_WOS,,,,,NOT_EXTRACTED_WOS,,,,,NOT_EXTRACTED_WOS,WoS_supplemental,W_003,W_003_T01,W_003_T01_R04,A04,10.1080/15287394.2017.1352198,Tollefsen et al. (2017),Copepodite V (CV),Measured,Abstract/Results,,Copepodite V (CV),Waterborne,Measured,WOS_SOURCE_VERIFIED_ELEMENTAL_METAL_MASS,NO_NUMERIC_PH_FOUND,,,,,Not reported,Materials and methods: Experiments,"Acute test temperature and filtered seawater are described, but no numeric exposure-water pH was located in the main article.",,WOS_SECOND_PASS_NO_NUMERIC_PH,Not reported
,,,,Ni,NiSO4·6H2O,Pseudodiaptomus marinus,Calanoida,Adult,1,Waterborne,Nominal,=,531.39,,,ug/L,531.39,ug/L,20,33,,,,WOS_SOURCE_VERIFIED_KEEP,Supplementary WoS record; source verified and retained for quantitative augmentation,58.6934,WOS_SOURCE_VERIFIED_ELEMENTAL_METAL_MASS,0.53139,9.053658503341092,2.2031689305358215,HARMONIZED,Reported metal-mass LC50 converted to umol/L using target-metal atomic weight,PENDING_COMBINED_SUPPORT_AUDIT,PENDING_COMBINED_SUPPORT_AUDIT,20,,,C,SOURCE_REPORTED_WOS,33,,,PSU/ppt as reported,SOURCE_REPORTED_WOS,,,,,NOT_EXTRACTED_WOS,,,,,NOT_EXTRACTED_WOS,WoS_supplemental,W_004,W_004_T01,W_004_T01_R01,A05,10.1016/j.chemosphere.2015.10.057,Tlili et al. (2016),Adult,Nominal,Table 2,24-h LC50 slightly above highest tested concentration.,Adult,Waterborne,Nominal,WOS_SOURCE_VERIFIED_ELEMENTAL_METAL_MASS,NUMERIC_PH_REPORTED,8.4 ?? 0.2,8.2,8.6,8.4,Not reported,Section 2.4 Lethal concentration determination experiments,Acute lethality tests were conducted at pH 8.4??0.2. Stock-solution acidification is not treated as exposure pH.,8.4,WOS_SECOND_PASS_SOURCE_VERIFIED,Not reported
,,,,Ni,NiSO4·6H2O,Pseudodiaptomus marinus,Calanoida,Adult,2,Waterborne,Nominal,=,313.84,,,ug/L,313.84,ug/L,20,33,,,,WOS_SOURCE_VERIFIED_KEEP,Supplementary WoS record; source verified and retained for quantitative augmentation,58.6934,WOS_SOURCE_VERIFIED_ELEMENTAL_METAL_MASS,0.31383999999999995,5.347108874251619,1.6765560175045036,HARMONIZED,Reported metal-mass LC50 converted to umol/L using target-metal atomic weight,PENDING_COMBINED_SUPPORT_AUDIT,PENDING_COMBINED_SUPPORT_AUDIT,20,,,C,SOURCE_REPORTED_WOS,33,,,PSU/ppt as reported,SOURCE_REPORTED_WOS,,,,,NOT_EXTRACTED_WOS,,,,,NOT_EXTRACTED_WOS,WoS_supplemental,W_004,W_004_T01,W_004_T01_R02,A05,10.1016/j.chemosphere.2015.10.057,Tlili et al. (2016),Adult,Nominal,Table 2,,Adult,Waterborne,Nominal,WOS_SOURCE_VERIFIED_ELEMENTAL_METAL_MASS,NUMERIC_PH_REPORTED,8.4 ?? 0.2,8.2,8.6,8.4,Not reported,Section 2.4 Lethal concentration determination experiments,Acute lethality tests were conducted at pH 8.4??0.2. Stock-solution acidification is not treated as exposure pH.,8.4,WOS_SECOND_PASS_SOURCE_VERIFIED,Not reported
,,,,Ni,NiSO4·6H2O,Pseudodiaptomus marinus,Calanoida,Adult,3,Waterborne,Nominal,=,182.51,,,ug/L,182.51,ug/L,20,33,,,,WOS_SOURCE_VERIFIED_KEEP,Supplementary WoS record; source verified and retained for quantitative augmentation,58.6934,WOS_SOURCE_VERIFIED_ELEMENTAL_METAL_MASS,0.18251,3.1095489441743025,1.1344776816451356,HARMONIZED,Reported metal-mass LC50 converted to umol/L using target-metal atomic weight,PENDING_COMBINED_SUPPORT_AUDIT,PENDING_COMBINED_SUPPORT_AUDIT,20,,,C,SOURCE_REPORTED_WOS,33,,,PSU/ppt as reported,SOURCE_REPORTED_WOS,,,,,NOT_EXTRACTED_WOS,,,,,NOT_EXTRACTED_WOS,WoS_supplemental,W_004,W_004_T01,W_004_T01_R03,A05,10.1016/j.chemosphere.2015.10.057,Tlili et al. (2016),Adult,Nominal,Table 2,,Adult,Waterborne,Nominal,WOS_SOURCE_VERIFIED_ELEMENTAL_METAL_MASS,NUMERIC_PH_REPORTED,8.4 ?? 0.2,8.2,8.6,8.4,Not reported,Section 2.4 Lethal concentration determination experiments,Acute lethality tests were conducted at pH 8.4??0.2. Stock-solution acidification is not treated as exposure pH.,8.4,WOS_SECOND_PASS_SOURCE_VERIFIED,Not reported
,,,,Ni,NiSO4·6H2O,Pseudodiaptomus marinus,Calanoida,Adult,4,Waterborne,Nominal,=,136.17,,,ug/L,136.17,ug/L,20,33,,,,WOS_SOURCE_VERIFIED_KEEP,Supplementary WoS record; source verified and retained for quantitative augmentation,58.6934,WOS_SOURCE_VERIFIED_ELEMENTAL_METAL_MASS,0.13617,2.3200223534503026,0.8415768207396903,HARMONIZED,Reported metal-mass LC50 converted to umol/L using target-metal atomic weight,PENDING_COMBINED_SUPPORT_AUDIT,PENDING_COMBINED_SUPPORT_AUDIT,20,,,C,SOURCE_REPORTED_WOS,33,,,PSU/ppt as reported,SOURCE_REPORTED_WOS,,,,,NOT_EXTRACTED_WOS,,,,,NOT_EXTRACTED_WOS,WoS_supplemental,W_004,W_004_T01,W_004_T01_R04,A05,10.1016/j.chemosphere.2015.10.057,Tlili et al. (2016),Adult,Nominal,Table 2,,Adult,Waterborne,Nominal,WOS_SOURCE_VERIFIED_ELEMENTAL_METAL_MASS,NUMERIC_PH_REPORTED,8.4 ?? 0.2,8.2,8.6,8.4,Not reported,Section 2.4 Lethal concentration determination experiments,Acute lethality tests were conducted at pH 8.4??0.2. Stock-solution acidification is not treated as exposure pH.,8.4,WOS_SECOND_PASS_SOURCE_VERIFIED,Not reported
,,,,Zn,ZnSO4·7H2O,Tisbe biminiensis,Harpacticoida,Nauplii,3,Waterborne,Nominal,=,0.79,,,mg/L,0.79,mg/L,28,34,,,,WOS_SOURCE_VERIFIED_KEEP,Supplementary WoS record; source verified and retained for quantitative augmentation,65.38,WOS_SOURCE_VERIFIED_ELEMENTAL_METAL_MASS,0.79,12.083205873355768,2.491816544165003,HARMONIZED,Reported metal-mass LC50 converted to umol/L using target-metal atomic weight,PENDING_COMBINED_SUPPORT_AUDIT,PENDING_COMBINED_SUPPORT_AUDIT,28,,,C,SOURCE_REPORTED_WOS,34,,,PSU/ppt as reported,SOURCE_REPORTED_WOS,,,,,NOT_EXTRACTED_WOS,,,,,NOT_EXTRACTED_WOS,WoS_supplemental,W_005,W_005_T01,W_005_T01_R01,A06,10.1016/j.ecoenv.2013.05.010,Lavorante et al. (2013),Nauplii ≤24 h,Nominal; analytically verified,Table 1 / Results,Source also reports 3.46 mg/L ZnSO4·7H2O and converts to 0.79 mg/L Zn2+.,Nauplii ≤24 h,Waterborne,Nominal,WOS_SOURCE_VERIFIED_ELEMENTAL_METAL_MASS,MEASURED_BUT_NUMERIC_NOT_REPORTED,,,,,Not reported,Section 2.3 Description of test,"The paper states that pH was determined before the test, but no numeric test pH is given. Analytical-solution pH is not exposure pH.",,WOS_SECOND_PASS_NO_NUMERIC_PH,Not reported
,,,,Ag,AgNO3,Calanus finmarchicus,Calanoida,Adult,4,Waterborne,Measured,=,146,,,ug/L,146,ug/L,10,,,,,WOS_SOURCE_VERIFIED_KEEP,Supplementary WoS record; source verified and retained for quantitative augmentation,107.8682,WOS_SOURCE_VERIFIED_ELEMENTAL_METAL_MASS,0.146,1.353503627575133,0.30269651021279664,HARMONIZED,Reported metal-mass LC50 converted to umol/L using target-metal atomic weight,PENDING_COMBINED_SUPPORT_AUDIT,PENDING_COMBINED_SUPPORT_AUDIT,10,,,C,SOURCE_REPORTED_WOS,,,,,NOT_REPORTED_WOS,,,,,NOT_EXTRACTED_WOS,,,,,NOT_EXTRACTED_WOS,WoS_supplemental,W_006,W_006_T01,W_006_T01_R01,A08,10.1016/j.aquatox.2020.105582,Farkas et al. (2020),Newly molted non-ovulating females,Measured total Ag,Results,Ionic Ag+ arm only; AgNP and oil-mixture arms excluded.,Newly molted non-ovulating females,Waterborne,Measured,WOS_SOURCE_VERIFIED_ELEMENTAL_METAL_MASS,NO_NUMERIC_PH_FOUND,,,,,Not reported,Section 2.2 Acute Ag toxicity test,No numeric exposure-water pH was located in the main article.,,WOS_SECOND_PASS_NO_NUMERIC_PH,Not reported
,,,,Zn,ZnSO4·H2O,Tigriopus fulvus,Harpacticoida,Nauplii,4,Waterborne,Nominal,=,0.63,,,mg/L,0.63,mg/L,20,38,,,,WOS_SOURCE_VERIFIED_KEEP,Supplementary WoS record; source verified and retained for quantitative augmentation,65.38,WOS_SOURCE_VERIFIED_ELEMENTAL_METAL_MASS,0.63,9.635974304068522,2.265503418089514,HARMONIZED,Reported metal-mass LC50 converted to umol/L using target-metal atomic weight,PENDING_COMBINED_SUPPORT_AUDIT,PENDING_COMBINED_SUPPORT_AUDIT,20,,,C,SOURCE_REPORTED_WOS,38,,,PSU/ppt as reported,SOURCE_REPORTED_WOS,,,,,NOT_EXTRACTED_WOS,,,,,NOT_EXTRACTED_WOS,WoS_supplemental,W_007,W_007_T01,W_007_T01_R01,A09,10.3389/fpubh.2020.00192,Vimercati et al. (2020),Nauplii 24–48 h,Nominal; analytically verified,Table 6,Separate source-reported trial; source mean = 0.70 mg/L. ZnO NP arm excluded.,Nauplii 24–48 h,Waterborne,Nominal,WOS_SOURCE_VERIFIED_ELEMENTAL_METAL_MASS,NUMERIC_PH_REPORTED,8 ?? 0.3,7.7,8.3,8,Not reported,Table 2: Experimental conditions during acute toxicity tests,"For Tigriopus fulvus acute tests, pH was 8??0.3.",8,WOS_SECOND_PASS_SOURCE_VERIFIED,Not reported
,,,,Zn,ZnSO4·H2O,Tigriopus fulvus,Harpacticoida,Nauplii,4,Waterborne,Nominal,=,0.6,,,mg/L,0.6,mg/L,20,38,,,,WOS_SOURCE_VERIFIED_KEEP,Supplementary WoS record; source verified and retained for quantitative augmentation,65.38,WOS_SOURCE_VERIFIED_ELEMENTAL_METAL_MASS,0.6,9.177118384827164,2.216713253920082,HARMONIZED,Reported metal-mass LC50 converted to umol/L using target-metal atomic weight,PENDING_COMBINED_SUPPORT_AUDIT,PENDING_COMBINED_SUPPORT_AUDIT,20,,,C,SOURCE_REPORTED_WOS,38,,,PSU/ppt as reported,SOURCE_REPORTED_WOS,,,,,NOT_EXTRACTED_WOS,,,,,NOT_EXTRACTED_WOS,WoS_supplemental,W_007,W_007_T02,W_007_T02_R01,A09,10.3389/fpubh.2020.00192,Vimercati et al. (2020),Nauplii 24–48 h,Nominal; analytically verified,Table 6,Separate source-reported trial; source mean = 0.70 mg/L. ZnO NP arm excluded.,Nauplii 24–48 h,Waterborne,Nominal,WOS_SOURCE_VERIFIED_ELEMENTAL_METAL_MASS,NUMERIC_PH_REPORTED,8 ?? 0.3,7.7,8.3,8,Not reported,Table 2: Experimental conditions during acute toxicity tests,"For Tigriopus fulvus acute tests, pH was 8??0.3.",8,WOS_SECOND_PASS_SOURCE_VERIFIED,Not reported
,,,,Zn,ZnSO4·H2O,Tigriopus fulvus,Harpacticoida,Nauplii,4,Waterborne,Nominal,=,0.88,,,mg/L,0.88,mg/L,20,38,,,,WOS_SOURCE_VERIFIED_KEEP,Supplementary WoS record; source verified and retained for quantitative augmentation,65.38,WOS_SOURCE_VERIFIED_ELEMENTAL_METAL_MASS,0.88,13.45977363107984,2.599705506176188,HARMONIZED,Reported metal-mass LC50 converted to umol/L using target-metal atomic weight,PENDING_COMBINED_SUPPORT_AUDIT,PENDING_COMBINED_SUPPORT_AUDIT,20,,,C,SOURCE_REPORTED_WOS,38,,,PSU/ppt as reported,SOURCE_REPORTED_WOS,,,,,NOT_EXTRACTED_WOS,,,,,NOT_EXTRACTED_WOS,WoS_supplemental,W_007,W_007_T03,W_007_T03_R01,A09,10.3389/fpubh.2020.00192,Vimercati et al. (2020),Nauplii 24–48 h,Nominal; analytically verified,Table 6,Separate source-reported trial; source mean = 0.70 mg/L. ZnO NP arm excluded.,Nauplii 24–48 h,Waterborne,Nominal,WOS_SOURCE_VERIFIED_ELEMENTAL_METAL_MASS,NUMERIC_PH_REPORTED,8 ?? 0.3,7.7,8.3,8,Not reported,Table 2: Experimental conditions during acute toxicity tests,"For Tigriopus fulvus acute tests, pH was 8??0.3.",8,WOS_SECOND_PASS_SOURCE_VERIFIED,Not reported
,,,,Zn,ZnCl2,Calanus glacialis,Calanoida,Copepodite,1,Waterborne,Measured,=,3426,,,ug/L,3426,ug/L,14,33,,,,WOS_SOURCE_VERIFIED_KEEP,Supplementary WoS record; source verified and retained for quantitative augmentation,65.38,WOS_SOURCE_VERIFIED_ELEMENTAL_METAL_MASS,3.426,52.401345977363114,3.958932277588001,HARMONIZED,Reported metal-mass LC50 converted to umol/L using target-metal atomic weight,PENDING_COMBINED_SUPPORT_AUDIT,PENDING_COMBINED_SUPPORT_AUDIT,14,,,C,SOURCE_REPORTED_WOS,33,,,PSU/ppt as reported,SOURCE_REPORTED_WOS,,,,,NOT_EXTRACTED_WOS,,,,,NOT_EXTRACTED_WOS,WoS_supplemental,W_008,W_008_T01,W_008_T01_R01,A10,10.1134/S1063074020030037,Cherkashin (2020),Copepodite IV–V,Measured; mean of start/end,Table 1,,Copepodite IV–V,Waterborne,Measured,WOS_SOURCE_VERIFIED_ELEMENTAL_METAL_MASS,NO_NUMERIC_PH_FOUND,,,,,Not reported,Materials and methods,No numeric pH for the copepod exposure was located.,,WOS_SECOND_PASS_NO_NUMERIC_PH,Not reported
,,,,Zn,ZnCl2,Calanus glacialis,Calanoida,Copepodite,2,Waterborne,Measured,=,962,,,ug/L,962,ug/L,14,33,,,,WOS_SOURCE_VERIFIED_KEEP,Supplementary WoS record; source verified and retained for quantitative augmentation,65.38,WOS_SOURCE_VERIFIED_ELEMENTAL_METAL_MASS,0.962,14.713979810339554,2.688798049369642,HARMONIZED,Reported metal-mass LC50 converted to umol/L using target-metal atomic weight,PENDING_COMBINED_SUPPORT_AUDIT,PENDING_COMBINED_SUPPORT_AUDIT,14,,,C,SOURCE_REPORTED_WOS,33,,,PSU/ppt as reported,SOURCE_REPORTED_WOS,,,,,NOT_EXTRACTED_WOS,,,,,NOT_EXTRACTED_WOS,WoS_supplemental,W_008,W_008_T01,W_008_T01_R02,A10,10.1134/S1063074020030037,Cherkashin (2020),Copepodite IV–V,Measured; mean of start/end,Table 1,,Copepodite IV–V,Waterborne,Measured,WOS_SOURCE_VERIFIED_ELEMENTAL_METAL_MASS,NO_NUMERIC_PH_FOUND,,,,,Not reported,Materials and methods,No numeric pH for the copepod exposure was located.,,WOS_SECOND_PASS_NO_NUMERIC_PH,Not reported
,,,,Zn,ZnCl2,Neocalanus plumchrus,Calanoida,Copepodite,1,Waterborne,Measured,=,5986,,,ug/L,5986,ug/L,12,33,,,,WOS_SOURCE_VERIFIED_KEEP,Supplementary WoS record; source verified and retained for quantitative augmentation,65.38,WOS_SOURCE_VERIFIED_ELEMENTAL_METAL_MASS,5.986,91.55705108595902,4.51696228711658,HARMONIZED,Reported metal-mass LC50 converted to umol/L using target-metal atomic weight,PENDING_COMBINED_SUPPORT_AUDIT,PENDING_COMBINED_SUPPORT_AUDIT,12,,,C,SOURCE_REPORTED_WOS,33,,,PSU/ppt as reported,SOURCE_REPORTED_WOS,,,,,NOT_EXTRACTED_WOS,,,,,NOT_EXTRACTED_WOS,WoS_supplemental,W_008,W_008_T02,W_008_T02_R01,A10,10.1134/S1063074020030037,Cherkashin (2020),Copepodite IV–V,Measured; mean of start/end,Table 1,,Copepodite IV–V,Waterborne,Measured,WOS_SOURCE_VERIFIED_ELEMENTAL_METAL_MASS,NO_NUMERIC_PH_FOUND,,,,,Not reported,Materials and methods,No numeric pH for the copepod exposure was located.,,WOS_SECOND_PASS_NO_NUMERIC_PH,Not reported
,,,,Zn,ZnCl2,Neocalanus plumchrus,Calanoida,Copepodite,2,Waterborne,Measured,=,4381,,,ug/L,4381,ug/L,12,33,,,,WOS_SOURCE_VERIFIED_KEEP,Supplementary WoS record; source verified and retained for quantitative augmentation,65.38,WOS_SOURCE_VERIFIED_ELEMENTAL_METAL_MASS,4.381,67.00825940654634,4.204815886517834,HARMONIZED,Reported metal-mass LC50 converted to umol/L using target-metal atomic weight,PENDING_COMBINED_SUPPORT_AUDIT,PENDING_COMBINED_SUPPORT_AUDIT,12,,,C,SOURCE_REPORTED_WOS,33,,,PSU/ppt as reported,SOURCE_REPORTED_WOS,,,,,NOT_EXTRACTED_WOS,,,,,NOT_EXTRACTED_WOS,WoS_supplemental,W_008,W_008_T02,W_008_T02_R02,A10,10.1134/S1063074020030037,Cherkashin (2020),Copepodite IV–V,Measured; mean of start/end,Table 1,,Copepodite IV–V,Waterborne,Measured,WOS_SOURCE_VERIFIED_ELEMENTAL_METAL_MASS,NO_NUMERIC_PH_FOUND,,,,,Not reported,Materials and methods,No numeric pH for the copepod exposure was located.,,WOS_SECOND_PASS_NO_NUMERIC_PH,Not reported
,,,,Cd,Cd salt not reported,Pseudodiaptomus annandalei,Calanoida,Nauplii,4,Waterborne,Nominal,=,40.3,,,ug/L,40.3,ug/L,26,15,,,,WOS_SOURCE_VERIFIED_KEEP,Supplementary WoS record; source verified and retained for quantitative augmentation,112.414,WOS_SOURCE_VERIFIED_ELEMENTAL_METAL_MASS,0.04029999999999999,0.3584962727062465,-1.025837015910746,HARMONIZED,Reported metal-mass LC50 converted to umol/L using target-metal atomic weight,PENDING_COMBINED_SUPPORT_AUDIT,PENDING_COMBINED_SUPPORT_AUDIT,26,,,C,SOURCE_REPORTED_WOS,15,,,PSU/ppt as reported,SOURCE_REPORTED_WOS,,,,,NOT_EXTRACTED_WOS,,,,,NOT_EXTRACTED_WOS,WoS_supplemental,W_009,W_009_T01,W_009_T01_R01,A11,10.1016/j.chemosphere.2019.05.220,Kadiene et al. (2019),Nauplii,Nominal,Results,,Nauplii,Waterborne,Nominal,WOS_SOURCE_VERIFIED_ELEMENTAL_METAL_MASS,NO_NUMERIC_PH_FOUND,,,,,Not reported,Section 2.2.1 Acute exposure of P. annandalei to cadmium,"Salinity and temperature are reported, but no numeric test-water pH was located.",,WOS_SECOND_PASS_NO_NUMERIC_PH,Not reported
,,,,Cd,Cd salt not reported,Pseudodiaptomus annandalei,Calanoida,Copepodite,4,Waterborne,Nominal,=,120.4,,,ug/L,120.4,ug/L,26,15,,,,WOS_SOURCE_VERIFIED_KEEP,Supplementary WoS record; source verified and retained for quantitative augmentation,112.414,WOS_SOURCE_VERIFIED_ELEMENTAL_METAL_MASS,0.1204,1.0710409735442206,0.06863104801133761,HARMONIZED,Reported metal-mass LC50 converted to umol/L using target-metal atomic weight,PENDING_COMBINED_SUPPORT_AUDIT,PENDING_COMBINED_SUPPORT_AUDIT,26,,,C,SOURCE_REPORTED_WOS,15,,,PSU/ppt as reported,SOURCE_REPORTED_WOS,,,,,NOT_EXTRACTED_WOS,,,,,NOT_EXTRACTED_WOS,WoS_supplemental,W_009,W_009_T02,W_009_T02_R01,A11,10.1016/j.chemosphere.2019.05.220,Kadiene et al. (2019),Copepodids,Nominal,Results,,Copepodids,Waterborne,Nominal,WOS_SOURCE_VERIFIED_ELEMENTAL_METAL_MASS,NO_NUMERIC_PH_FOUND,,,,,Not reported,Section 2.2.1 Acute exposure of P. annandalei to cadmium,"Salinity and temperature are reported, but no numeric test-water pH was located.",,WOS_SECOND_PASS_NO_NUMERIC_PH,Not reported
,,,,Hg,HgCl2,Pseudodiaptomus marinus,Calanoida,Adult,1,Waterborne,Nominal,=,172.4,,,ug/L,172.4,ug/L,20,32,,,,WOS_SOURCE_VERIFIED_KEEP,Supplementary WoS record; source verified and retained for quantitative augmentation,200.592,WOS_SOURCE_VERIFIED_HGCL2_COMPOUND_MASS,0.12737594955358458,0.6350001473318208,-0.45413004807085694,HARMONIZED,Reported HgCl2-mass LC50 converted using HgCl2 molecular weight (1 Hg per molecule),PENDING_COMBINED_SUPPORT_AUDIT,PENDING_COMBINED_SUPPORT_AUDIT,20,,,C,SOURCE_REPORTED_WOS,32,,,PSU/ppt as reported,SOURCE_REPORTED_WOS,,,,,NOT_EXTRACTED_WOS,,,,,NOT_EXTRACTED_WOS,WoS_supplemental,W_010,W_010_T01,W_010_T01_R01,A12,10.1007/s41742-019-00202-y,Tlili et al. (2019),Adult,Nominal,Table 2,24/48-h LC50 above highest tested treatment.,Adult,Waterborne,Nominal,WOS_SOURCE_VERIFIED_HGCL2_COMPOUND_MASS,NUMERIC_PH_REPORTED,8.4 ?? 0.2,8.2,8.6,8.4,Not reported,Materials and Methods: Lethal Concentration Experiments,Acute lethality tests were run at pH 8.4??0.2.,8.4,WOS_SECOND_PASS_SOURCE_VERIFIED,Not reported
,,,,Hg,HgCl2,Pseudodiaptomus marinus,Calanoida,Adult,2,Waterborne,Nominal,=,90.72,,,ug/L,90.72,ug/L,20,32,,,,WOS_SOURCE_VERIFIED_KEEP,Supplementary WoS record; source verified and retained for quantitative augmentation,200.592,WOS_SOURCE_VERIFIED_HGCL2_COMPOUND_MASS,0.06702752983469369,0.3341485694080208,-1.0961695663210076,HARMONIZED,Reported HgCl2-mass LC50 converted using HgCl2 molecular weight (1 Hg per molecule),PENDING_COMBINED_SUPPORT_AUDIT,PENDING_COMBINED_SUPPORT_AUDIT,20,,,C,SOURCE_REPORTED_WOS,32,,,PSU/ppt as reported,SOURCE_REPORTED_WOS,,,,,NOT_EXTRACTED_WOS,,,,,NOT_EXTRACTED_WOS,WoS_supplemental,W_010,W_010_T01,W_010_T01_R02,A12,10.1007/s41742-019-00202-y,Tlili et al. (2019),Adult,Nominal,Table 2,24/48-h LC50 above highest tested treatment.,Adult,Waterborne,Nominal,WOS_SOURCE_VERIFIED_HGCL2_COMPOUND_MASS,NUMERIC_PH_REPORTED,8.4 ?? 0.2,8.2,8.6,8.4,Not reported,Materials and Methods: Lethal Concentration Experiments,Acute lethality tests were run at pH 8.4??0.2.,8.4,WOS_SECOND_PASS_SOURCE_VERIFIED,Not reported
,,,,Hg,HgCl2,Pseudodiaptomus marinus,Calanoida,Adult,3,Waterborne,Nominal,=,60.65,,,ug/L,60.65,ug/L,20,32,,,,WOS_SOURCE_VERIFIED_KEEP,Supplementary WoS record; source verified and retained for quantitative augmentation,200.592,WOS_SOURCE_VERIFIED_HGCL2_COMPOUND_MASS,0.04481062262427439,0.22339187317676873,-1.4988277709103903,HARMONIZED,Reported HgCl2-mass LC50 converted using HgCl2 molecular weight (1 Hg per molecule),PENDING_COMBINED_SUPPORT_AUDIT,PENDING_COMBINED_SUPPORT_AUDIT,20,,,C,SOURCE_REPORTED_WOS,32,,,PSU/ppt as reported,SOURCE_REPORTED_WOS,,,,,NOT_EXTRACTED_WOS,,,,,NOT_EXTRACTED_WOS,WoS_supplemental,W_010,W_010_T01,W_010_T01_R03,A12,10.1007/s41742-019-00202-y,Tlili et al. (2019),Adult,Nominal,Table 2,,Adult,Waterborne,Nominal,WOS_SOURCE_VERIFIED_HGCL2_COMPOUND_MASS,NUMERIC_PH_REPORTED,8.4 ?? 0.2,8.2,8.6,8.4,Not reported,Materials and Methods: Lethal Concentration Experiments,Acute lethality tests were run at pH 8.4??0.2.,8.4,WOS_SECOND_PASS_SOURCE_VERIFIED,Not reported
,,,,Hg,HgCl2,Pseudodiaptomus marinus,Calanoida,Adult,4,Waterborne,Nominal,=,42.42,,,ug/L,42.42,ug/L,20,32,,,,WOS_SOURCE_VERIFIED_KEEP,Supplementary WoS record; source verified and retained for quantitative augmentation,200.592,WOS_SOURCE_VERIFIED_HGCL2_COMPOUND_MASS,0.03134157645048177,0.15624539588060232,-1.8563274571639132,HARMONIZED,Reported HgCl2-mass LC50 converted using HgCl2 molecular weight (1 Hg per molecule),PENDING_COMBINED_SUPPORT_AUDIT,PENDING_COMBINED_SUPPORT_AUDIT,20,,,C,SOURCE_REPORTED_WOS,32,,,PSU/ppt as reported,SOURCE_REPORTED_WOS,,,,,NOT_EXTRACTED_WOS,,,,,NOT_EXTRACTED_WOS,WoS_supplemental,W_010,W_010_T01,W_010_T01_R04,A12,10.1007/s41742-019-00202-y,Tlili et al. (2019),Adult,Nominal,Table 2,,Adult,Waterborne,Nominal,WOS_SOURCE_VERIFIED_HGCL2_COMPOUND_MASS,NUMERIC_PH_REPORTED,8.4 ?? 0.2,8.2,8.6,8.4,Not reported,Materials and Methods: Lethal Concentration Experiments,Acute lethality tests were run at pH 8.4??0.2.,8.4,WOS_SECOND_PASS_SOURCE_VERIFIED,Not reported
,,,,Cu,CuCl2,Gladioferens pectinatus,Calanoida,Nauplii,2,Waterborne,Measured,=,170,,,ug/L,170,ug/L,20,30,,,,WOS_SOURCE_VERIFIED_KEEP,Supplementary WoS record; source verified and retained for quantitative augmentation,63.546,WOS_SOURCE_VERIFIED_ELEMENTAL_METAL_MASS,0.17,2.675227394328518,0.9840343839606746,HARMONIZED,Reported metal-mass LC50 converted to umol/L using target-metal atomic weight,PENDING_COMBINED_SUPPORT_AUDIT,PENDING_COMBINED_SUPPORT_AUDIT,20,,,C,SOURCE_REPORTED_WOS,30,,,PSU/ppt as reported,SOURCE_REPORTED_WOS,,,,,NOT_EXTRACTED_WOS,,,,,NOT_EXTRACTED_WOS,WoS_supplemental,W_011,W_011_T01,W_011_T01_R01,A13,10.1016/j.ecoenv.2019.03.022,Charry et al. (2019),Nauplii <12 h,Measured,Results/Table 1,,Nauplii <12 h,Waterborne,Measured,WOS_SOURCE_VERIFIED_ELEMENTAL_METAL_MASS,NUMERIC_PH_REPORTED,8 ?? 0.3,7.7,8.3,8,Not reported,Results 3.3: validation parameters,Validation parameters remained within pH 8??0.3.,8,WOS_SECOND_PASS_SOURCE_VERIFIED,Not reported
,,,,Cu,CuCl2,Gladioferens pectinatus,Calanoida,Adult,4,Waterborne,Measured,=,216,,,ug/L,216,ug/L,20,30,,,,WOS_SOURCE_VERIFIED_KEEP,Supplementary WoS record; source verified and retained for quantitative augmentation,63.546,WOS_SOURCE_VERIFIED_ELEMENTAL_METAL_MASS,0.216,3.399112453970352,1.223514354594578,HARMONIZED,Reported metal-mass LC50 converted to umol/L using target-metal atomic weight,PENDING_COMBINED_SUPPORT_AUDIT,PENDING_COMBINED_SUPPORT_AUDIT,20,,,C,SOURCE_REPORTED_WOS,30,,,PSU/ppt as reported,SOURCE_REPORTED_WOS,,,,,NOT_EXTRACTED_WOS,,,,,NOT_EXTRACTED_WOS,WoS_supplemental,W_011,W_011_T02,W_011_T02_R01,A13,10.1016/j.ecoenv.2019.03.022,Charry et al. (2019),Adults; male + female,Measured,Results/Table 1,,Adults; male + female,Waterborne,Measured,WOS_SOURCE_VERIFIED_ELEMENTAL_METAL_MASS,NUMERIC_PH_REPORTED,8 ?? 0.3,7.7,8.3,8,Not reported,Results 3.3: validation parameters,Validation parameters remained within pH 8??0.3.,8,WOS_SECOND_PASS_SOURCE_VERIFIED,Not reported
,,,,Cd,CdCl2,Tigriopus japonicus,Harpacticoida,Adult,4,Waterborne,Nominal,=,5.9,,,mg/L,5.9,mg/L,20,30,,,,WOS_SOURCE_VERIFIED_KEEP,Supplementary WoS record; source verified and retained for quantitative augmentation,112.414,WOS_SOURCE_VERIFIED_ELEMENTAL_METAL_MASS,5.9,52.48456597932642,3.960519145030428,HARMONIZED,Reported metal-mass LC50 converted to umol/L using target-metal atomic weight,PENDING_COMBINED_SUPPORT_AUDIT,PENDING_COMBINED_SUPPORT_AUDIT,20,,,C,SOURCE_REPORTED_WOS,30,,,PSU/ppt as reported,SOURCE_REPORTED_WOS,,,,,NOT_EXTRACTED_WOS,,,,,NOT_EXTRACTED_WOS,WoS_supplemental,W_012,W_012_T01,W_012_T01_R01,A14,10.1016/j.cbpc.2019.04.014,Yi et al. (2019),Adult,Nominal; dissolved Cd checked,Results,Plain Cd arm retained; nZnO mixture arms excluded.,Adult,Waterborne,Nominal,WOS_SOURCE_VERIFIED_ELEMENTAL_METAL_MASS,NO_NUMERIC_PH_FOUND,,,,,Not reported,Sections 2.1???2.2 Chemicals and toxicity test,No numeric exposure-water pH was located in the main article.,,WOS_SECOND_PASS_NO_NUMERIC_PH,Not reported
,,,,Cd,CdCl2,Eurytemora affinis,Calanoida,Adult,2,Waterborne,Nominal,=,239,,,ug/L,239,ug/L,18,15,,,,WOS_SOURCE_VERIFIED_KEEP,Supplementary WoS record; source verified and retained for quantitative augmentation,112.414,WOS_SOURCE_VERIFIED_ELEMENTAL_METAL_MASS,0.239,2.126069706620172,0.7542750670681275,HARMONIZED,Reported metal-mass LC50 converted to umol/L using target-metal atomic weight,PENDING_COMBINED_SUPPORT_AUDIT,PENDING_COMBINED_SUPPORT_AUDIT,18,,,C,SOURCE_REPORTED_WOS,15,,,PSU/ppt as reported,SOURCE_REPORTED_WOS,,,,,NOT_EXTRACTED_WOS,,,,,NOT_EXTRACTED_WOS,WoS_supplemental,W_013,W_013_T01,W_013_T01_R01,A15,10.1016/j.chemosphere.2018.12.148,Zidour et al. (2019),Adult female,Nominal,Table 1 / Results,,Adult female,Waterborne,Nominal,WOS_SOURCE_VERIFIED_ELEMENTAL_METAL_MASS,NUMERIC_PH_REPORTED,8.4 ?? 0.2,8.2,8.6,8.4,Not reported,Section 2.3 Acute toxicity tests,Culture water during the acute tests was pH 8.4??0.2.,8.4,WOS_SECOND_PASS_SOURCE_VERIFIED,Not reported
,,,,Cd,CdCl2,Eurytemora affinis,Calanoida,Adult,3,Waterborne,Nominal,=,121,,,ug/L,121,ug/L,18,15,,,,WOS_SOURCE_VERIFIED_KEEP,Supplementary WoS record; source verified and retained for quantitative augmentation,112.414,WOS_SOURCE_VERIFIED_ELEMENTAL_METAL_MASS,0.121,1.0763783870336434,0.07360206073335787,HARMONIZED,Reported metal-mass LC50 converted to umol/L using target-metal atomic weight,PENDING_COMBINED_SUPPORT_AUDIT,PENDING_COMBINED_SUPPORT_AUDIT,18,,,C,SOURCE_REPORTED_WOS,15,,,PSU/ppt as reported,SOURCE_REPORTED_WOS,,,,,NOT_EXTRACTED_WOS,,,,,NOT_EXTRACTED_WOS,WoS_supplemental,W_013,W_013_T01,W_013_T01_R02,A15,10.1016/j.chemosphere.2018.12.148,Zidour et al. (2019),Adult female,Nominal,Table 1 / Results,,Adult female,Waterborne,Nominal,WOS_SOURCE_VERIFIED_ELEMENTAL_METAL_MASS,NUMERIC_PH_REPORTED,8.4 ?? 0.2,8.2,8.6,8.4,Not reported,Section 2.3 Acute toxicity tests,Culture water during the acute tests was pH 8.4??0.2.,8.4,WOS_SECOND_PASS_SOURCE_VERIFIED,Not reported
,,,,Cu,CuCl2,Eurytemora affinis,Calanoida,Adult,3,Waterborne,Nominal,=,224,,,ug/L,224,ug/L,18,15,,,,WOS_SOURCE_VERIFIED_KEEP,Supplementary WoS record; source verified and retained for quantitative augmentation,63.546,WOS_SOURCE_VERIFIED_ELEMENTAL_METAL_MASS,0.224,3.525005507821106,1.2598819987654528,HARMONIZED,Reported metal-mass LC50 converted to umol/L using target-metal atomic weight,PENDING_COMBINED_SUPPORT_AUDIT,PENDING_COMBINED_SUPPORT_AUDIT,18,,,C,SOURCE_REPORTED_WOS,15,,,PSU/ppt as reported,SOURCE_REPORTED_WOS,,,,,NOT_EXTRACTED_WOS,,,,,NOT_EXTRACTED_WOS,WoS_supplemental,W_013,W_013_T02,W_013_T02_R01,A15,10.1016/j.chemosphere.2018.12.148,Zidour et al. (2019),Adult female,Nominal,Table 1 / Results,,Adult female,Waterborne,Nominal,WOS_SOURCE_VERIFIED_ELEMENTAL_METAL_MASS,NUMERIC_PH_REPORTED,8.4 ?? 0.2,8.2,8.6,8.4,Not reported,Section 2.3 Acute toxicity tests,Culture water during the acute tests was pH 8.4??0.2.,8.4,WOS_SECOND_PASS_SOURCE_VERIFIED,Not reported
,,,,Cu,CuCl2,Eurytemora affinis,Calanoida,Adult,4,Waterborne,Nominal,=,38,,,ug/L,38,ug/L,18,15,,,,WOS_SOURCE_VERIFIED_KEEP,Supplementary WoS record; source verified and retained for quantitative augmentation,63.546,WOS_SOURCE_VERIFIED_ELEMENTAL_METAL_MASS,0.038,0.5979920057910805,-0.5141778933632014,HARMONIZED,Reported metal-mass LC50 converted to umol/L using target-metal atomic weight,PENDING_COMBINED_SUPPORT_AUDIT,PENDING_COMBINED_SUPPORT_AUDIT,18,,,C,SOURCE_REPORTED_WOS,15,,,PSU/ppt as reported,SOURCE_REPORTED_WOS,,,,,NOT_EXTRACTED_WOS,,,,,NOT_EXTRACTED_WOS,WoS_supplemental,W_013,W_013_T02,W_013_T02_R02,A15,10.1016/j.chemosphere.2018.12.148,Zidour et al. (2019),Adult female,Nominal,Table 1 / Results,Source internal discrepancy: Table 1 gives 39; Abstract/Results/Table 3 give 38.,Adult female,Waterborne,Nominal,WOS_SOURCE_VERIFIED_ELEMENTAL_METAL_MASS,NUMERIC_PH_REPORTED,8.4 ?? 0.2,8.2,8.6,8.4,Not reported,Section 2.3 Acute toxicity tests,Culture water during the acute tests was pH 8.4??0.2.,8.4,WOS_SECOND_PASS_SOURCE_VERIFIED,Not reported
,,,,Ni,NiSO4·6H2O,Eurytemora affinis,Calanoida,Adult,4,Waterborne,Nominal,=,161,,,ug/L,161,ug/L,18,15,,,,WOS_SOURCE_VERIFIED_KEEP,Supplementary WoS record; source verified and retained for quantitative augmentation,58.6934,WOS_SOURCE_VERIFIED_ELEMENTAL_METAL_MASS,0.161,2.743068215506343,1.0090770805876694,HARMONIZED,Reported metal-mass LC50 converted to umol/L using target-metal atomic weight,PENDING_COMBINED_SUPPORT_AUDIT,PENDING_COMBINED_SUPPORT_AUDIT,18,,,C,SOURCE_REPORTED_WOS,15,,,PSU/ppt as reported,SOURCE_REPORTED_WOS,,,,,NOT_EXTRACTED_WOS,,,,,NOT_EXTRACTED_WOS,WoS_supplemental,W_013,W_013_T03,W_013_T03_R01,A15,10.1016/j.chemosphere.2018.12.148,Zidour et al. (2019),Adult female,Nominal,Table 1 / Results,,Adult female,Waterborne,Nominal,WOS_SOURCE_VERIFIED_ELEMENTAL_METAL_MASS,NUMERIC_PH_REPORTED,8.4 ?? 0.2,8.2,8.6,8.4,Not reported,Section 2.3 Acute toxicity tests,Culture water during the acute tests was pH 8.4??0.2.,8.4,WOS_SECOND_PASS_SOURCE_VERIFIED,Not reported
,,,,Cu,CuCl2,Eurytemora affinis,Calanoida,Adult,2,Waterborne,Nominal,=,145.2,,,ug/L,145.2,ug/L,18,15,,,,WOS_SOURCE_VERIFIED_KEEP,Supplementary WoS record; source verified and retained for quantitative augmentation,63.546,WOS_SOURCE_VERIFIED_ELEMENTAL_METAL_MASS,0.1452,2.2849589273911812,0.8263480493011086,HARMONIZED,Reported metal-mass LC50 converted to umol/L using target-metal atomic weight,PENDING_COMBINED_SUPPORT_AUDIT,PENDING_COMBINED_SUPPORT_AUDIT,18,,,C,SOURCE_REPORTED_WOS,15,,,PSU/ppt as reported,SOURCE_REPORTED_WOS,,,,,NOT_EXTRACTED_WOS,,,,,NOT_EXTRACTED_WOS,WoS_supplemental,W_013,W_013_T04,W_013_T04_R01,A15,10.1016/j.chemosphere.2018.12.148,Zidour et al. (2019),Adult male,Nominal,Table 1 / Results,,Adult male,Waterborne,Nominal,WOS_SOURCE_VERIFIED_ELEMENTAL_METAL_MASS,NUMERIC_PH_REPORTED,8.4 ?? 0.2,8.2,8.6,8.4,Not reported,Section 2.3 Acute toxicity tests,Culture water during the acute tests was pH 8.4??0.2.,8.4,WOS_SECOND_PASS_SOURCE_VERIFIED,Not reported
,,,,Cu,CuCl2,Eurytemora affinis,Calanoida,Adult,3,Waterborne,Nominal,=,51,,,ug/L,51,ug/L,18,15,,,,WOS_SOURCE_VERIFIED_KEEP,Supplementary WoS record; source verified and retained for quantitative augmentation,63.546,WOS_SOURCE_VERIFIED_ELEMENTAL_METAL_MASS,0.051,0.8025682182985554,-0.21993842036526137,HARMONIZED,Reported metal-mass LC50 converted to umol/L using target-metal atomic weight,PENDING_COMBINED_SUPPORT_AUDIT,PENDING_COMBINED_SUPPORT_AUDIT,18,,,C,SOURCE_REPORTED_WOS,15,,,PSU/ppt as reported,SOURCE_REPORTED_WOS,,,,,NOT_EXTRACTED_WOS,,,,,NOT_EXTRACTED_WOS,WoS_supplemental,W_013,W_013_T04,W_013_T04_R02,A15,10.1016/j.chemosphere.2018.12.148,Zidour et al. (2019),Adult male,Nominal,Table 1 / Results,,Adult male,Waterborne,Nominal,WOS_SOURCE_VERIFIED_ELEMENTAL_METAL_MASS,NUMERIC_PH_REPORTED,8.4 ?? 0.2,8.2,8.6,8.4,Not reported,Section 2.3 Acute toxicity tests,Culture water during the acute tests was pH 8.4??0.2.,8.4,WOS_SECOND_PASS_SOURCE_VERIFIED,Not reported
,,,,Cu,CuCl2,Eurytemora affinis,Calanoida,Adult,4,Waterborne,Nominal,=,25,,,ug/L,25,ug/L,18,15,,,,WOS_SOURCE_VERIFIED_KEEP,Supplementary WoS record; source verified and retained for quantitative augmentation,63.546,WOS_SOURCE_VERIFIED_ELEMENTAL_METAL_MASS,0.025,0.3934157932836056,-0.9328882282213864,HARMONIZED,Reported metal-mass LC50 converted to umol/L using target-metal atomic weight,PENDING_COMBINED_SUPPORT_AUDIT,PENDING_COMBINED_SUPPORT_AUDIT,18,,,C,SOURCE_REPORTED_WOS,15,,,PSU/ppt as reported,SOURCE_REPORTED_WOS,,,,,NOT_EXTRACTED_WOS,,,,,NOT_EXTRACTED_WOS,WoS_supplemental,W_013,W_013_T04,W_013_T04_R03,A15,10.1016/j.chemosphere.2018.12.148,Zidour et al. (2019),Adult male,Nominal,Table 1 / Results,Source internal discrepancy: Table 1 gives 28; Abstract/Results/Table 3 give 25.,Adult male,Waterborne,Nominal,WOS_SOURCE_VERIFIED_ELEMENTAL_METAL_MASS,NUMERIC_PH_REPORTED,8.4 ?? 0.2,8.2,8.6,8.4,Not reported,Section 2.3 Acute toxicity tests,Culture water during the acute tests was pH 8.4??0.2.,8.4,WOS_SECOND_PASS_SOURCE_VERIFIED,Not reported
,,,,Cd,CdCl2,Eurytemora affinis,Calanoida,Adult,3,Waterborne,Nominal,=,67,,,ug/L,67,ug/L,18,15,,,,WOS_SOURCE_VERIFIED_KEEP,Supplementary WoS record; source verified and retained for quantitative augmentation,112.414,WOS_SOURCE_VERIFIED_ELEMENTAL_METAL_MASS,0.067,0.5960111729855712,-0.5174958654724171,HARMONIZED,Reported metal-mass LC50 converted to umol/L using target-metal atomic weight,PENDING_COMBINED_SUPPORT_AUDIT,PENDING_COMBINED_SUPPORT_AUDIT,18,,,C,SOURCE_REPORTED_WOS,15,,,PSU/ppt as reported,SOURCE_REPORTED_WOS,,,,,NOT_EXTRACTED_WOS,,,,,NOT_EXTRACTED_WOS,WoS_supplemental,W_013,W_013_T05,W_013_T05_R01,A15,10.1016/j.chemosphere.2018.12.148,Zidour et al. (2019),Adult male,Nominal,Table 1 / Results,Unusual time trend relative to 96 h; retained as reported.,Adult male,Waterborne,Nominal,WOS_SOURCE_VERIFIED_ELEMENTAL_METAL_MASS,NUMERIC_PH_REPORTED,8.4 ?? 0.2,8.2,8.6,8.4,Not reported,Section 2.3 Acute toxicity tests,Culture water during the acute tests was pH 8.4??0.2.,8.4,WOS_SECOND_PASS_SOURCE_VERIFIED,Not reported
,,,,Ni,NiSO4·6H2O,Eurytemora affinis,Calanoida,Adult,3,Waterborne,Nominal,=,88,,,ug/L,88,ug/L,18,15,,,,WOS_SOURCE_VERIFIED_KEEP,Supplementary WoS record; source verified and retained for quantitative augmentation,58.6934,WOS_SOURCE_VERIFIED_ELEMENTAL_METAL_MASS,0.088,1.4993167885997405,0.405009530081413,HARMONIZED,Reported metal-mass LC50 converted to umol/L using target-metal atomic weight,PENDING_COMBINED_SUPPORT_AUDIT,PENDING_COMBINED_SUPPORT_AUDIT,18,,,C,SOURCE_REPORTED_WOS,15,,,PSU/ppt as reported,SOURCE_REPORTED_WOS,,,,,NOT_EXTRACTED_WOS,,,,,NOT_EXTRACTED_WOS,WoS_supplemental,W_013,W_013_T06,W_013_T06_R01,A15,10.1016/j.chemosphere.2018.12.148,Zidour et al. (2019),Adult male,Nominal,Table 1 / Results,,Adult male,Waterborne,Nominal,WOS_SOURCE_VERIFIED_ELEMENTAL_METAL_MASS,NUMERIC_PH_REPORTED,8.4 ?? 0.2,8.2,8.6,8.4,Not reported,Section 2.3 Acute toxicity tests,Culture water during the acute tests was pH 8.4??0.2.,8.4,WOS_SECOND_PASS_SOURCE_VERIFIED,Not reported
,,,,Ni,NiSO4·6H2O,Eurytemora affinis,Calanoida,Adult,4,Waterborne,Nominal,=,90,,,ug/L,90,ug/L,18,15,,,,WOS_SOURCE_VERIFIED_KEEP,Supplementary WoS record; source verified and retained for quantitative augmentation,58.6934,WOS_SOURCE_VERIFIED_ELEMENTAL_METAL_MASS,0.09,1.5333921701588251,0.4274823859334715,HARMONIZED,Reported metal-mass LC50 converted to umol/L using target-metal atomic weight,PENDING_COMBINED_SUPPORT_AUDIT,PENDING_COMBINED_SUPPORT_AUDIT,18,,,C,SOURCE_REPORTED_WOS,15,,,PSU/ppt as reported,SOURCE_REPORTED_WOS,,,,,NOT_EXTRACTED_WOS,,,,,NOT_EXTRACTED_WOS,WoS_supplemental,W_013,W_013_T06,W_013_T06_R02,A15,10.1016/j.chemosphere.2018.12.148,Zidour et al. (2019),Adult male,Nominal,Table 1 / Results,,Adult male,Waterborne,Nominal,WOS_SOURCE_VERIFIED_ELEMENTAL_METAL_MASS,NUMERIC_PH_REPORTED,8.4 ?? 0.2,8.2,8.6,8.4,Not reported,Section 2.3 Acute toxicity tests,Culture water during the acute tests was pH 8.4??0.2.,8.4,WOS_SECOND_PASS_SOURCE_VERIFIED,Not reported
,,,,Cu,CuSO4·5H2O,Tigriopus fulvus,Harpacticoida,Nauplii,2,Waterborne,Nominal,=,310,,,ug/L,310,ug/L,20,38,,,,WOS_SOURCE_VERIFIED_KEEP,Supplementary WoS record; source verified and retained for quantitative augmentation,63.546,WOS_SOURCE_VERIFIED_ELEMENTAL_METAL_MASS,0.31,4.878355836716709,1.5848082443896048,HARMONIZED,Reported metal-mass LC50 converted to umol/L using target-metal atomic weight,PENDING_COMBINED_SUPPORT_AUDIT,PENDING_COMBINED_SUPPORT_AUDIT,20,,,C,SOURCE_REPORTED_WOS,38,,,PSU/ppt as reported,SOURCE_REPORTED_WOS,,,,,NOT_EXTRACTED_WOS,,,,,NOT_EXTRACTED_WOS,WoS_supplemental,W_014,W_014_T01,W_014_T01_R01,A16,10.1016/j.ecoenv.2017.08.041,Biandolino et al. (2018),Nauplii ≤24 h,Nominal; analytically verified,Results,Paper-reported mean across 3 acute runs; individual run LC50s not reported.,Nauplii ≤24 h,Waterborne,Nominal,WOS_SOURCE_VERIFIED_ELEMENTAL_METAL_MASS,NUMERIC_PH_REPORTED,8 ?? 0.3,7.7,8.3,8,Not reported,Table 2: Summary of experimental conditions,Acute T. fulvus test conditions included pH 8??0.3.,8,WOS_SECOND_PASS_SOURCE_VERIFIED,Not reported
,,,,Hg,HgCl2,Calanus finmarchicus,Calanoida,Copepodite,2,Waterborne,Nominal,=,72.4,,,ug/L,72.4,ug/L,10,,,,,WOS_SOURCE_VERIFIED_KEEP,Supplementary WoS record; source verified and retained for quantitative augmentation,200.592,WOS_SOURCE_VERIFIED_ELEMENTAL_METAL_MASS,0.0724,0.3609316423386775,-1.0190666949819986,HARMONIZED,Reported metal-mass LC50 converted to umol/L using target-metal atomic weight,PENDING_COMBINED_SUPPORT_AUDIT,PENDING_COMBINED_SUPPORT_AUDIT,10,,,C,SOURCE_REPORTED_WOS,,,,,NOT_REPORTED_WOS,,,,,NOT_EXTRACTED_WOS,,,,,NOT_EXTRACTED_WOS,WoS_supplemental,W_015,W_015_T01,W_015_T01_R01,A17,10.1016/j.aquatox.2014.06.019,Øverjordet et al. (2014),Copepodite V (CV),Nominal; exposure solutions measured,Figure 1 / Results,,Copepodite V (CV),Waterborne,Nominal,WOS_SOURCE_VERIFIED_ELEMENTAL_METAL_MASS,NO_NUMERIC_PH_FOUND,,,,,Not reported,Section 2.2 Acute toxicity testing,No numeric exposure-water pH was located in the main article.,,WOS_SECOND_PASS_NO_NUMERIC_PH,Not reported
,,,,Hg,HgCl2,Calanus finmarchicus,Calanoida,Copepodite,4,Waterborne,Nominal,=,41.6,,,ug/L,41.6,ug/L,10,,,,,WOS_SOURCE_VERIFIED_KEEP,Supplementary WoS record; source verified and retained for quantitative augmentation,200.592,WOS_SOURCE_VERIFIED_ELEMENTAL_METAL_MASS,0.0416,0.20738613703437825,-1.5731728271064518,HARMONIZED,Reported metal-mass LC50 converted to umol/L using target-metal atomic weight,PENDING_COMBINED_SUPPORT_AUDIT,PENDING_COMBINED_SUPPORT_AUDIT,10,,,C,SOURCE_REPORTED_WOS,,,,,NOT_REPORTED_WOS,,,,,NOT_EXTRACTED_WOS,,,,,NOT_EXTRACTED_WOS,WoS_supplemental,W_015,W_015_T01,W_015_T01_R02,A17,10.1016/j.aquatox.2014.06.019,Øverjordet et al. (2014),Copepodite V (CV),Nominal; exposure solutions measured,Figure 1 / Results,,Copepodite V (CV),Waterborne,Nominal,WOS_SOURCE_VERIFIED_ELEMENTAL_METAL_MASS,NO_NUMERIC_PH_FOUND,,,,,Not reported,Section 2.2 Acute toxicity testing,No numeric exposure-water pH was located in the main article.,,WOS_SECOND_PASS_NO_NUMERIC_PH,Not reported
,,,,Hg,HgCl2,Calanus glacialis,Calanoida,Copepodite,2,Waterborne,Nominal,=,73.7,,,ug/L,73.7,ug/L,2,,,,,WOS_SOURCE_VERIFIED_KEEP,Supplementary WoS record; source verified and retained for quantitative augmentation,200.592,WOS_SOURCE_VERIFIED_ELEMENTAL_METAL_MASS,0.0737,0.36741245912100184,-1.0012701951783782,HARMONIZED,Reported metal-mass LC50 converted to umol/L using target-metal atomic weight,PENDING_COMBINED_SUPPORT_AUDIT,PENDING_COMBINED_SUPPORT_AUDIT,2,,,C,SOURCE_REPORTED_WOS,,,,,NOT_REPORTED_WOS,,,,,NOT_EXTRACTED_WOS,,,,,NOT_EXTRACTED_WOS,WoS_supplemental,W_015,W_015_T02,W_015_T02_R01,A17,10.1016/j.aquatox.2014.06.019,Øverjordet et al. (2014),Copepodite V (CV),Nominal; exposure solutions measured,Figure 1 / Results,,Copepodite V (CV),Waterborne,Nominal,WOS_SOURCE_VERIFIED_ELEMENTAL_METAL_MASS,NO_NUMERIC_PH_FOUND,,,,,Not reported,Section 2.2 Acute toxicity testing,No numeric exposure-water pH was located in the main article.,,WOS_SECOND_PASS_NO_NUMERIC_PH,Not reported
,,,,Hg,HgCl2,Calanus glacialis,Calanoida,Copepodite,4,Waterborne,Nominal,=,35.3,,,ug/L,35.3,ug/L,2,,,,,WOS_SOURCE_VERIFIED_KEEP,Supplementary WoS record; source verified and retained for quantitative augmentation,200.592,WOS_SOURCE_VERIFIED_ELEMENTAL_METAL_MASS,0.0353,0.17597910185849883,-1.7373900304344183,HARMONIZED,Reported metal-mass LC50 converted to umol/L using target-metal atomic weight,PENDING_COMBINED_SUPPORT_AUDIT,PENDING_COMBINED_SUPPORT_AUDIT,2,,,C,SOURCE_REPORTED_WOS,,,,,NOT_REPORTED_WOS,,,,,NOT_EXTRACTED_WOS,,,,,NOT_EXTRACTED_WOS,WoS_supplemental,W_015,W_015_T02,W_015_T02_R02,A17,10.1016/j.aquatox.2014.06.019,Øverjordet et al. (2014),Copepodite V (CV),Nominal; exposure solutions measured,Figure 1 / Results,,Copepodite V (CV),Waterborne,Nominal,WOS_SOURCE_VERIFIED_ELEMENTAL_METAL_MASS,NO_NUMERIC_PH_FOUND,,,,,Not reported,Section 2.2 Acute toxicity testing,No numeric exposure-water pH was located in the main article.,,WOS_SECOND_PASS_NO_NUMERIC_PH,Not reported
,,,,Ni,NiCl2·6H2O,Tigriopus japonicus,Harpacticoida,Adult,2,Waterborne,Nominal,=,17.7,,,mg/L,17.7,mg/L,20,25,,,,WOS_SOURCE_VERIFIED_KEEP,Supplementary WoS record; source verified and retained for quantitative augmentation,58.6934,WOS_SOURCE_VERIFIED_ELEMENTAL_METAL_MASS,17.7,301.56712679790235,5.708992634165127,HARMONIZED,Reported metal-mass LC50 converted to umol/L using target-metal atomic weight,PENDING_COMBINED_SUPPORT_AUDIT,PENDING_COMBINED_SUPPORT_AUDIT,20,,,C,SOURCE_REPORTED_WOS,25,,,PSU/ppt as reported,SOURCE_REPORTED_WOS,,,,,NOT_EXTRACTED_WOS,,,,,NOT_EXTRACTED_WOS,WoS_supplemental,W_016,W_016_T01,W_016_T01_R01,A18,10.1007/s10646-010-0471-6,Mohammed et al. (2010),Adult female,Nominal,Table / Results,,Adult female,Waterborne,Nominal,WOS_SOURCE_VERIFIED_ELEMENTAL_METAL_MASS,NUMERIC_PH_REPORTED,7.90???8.25,7.9,8.25,8.075,Not reported,Materials and methods: culture conditions + Acute toxicity test,Culture water pH was 7.90???8.25; acute-test conditions were stated to be the same except for temperature and salinity.,8.075,WOS_SECOND_PASS_SOURCE_VERIFIED,Not reported
,,,,Ni,NiCl2·6H2O,Apocyclops borneoensis,Cyclopoida,Adult,2,Waterborne,Nominal,=,13.05,,,mg/L,13.05,mg/L,30,20,,,,WOS_SOURCE_VERIFIED_KEEP,Supplementary WoS record; source verified and retained for quantitative augmentation,58.6934,WOS_SOURCE_VERIFIED_ELEMENTAL_METAL_MASS,13.05,222.34186467302968,5.4042161283540455,HARMONIZED,Reported metal-mass LC50 converted to umol/L using target-metal atomic weight,PENDING_COMBINED_SUPPORT_AUDIT,PENDING_COMBINED_SUPPORT_AUDIT,30,,,C,SOURCE_REPORTED_WOS,20,,,PSU/ppt as reported,SOURCE_REPORTED_WOS,,,,,NOT_EXTRACTED_WOS,,,,,NOT_EXTRACTED_WOS,WoS_supplemental,W_016,W_016_T02,W_016_T02_R01,A18,10.1007/s10646-010-0471-6,Mohammed et al. (2010),Adult female,Nominal,Table / Results,,Adult female,Waterborne,Nominal,WOS_SOURCE_VERIFIED_ELEMENTAL_METAL_MASS,NUMERIC_PH_REPORTED,7.90???8.25,7.9,8.25,8.075,Not reported,Materials and methods: culture conditions + Acute toxicity test,Culture water pH was 7.90???8.25; acute-test conditions were stated to be the same except for temperature and salinity.,8.075,WOS_SECOND_PASS_SOURCE_VERIFIED,Not reported
,,,,Ni,NiCl2·6H2O,Acartia pacifica,Calanoida,Adult,2,Waterborne,Nominal,=,2.36,,,mg/L,2.36,mg/L,25,25,,,,WOS_SOURCE_VERIFIED_KEEP,Supplementary WoS record; source verified and retained for quantitative augmentation,58.6934,WOS_SOURCE_VERIFIED_ELEMENTAL_METAL_MASS,2.36,40.20895023972031,3.6940896136228623,HARMONIZED,Reported metal-mass LC50 converted to umol/L using target-metal atomic weight,PENDING_COMBINED_SUPPORT_AUDIT,PENDING_COMBINED_SUPPORT_AUDIT,25,,,C,SOURCE_REPORTED_WOS,25,,,PSU/ppt as reported,SOURCE_REPORTED_WOS,,,,,NOT_EXTRACTED_WOS,,,,,NOT_EXTRACTED_WOS,WoS_supplemental,W_016,W_016_T03,W_016_T03_R01,A18,10.1007/s10646-010-0471-6,Mohammed et al. (2010),Adult female,Nominal,Table / Results,,Adult female,Waterborne,Nominal,WOS_SOURCE_VERIFIED_ELEMENTAL_METAL_MASS,NUMERIC_PH_REPORTED,7.90???8.25,7.9,8.25,8.075,Not reported,Materials and methods: culture conditions + Acute toxicity test,Culture water pH was 7.90???8.25; acute-test conditions were stated to be the same except for temperature and salinity.,8.075,WOS_SECOND_PASS_SOURCE_VERIFIED,Not reported
,,,,Zn,ZnCl2,Tigriopus japonicus,Harpacticoida,,4,Waterborne,Unspecified,=,7.03,,,mg/L,7.03,mg/L,,,,,,WOS_SOURCE_VERIFIED_KEEP,Supplementary WoS record; source verified and retained for quantitative augmentation,65.38,WOS_SOURCE_VERIFIED_ELEMENTAL_METAL_MASS,7.03,107.52523707555828,4.677725583508646,HARMONIZED,Reported metal-mass LC50 converted to umol/L using target-metal atomic weight,PENDING_COMBINED_SUPPORT_AUDIT,PENDING_COMBINED_SUPPORT_AUDIT,,,,,NOT_REPORTED_WOS,,,,,NOT_REPORTED_WOS,,,,,NOT_EXTRACTED_WOS,,,,,NOT_EXTRACTED_WOS,WoS_supplemental,W_017,W_017_T01,W_017_T01_R01,A26,10.1016/j.chemosphere.2022.134099,Yang et al. (2022),Not specified for ZnCl2 arm,Unspecified,"p. 6, section 3.3","96-h LC50 7.03 mg/L as Zn2+; 95% CI 6.88-7.38 mg/L. Separate ZnCl2 result, not leachate LC50. ZnCl2 dose series, measured/nominal basis and arm-specific protocol not separately reported. Stage, temperature, salinity and pH not transferred from culture/TWP/leachate methods. DOI: 10.1016/j.chemosphere.2022.134099",Not specified for ZnCl2 arm,Waterborne,Unspecified,WOS_SOURCE_VERIFIED_ELEMENTAL_METAL_MASS,NO_NUMERIC_PH_FOUND,,,,,Not reported,Section 3.3: separate ZnCl2 LC50; Methods and supplementary information,Exposure pH was not separately established for the ZnCl2 arm. Culture/TWP/leachate pH was not transferred to this record.,,WOS_SECOND_PASS_NO_NUMERIC_PH,Not reported
