Raw_Row,Test_Number,Result_Number,Reference_Number,Metal,Chemical_Name,Species,Order,Lifestage,Duration_days,Exposure_Type,Conc_Type,Mean_Op,Mean,Min,Max,Units,Analysis_Point,Analysis_Units,Temperature,Salinity,pH,Organic_Carbon,Title,Eligibility_Status,Eligibility_Reason,Atomic_Weight_g_mol,Basis_Interpretation,LC50_target_mg_L,LC50_umol_L,ln_LC50_umol_L,Harmonization_Status,Harmonization_Rule,Metal_Role,Core_Pairwise_Ready,Temperature_Raw_Mean,Temperature_Raw_Min,Temperature_Raw_Max,Temperature_Raw_Units,Temperature_Repair_Status,Salinity_Raw_Mean,Salinity_Raw_Min,Salinity_Raw_Max,Salinity_Raw_Units,Salinity_Repair_Status,pH_Raw_Mean,pH_Raw_Min,pH_Raw_Max,pH_Raw_Units,pH_Repair_Status,Organic_Carbon_Raw_Mean,Organic_Carbon_Raw_Min,Organic_Carbon_Raw_Max,Organic_Carbon_Raw_Units,Organic_Carbon_Repair_Status
14,1301484,757363,115854,Cu,"Acetic acid, Copper(2+) salt",Tigriopus japonicus,Harpacticoida,Adult,4,"Aquatic, unspecified",Total,,743,,,ug/L,743,ug/L,25,33,8.25,,Copper Toxicity in the Marine Copepod Tigropus japonicus:  Low Variability and High Reproducibility of Repeated Acute and Life-Cycle Tests,PRIMARY_KEEP,Eligible copepod LC50 candidate,63.546,ECOTOX_STANDARDIZED_TARGET_METAL,0.743,11.692317376388758,2.4589319916281718,HARMONIZED,ECOTOX standardized concentration used; for metal salts ECOTOX generally expresses concentration as active ionic form.,CORE,YES,25,,,C,EXISTING_MEAN_PRESERVED,33,,,0/00,EXISTING_MEAN_PRESERVED,,8.1,8.4,,RAW_RANGE_MIDPOINT_RECOVERED,,,,,MISSING
26,1152733,86472,13179,Ni,"Acetic acid, Nickel(2+)salt",Tisbe holothuriae,Harpacticoida,,2,Static,Total,,2580,,,ug/L,2580,ug/L,22,38,,,"Combined Toxicity of Copper, Cadmium, Zinc, Lead, Nickel, and Chrome to the Copepod Tisbe holothuriae",PRIMARY_KEEP,Eligible copepod LC50 candidate,58.6934,ECOTOX_STANDARDIZED_TARGET_METAL,2.58,43.957242211219665,3.7832173935188695,HARMONIZED,ECOTOX standardized concentration used; for metal salts ECOTOX generally expresses concentration as active ionic form.,DESCRIPTIVE,NO,22,,,C,EXISTING_MEAN_PRESERVED,38,,,0/00,EXISTING_MEAN_PRESERVED,,,,,MISSING,,,,,MISSING
49,1035621,54724,2183,Cu,Copper chloride,Nitocra spinipes,Harpacticoida,Adult,4,Static,Total,,1800,1300,2400,ug/L,1800,ug/L,20,7,8,,Use of a Harpacticoid Copepod in Toxicity Tests,PRIMARY_KEEP,Eligible copepod LC50 candidate,63.546,ECOTOX_STANDARDIZED_TARGET_METAL,1.8,28.325937116419603,3.343777890794669,HARMONIZED,ECOTOX standardized concentration used; for metal salts ECOTOX generally expresses concentration as active ionic form.,CORE,YES,20,,,C,EXISTING_MEAN_PRESERVED,7,,,0/00,EXISTING_MEAN_PRESERVED,8,,,,EXISTING_MEAN_PRESERVED,,,,,MISSING
59,1159856,142865,14137,Cu,"Nitric acid, Copper(2+) salt",Tisbe battagliai,Harpacticoida,Adult,4,Renewal,Total,,88,,,ug/L,88,ug/L,20.55,34.754999999999995,7.92,,"Toxicity of Cadmium, Hexavalent Chromium and Copper to Marine Fish Larvae (Cypinodon variegatus) and Copepods (Tisbe battagliai)",PRIMARY_KEEP,Eligible copepod LC50 candidate,63.546,ECOTOX_STANDARDIZED_TARGET_METAL,0.088,1.3848235923582917,0.32557276138861935,HARMONIZED,ECOTOX standardized concentration used; for metal salts ECOTOX generally expresses concentration as active ionic form.,CORE,YES,,20.1,21,C,RAW_RANGE_MIDPOINT_RECOVERED,,34.5,35.01,0/00,RAW_RANGE_MIDPOINT_RECOVERED,,7.7,8.14,,RAW_RANGE_MIDPOINT_RECOVERED,,,,,MISSING
60,1111947,42366,8446,Cu,"Nitric acid, Copper(2+) salt",Acartia tonsa,Calanoida,,3,Flow-through,Total,,9,,,ug/L,9,ug/L,20,30,,,The Effect of Nutrition on the Response of Field Populations of the Calanoid Copepod Acartia tonsa to Copper,PRIMARY_KEEP,"Source review: Sosnowski (1979), pp. 449-452; natural populations, not a deliberate modifier experiment; waterborne Cu LC50, 72 h.",63.546,ECOTOX_STANDARDIZED_TARGET_METAL,0.009,0.14162968558209801,-1.9545394757533678,HARMONIZED,Source-confirmed 9 ug Cu/L converted to mg Cu/L and umol Cu/L.,CORE,YES,20,,,C,SOURCE_VERIFIED,30,,,0/00,SOURCE_VERIFIED,,,,,MISSING,,,,,MISSING
61,1159857,142866,14137,Cu,"Nitric acid, Copper(2+) salt",Tisbe battagliai,Harpacticoida,Nauplii,4,Renewal,Total,,64,,,ug/L,64,ug/L,20.55,34.754999999999995,7.92,,"Toxicity of Cadmium, Hexavalent Chromium and Copper to Marine Fish Larvae (Cypinodon variegatus) and Copepods (Tisbe battagliai)",PRIMARY_KEEP,Eligible copepod LC50 candidate,63.546,ECOTOX_STANDARDIZED_TARGET_METAL,0.064,1.0071444308060302,0.007119030270084629,HARMONIZED,ECOTOX standardized concentration used; for metal salts ECOTOX generally expresses concentration as active ionic form.,CORE,YES,,20.1,21,C,RAW_RANGE_MIDPOINT_RECOVERED,,34.5,35.01,0/00,RAW_RANGE_MIDPOINT_RECOVERED,,7.7,8.14,,RAW_RANGE_MIDPOINT_RECOVERED,,,,,MISSING
81,1054948,220835,3825,Pb,Lead,Acartia clausi,Calanoida,,4,"Aquatic, unspecified",Total,,668,484,876,ug/L,668,ug/L,10,30,,,"Results of Acute Toxicity Tests Conducted with Silver at ERL, Narragansett",PRIMARY_KEEP,Eligible copepod LC50 candidate,207.2,ECOTOX_STANDARDIZED_TARGET_METAL,0.668,3.223938223938224,1.1706036631513177,HARMONIZED,ECOTOX standardized concentration used; for metal salts ECOTOX generally expresses concentration as active ionic form.,DESCRIPTIVE,NO,10,,,C,EXISTING_MEAN_PRESERVED,30,,,0/00,EXISTING_MEAN_PRESERVED,,,,,MISSING,,,,,MISSING
83,1053695,194886,3751,Pb,Lead,Acartia clausi,Calanoida,Adult,4,"Aquatic, unspecified",Total,,668,484,876,ug/L,668,ug/L,10,30,,,Unpublished Laboratory Data,PRIMARY_KEEP,Eligible copepod LC50 candidate,207.2,ECOTOX_STANDARDIZED_TARGET_METAL,0.668,3.223938223938224,1.1706036631513177,HARMONIZED,ECOTOX standardized concentration used; for metal salts ECOTOX generally expresses concentration as active ionic form.,DESCRIPTIVE,NO,10,,,C,EXISTING_MEAN_PRESERVED,30,,,0/00,EXISTING_MEAN_PRESERVED,,,,,MISSING,,,,,MISSING
84,1078773,10206,6079,Hg,Mercury,Calanoida,Calanoida,,2,Static,Total,,31,,,ug/L,31,ug/L,9,,,,"Evaluation of Potential Indicators of Sub-Lethal Toxic Stress on Marine Zooplankton (Feeding, Fecundity, Respiration, and Excretion): Controlled Ecosystem Pollution Experiment",PRIMARY_KEEP,Eligible copepod LC50 candidate,200.592,ECOTOX_STANDARDIZED_TARGET_METAL,0.031,0.15454255404004147,-1.8672857898885231,HARMONIZED,ECOTOX standardized concentration used; for metal salts ECOTOX generally expresses concentration as active ionic form.,EXPLORATORY,NO,9,,,C,EXISTING_MEAN_PRESERVED,,,,,MISSING,,,,,MISSING,,,,,MISSING
88,1078775,10208,6079,Hg,Mercury,Calanoida,Calanoida,,2,Static,Total,,32,,,ug/L,32,ug/L,9,,,,"Evaluation of Potential Indicators of Sub-Lethal Toxic Stress on Marine Zooplankton (Feeding, Fecundity, Respiration, and Excretion): Controlled Ecosystem Pollution Experiment",PRIMARY_KEEP,Eligible copepod LC50 candidate,200.592,ECOTOX_STANDARDIZED_TARGET_METAL,0.032,0.15952779771875247,-1.8355370915739428,HARMONIZED,ECOTOX standardized concentration used; for metal salts ECOTOX generally expresses concentration as active ionic form.,EXPLORATORY,NO,9,,,C,EXISTING_MEAN_PRESERVED,,,,,MISSING,,,,,MISSING,,,,,MISSING
103,1078774,10207,6079,Hg,Mercury,Calanoida,Calanoida,Adult,2,Static,Total,,22,,,ug/L,22,ug/L,21,,,,"Evaluation of Potential Indicators of Sub-Lethal Toxic Stress on Marine Zooplankton (Feeding, Fecundity, Respiration, and Excretion): Controlled Ecosystem Pollution Experiment",PRIMARY_KEEP,Eligible copepod LC50 candidate,200.592,ECOTOX_STANDARDIZED_TARGET_METAL,0.022,0.10967536093164233,-2.2102305410153535,HARMONIZED,ECOTOX standardized concentration used; for metal salts ECOTOX generally expresses concentration as active ionic form.,EXPLORATORY,NO,21,,,C,EXISTING_MEAN_PRESERVED,,,,,MISSING,,,,,MISSING,,,,,MISSING
105,1053473,129431,3734,Hg,Mercury,Pseudodiaptomus coronatus,Calanoida,,4,Static,Total,,79,45,112,ug/L,79,ug/L,20,30,,,Unpublished Laboratory Data,PRIMARY_KEEP,Eligible copepod LC50 candidate,200.592,ECOTOX_STANDARDIZED_TARGET_METAL,0.079,0.3938342506181702,-0.9318251419066479,HARMONIZED,ECOTOX standardized concentration used; for metal salts ECOTOX generally expresses concentration as active ionic form.,EXPLORATORY,NO,20,,,C,EXISTING_MEAN_PRESERVED,30,,,0/00,EXISTING_MEAN_PRESERVED,,,,,MISSING,,,,,MISSING
111,1111935,21216,8445,Hg,Mercury,Acartia tonsa,Calanoida,,2,Static,Total,,17,,,ug/L,17,ug/L,20,10,,,"Toxicological Comparison of Natural and Cultured Populations of Acartia tonsa to Cadmium, Copper, and Mercury",PRIMARY_KEEP,Eligible copepod LC50 candidate,200.592,ECOTOX_STANDARDIZED_TARGET_METAL,0.017,0.08474914253808725,-2.4680596503174534,HARMONIZED,ECOTOX standardized concentration used; for metal salts ECOTOX generally expresses concentration as active ionic form.,EXPLORATORY,NO,20,,,C,EXISTING_MEAN_PRESERVED,10,,,0/00,EXISTING_MEAN_PRESERVED,,,,,MISSING,,,,,MISSING
112,1111929,21210,8445,Hg,Mercury,Acartia tonsa,Calanoida,F6 generation,4,Static,Total,,15,,,ug/L,15,ug/L,20,10,,,"Toxicological Comparison of Natural and Cultured Populations of Acartia tonsa to Cadmium, Copper, and Mercury",PRIMARY_KEEP,Eligible copepod LC50 candidate,200.592,ECOTOX_STANDARDIZED_TARGET_METAL,0.015,0.07477865518066523,-2.593222793271459,HARMONIZED,ECOTOX standardized concentration used; for metal salts ECOTOX generally expresses concentration as active ionic form.,EXPLORATORY,NO,20,,,C,EXISTING_MEAN_PRESERVED,10,,,0/00,EXISTING_MEAN_PRESERVED,,,,,MISSING,,,,,MISSING
113,1111930,21211,8445,Hg,Mercury,Acartia tonsa,Calanoida,F2 generation,1,Static,Total,,20,,,ug/L,20,ug/L,20,10,,,"Toxicological Comparison of Natural and Cultured Populations of Acartia tonsa to Cadmium, Copper, and Mercury",PRIMARY_KEEP,Eligible copepod LC50 candidate,200.592,ECOTOX_STANDARDIZED_TARGET_METAL,0.02,0.0997048735742203,-2.3055407208196783,HARMONIZED,ECOTOX standardized concentration used; for metal salts ECOTOX generally expresses concentration as active ionic form.,EXPLORATORY,NO,20,,,C,EXISTING_MEAN_PRESERVED,10,,,0/00,EXISTING_MEAN_PRESERVED,,,,,MISSING,,,,,MISSING
114,1111932,21213,8445,Hg,Mercury,Acartia tonsa,Calanoida,F2 generation,3,Static,Total,,17,,,ug/L,17,ug/L,20,10,,,"Toxicological Comparison of Natural and Cultured Populations of Acartia tonsa to Cadmium, Copper, and Mercury",PRIMARY_KEEP,Eligible copepod LC50 candidate,200.592,ECOTOX_STANDARDIZED_TARGET_METAL,0.017,0.08474914253808725,-2.4680596503174534,HARMONIZED,ECOTOX standardized concentration used; for metal salts ECOTOX generally expresses concentration as active ionic form.,EXPLORATORY,NO,20,,,C,EXISTING_MEAN_PRESERVED,10,,,0/00,EXISTING_MEAN_PRESERVED,,,,,MISSING,,,,,MISSING
115,1111926,21207,8445,Hg,Mercury,Acartia tonsa,Calanoida,F6 generation,1,Static,Total,,22,,,ug/L,22,ug/L,20,10,,,"Toxicological Comparison of Natural and Cultured Populations of Acartia tonsa to Cadmium, Copper, and Mercury",PRIMARY_KEEP,Eligible copepod LC50 candidate,200.592,ECOTOX_STANDARDIZED_TARGET_METAL,0.022,0.10967536093164233,-2.2102305410153535,HARMONIZED,ECOTOX standardized concentration used; for metal salts ECOTOX generally expresses concentration as active ionic form.,EXPLORATORY,NO,20,,,C,EXISTING_MEAN_PRESERVED,10,,,0/00,EXISTING_MEAN_PRESERVED,,,,,MISSING,,,,,MISSING
116,1053474,129432,3734,Hg,Mercury,Eurytemora affinis,Calanoida,,4,Static,Total,,158,102,216,ug/L,158,ug/L,20,30,,,Unpublished Laboratory Data,PRIMARY_KEEP,Eligible copepod LC50 candidate,200.592,ECOTOX_STANDARDIZED_TARGET_METAL,0.158,0.7876685012363404,-0.23867796134670255,HARMONIZED,ECOTOX standardized concentration used; for metal salts ECOTOX generally expresses concentration as active ionic form.,EXPLORATORY,NO,20,,,C,EXISTING_MEAN_PRESERVED,30,,,0/00,EXISTING_MEAN_PRESERVED,,,,,MISSING,,,,,MISSING
117,1111934,21215,8445,Hg,Mercury,Acartia tonsa,Calanoida,,1,Static,Total,,17.5,,,ug/L,17.5,ug/L,20,10,,,"Toxicological Comparison of Natural and Cultured Populations of Acartia tonsa to Cadmium, Copper, and Mercury",PRIMARY_KEEP,Eligible copepod LC50 candidate,200.592,ECOTOX_STANDARDIZED_TARGET_METAL,0.0175,0.08724176437744276,-2.439072113444201,HARMONIZED,ECOTOX standardized concentration used; for metal salts ECOTOX generally expresses concentration as active ionic form.,EXPLORATORY,NO,20,,,C,EXISTING_MEAN_PRESERVED,10,,,0/00,EXISTING_MEAN_PRESERVED,,,,,MISSING,,,,,MISSING
118,1111928,21209,8445,Hg,Mercury,Acartia tonsa,Calanoida,F6 generation,3,Static,Total,,16,,,ug/L,16,ug/L,20,10,,,"Toxicological Comparison of Natural and Cultured Populations of Acartia tonsa to Cadmium, Copper, and Mercury",PRIMARY_KEEP,Eligible copepod LC50 candidate,200.592,ECOTOX_STANDARDIZED_TARGET_METAL,0.016,0.07976389885937624,-2.528684272133888,HARMONIZED,ECOTOX standardized concentration used; for metal salts ECOTOX generally expresses concentration as active ionic form.,EXPLORATORY,NO,20,,,C,EXISTING_MEAN_PRESERVED,10,,,0/00,EXISTING_MEAN_PRESERVED,,,,,MISSING,,,,,MISSING
119,1053471,129429,3734,Hg,Mercury,Acartia tonsa,Calanoida,,4,Static,Total,,20,7,38,ug/L,20,ug/L,20,30,,,Unpublished Laboratory Data,PRIMARY_KEEP,Eligible copepod LC50 candidate,200.592,ECOTOX_STANDARDIZED_TARGET_METAL,0.02,0.0997048735742203,-2.3055407208196783,HARMONIZED,ECOTOX standardized concentration used; for metal salts ECOTOX generally expresses concentration as active ionic form.,EXPLORATORY,NO,20,,,C,EXISTING_MEAN_PRESERVED,30,,,0/00,EXISTING_MEAN_PRESERVED,,,,,MISSING,,,,,MISSING
120,1053472,129430,3734,Hg,Mercury,Acartia clausi,Calanoida,,4,Static,Total,,10,8,12,ug/L,10,ug/L,10,30,,,Unpublished Laboratory Data,PRIMARY_KEEP,Eligible copepod LC50 candidate,200.592,ECOTOX_STANDARDIZED_TARGET_METAL,0.01,0.04985243678711015,-2.9986879013796237,HARMONIZED,ECOTOX standardized concentration used; for metal salts ECOTOX generally expresses concentration as active ionic form.,EXPLORATORY,NO,10,,,C,EXISTING_MEAN_PRESERVED,30,,,0/00,EXISTING_MEAN_PRESERVED,,,,,MISSING,,,,,MISSING
121,1111937,21218,8445,Hg,Mercury,Acartia tonsa,Calanoida,,4,Static,Total,,10,,,ug/L,10,ug/L,20,10,,,"Toxicological Comparison of Natural and Cultured Populations of Acartia tonsa to Cadmium, Copper, and Mercury",PRIMARY_KEEP,Eligible copepod LC50 candidate,200.592,ECOTOX_STANDARDIZED_TARGET_METAL,0.01,0.04985243678711015,-2.9986879013796237,HARMONIZED,ECOTOX standardized concentration used; for metal salts ECOTOX generally expresses concentration as active ionic form.,EXPLORATORY,NO,20,,,C,EXISTING_MEAN_PRESERVED,10,,,0/00,EXISTING_MEAN_PRESERVED,,,,,MISSING,,,,,MISSING
122,1111936,21217,8445,Hg,Mercury,Acartia tonsa,Calanoida,,3,Static,Total,,13,,,ug/L,13,ug/L,20,10,,,"Toxicological Comparison of Natural and Cultured Populations of Acartia tonsa to Cadmium, Copper, and Mercury",PRIMARY_KEEP,Eligible copepod LC50 candidate,200.592,ECOTOX_STANDARDIZED_TARGET_METAL,0.013,0.0648081678232432,-2.7363236369121324,HARMONIZED,ECOTOX standardized concentration used; for metal salts ECOTOX generally expresses concentration as active ionic form.,EXPLORATORY,NO,20,,,C,EXISTING_MEAN_PRESERVED,10,,,0/00,EXISTING_MEAN_PRESERVED,,,,,MISSING,,,,,MISSING
123,1111931,21212,8445,Hg,Mercury,Acartia tonsa,Calanoida,F2 generation,2,Static,Total,,19,,,ug/L,19,ug/L,20,10,,,"Toxicological Comparison of Natural and Cultured Populations of Acartia tonsa to Cadmium, Copper, and Mercury",PRIMARY_KEEP,Eligible copepod LC50 candidate,200.592,ECOTOX_STANDARDIZED_TARGET_METAL,0.019,0.09471962989550929,-2.356834015207229,HARMONIZED,ECOTOX standardized concentration used; for metal salts ECOTOX generally expresses concentration as active ionic form.,EXPLORATORY,NO,20,,,C,EXISTING_MEAN_PRESERVED,10,,,0/00,EXISTING_MEAN_PRESERVED,,,,,MISSING,,,,,MISSING
124,1111933,21214,8445,Hg,Mercury,Acartia tonsa,Calanoida,F2 generation,4,Static,Total,,14,,,ug/L,14,ug/L,20,10,,,"Toxicological Comparison of Natural and Cultured Populations of Acartia tonsa to Cadmium, Copper, and Mercury",PRIMARY_KEEP,Eligible copepod LC50 candidate,200.592,ECOTOX_STANDARDIZED_TARGET_METAL,0.014,0.06979341150195421,-2.6622156647584108,HARMONIZED,ECOTOX standardized concentration used; for metal salts ECOTOX generally expresses concentration as active ionic form.,EXPLORATORY,NO,20,,,C,EXISTING_MEAN_PRESERVED,10,,,0/00,EXISTING_MEAN_PRESERVED,,,,,MISSING,,,,,MISSING
125,1111927,21208,8445,Hg,Mercury,Acartia tonsa,Calanoida,F6 generation,2,Static,Total,,19,,,ug/L,19,ug/L,20,10,,,"Toxicological Comparison of Natural and Cultured Populations of Acartia tonsa to Cadmium, Copper, and Mercury",PRIMARY_KEEP,Eligible copepod LC50 candidate,200.592,ECOTOX_STANDARDIZED_TARGET_METAL,0.019,0.09471962989550929,-2.356834015207229,HARMONIZED,ECOTOX standardized concentration used; for metal salts ECOTOX generally expresses concentration as active ionic form.,EXPLORATORY,NO,20,,,C,EXISTING_MEAN_PRESERVED,10,,,0/00,EXISTING_MEAN_PRESERVED,,,,,MISSING,,,,,MISSING
129,1053477,129435,3734,Ni,Nickel,Pseudodiaptomus coronatus,Calanoida,,3,Static,Total,,9100,6170,12400,ug/L,9100,ug/L,20,30,,,Unpublished Laboratory Data,PRIMARY_KEEP,Eligible copepod LC50 candidate,58.6934,ECOTOX_STANDARDIZED_TARGET_METAL,9.1,155.0429860938368,5.043702408108148,HARMONIZED,ECOTOX standardized concentration used; for metal salts ECOTOX generally expresses concentration as active ionic form.,DESCRIPTIVE,NO,20,,,C,EXISTING_MEAN_PRESERVED,30,,,0/00,EXISTING_MEAN_PRESERVED,,,,,MISSING,,,,,MISSING
134,1053476,129434,3734,Ni,Nickel,Acartia clausi,Calanoida,,4,Static,Total,,2076,1525,2900,ug/L,2076,ug/L,10,30,,,Unpublished Laboratory Data,PRIMARY_KEEP,Eligible copepod LC50 candidate,58.6934,ECOTOX_STANDARDIZED_TARGET_METAL,2.076,35.37024605833024,3.5658709598889855,HARMONIZED,ECOTOX standardized concentration used; for metal salts ECOTOX generally expresses concentration as active ionic form.,DESCRIPTIVE,NO,10,,,C,EXISTING_MEAN_PRESERVED,30,,,0/00,EXISTING_MEAN_PRESERVED,,,,,MISSING,,,,,MISSING
135,1053478,129436,3734,Ni,Nickel,Eurytemora affinis,Calanoida,,4,Static,Total,,9670,7350,12120,ug/L,9670,ug/L,20,30,,,Unpublished Laboratory Data,PRIMARY_KEEP,Eligible copepod LC50 candidate,58.6934,ECOTOX_STANDARDIZED_TARGET_METAL,9.67,164.75446983817602,5.104456304050546,HARMONIZED,ECOTOX standardized concentration used; for metal salts ECOTOX generally expresses concentration as active ionic form.,DESCRIPTIVE,NO,20,,,C,EXISTING_MEAN_PRESERVED,30,,,0/00,EXISTING_MEAN_PRESERVED,,,,,MISSING,,,,,MISSING
136,1053475,129433,3734,Ni,Nickel,Acartia tonsa,Calanoida,,3,Static,Total,,460,260,710,ug/L,460,ug/L,20,30,,,Unpublished Laboratory Data,PRIMARY_KEEP,Eligible copepod LC50 candidate,58.6934,ECOTOX_STANDARDIZED_TARGET_METAL,0.46,7.837337758589552,2.0588992050863473,HARMONIZED,ECOTOX standardized concentration used; for metal salts ECOTOX generally expresses concentration as active ionic form.,DESCRIPTIVE,NO,20,,,C,EXISTING_MEAN_PRESERVED,30,,,0/00,EXISTING_MEAN_PRESERVED,,,,,MISSING,,,,,MISSING
138,1284914,738947,59900,Ag,Silver,Acartia sp.,Calanoida,,2,Static,Total,,400,,,nM,400,nM,15,,8,1,Sublethal Effects of Silver in Zooplankton:  Importance of Exposure Pathways and Implications for Toxicity Testing,PRIMARY_KEEP,Eligible copepod LC50 candidate,107.8682,ECOTOX_STANDARDIZED_TARGET_METAL,0.04314728,0.4,-0.916290731874155,HARMONIZED,ECOTOX standardized concentration used; for metal salts ECOTOX generally expresses concentration as active ionic form.,SECONDARY,NO,15,,,C,EXISTING_MEAN_PRESERVED,,,,,MISSING,8,,,,EXISTING_MEAN_PRESERVED,1,,,mg/L,EXISTING_MEAN_PRESERVED
139,1053694,194885,3751,Ag,Silver,Acartia tonsa,Calanoida,Adult,4,"Aquatic, unspecified",Total,,43,30,60,ug/L,43,ug/L,20,30,,,Unpublished Laboratory Data,PRIMARY_KEEP,Eligible copepod LC50 candidate,107.8682,ECOTOX_STANDARDIZED_TARGET_METAL,0.043,0.3986346300392516,-0.9197099958019773,HARMONIZED,ECOTOX standardized concentration used; for metal salts ECOTOX generally expresses concentration as active ionic form.,SECONDARY,NO,20,,,C,EXISTING_MEAN_PRESERVED,30,,,0/00,EXISTING_MEAN_PRESERVED,,,,,MISSING,,,,,MISSING
140,1053693,194884,3751,Ag,Silver,Acartia clausi,Calanoida,Adult,4,"Aquatic, unspecified",Total,,15,10,19,ug/L,15,ug/L,10,30,,,Unpublished Laboratory Data,PRIMARY_KEEP,Eligible copepod LC50 candidate,107.8682,ECOTOX_STANDARDIZED_TARGET_METAL,0.015,0.13905859187415753,-1.9728599103933298,HARMONIZED,ECOTOX standardized concentration used; for metal salts ECOTOX generally expresses concentration as active ionic form.,SECONDARY,NO,10,,,C,EXISTING_MEAN_PRESERVED,30,,,0/00,EXISTING_MEAN_PRESERVED,,,,,MISSING,,,,,MISSING
184,1111942,23768,8445,Cd,Cadmium,Acartia tonsa,Calanoida,F2 generation,4,Static,Total,,190,,,ug/L,190,ug/L,20,10,,,"Toxicological Comparison of Natural and Cultured Populations of Acartia tonsa to Cadmium, Copper, and Mercury",PRIMARY_KEEP,Eligible copepod LC50 candidate,112.414,ECOTOX_STANDARDIZED_TARGET_METAL,0.19,1.6901809383172914,0.524835587297103,HARMONIZED,ECOTOX standardized concentration used; for metal salts ECOTOX generally expresses concentration as active ionic form.,CORE,YES,20,,,C,EXISTING_MEAN_PRESERVED,10,,,0/00,EXISTING_MEAN_PRESERVED,,,,,MISSING,,,,,MISSING
193,1111941,23767,8445,Cd,Cadmium,Acartia tonsa,Calanoida,Adult,4,Static,Total,,122,60,341,ug/L,122,ug/L,20,30,,,"Toxicological Comparison of Natural and Cultured Populations of Acartia tonsa to Cadmium, Copper, and Mercury",PRIMARY_KEEP,Eligible copepod LC50 candidate,112.414,ECOTOX_STANDARDIZED_TARGET_METAL,0.122,1.0852740761826818,0.08183255986987334,HARMONIZED,ECOTOX standardized concentration used; for metal salts ECOTOX generally expresses concentration as active ionic form.,CORE,YES,20,,,C,EXISTING_MEAN_PRESERVED,30,,,0/00,EXISTING_MEAN_PRESERVED,,,,,MISSING,,,,,MISSING
203,1120299,126283,9365,Cd,Cadmium,Amphiascus tenuiremis,Harpacticoida,Adult,4,Static,Total,,224,213,234,ug/L,224,ug/L,20.8,30.7,7.8,,"Aqueous-, Pore-Water-, and Sediment-Phase Cadmium: Toxicity Relationships for a Meiobenthic Copepod",PRIMARY_KEEP,Eligible copepod LC50 candidate,112.414,ECOTOX_STANDARDIZED_TARGET_METAL,0.224,1.9926343693845963,0.6894575669916567,HARMONIZED,ECOTOX standardized concentration used; for metal salts ECOTOX generally expresses concentration as active ionic form.,CORE,YES,20.8,,,C,EXISTING_MEAN_PRESERVED,30.7,,,0/00,EXISTING_MEAN_PRESERVED,7.8,,,,EXISTING_MEAN_PRESERVED,,,,,MISSING
206,1111940,23766,8445,Cd,Cadmium,Acartia tonsa,Calanoida,F6 generation,4,Static,Total,,220,138,313,ug/L,220,ug/L,20,10,,,"Toxicological Comparison of Natural and Cultured Populations of Acartia tonsa to Cadmium, Copper, and Mercury",PRIMARY_KEEP,Eligible copepod LC50 candidate,112.414,ECOTOX_STANDARDIZED_TARGET_METAL,0.22,1.9570516127884428,0.6714390614889784,HARMONIZED,ECOTOX standardized concentration used; for metal salts ECOTOX generally expresses concentration as active ionic form.,CORE,YES,20,,,C,EXISTING_MEAN_PRESERVED,10,,,0/00,EXISTING_MEAN_PRESERVED,,,,,MISSING,,,,,MISSING
214,1134122,107489,10900,Cd,Cadmium,Eurytemora affinis,Calanoida,Multiple,4,Static,Total,,147.7,133.1,166.1,ug/L,147.7,ug/L,15,10,,,"Effects of Copper and Cadmium on Growth, Swimming and Predator Avoidance in Eurytemora affinis (Copepoda)",PRIMARY_KEEP,Eligible copepod LC50 candidate,112.414,ECOTOX_STANDARDIZED_TARGET_METAL,0.1477,1.313893287312968,0.2729947046739509,HARMONIZED,ECOTOX standardized concentration used; for metal salts ECOTOX generally expresses concentration as active ionic form.,CORE,YES,15,,,C,EXISTING_MEAN_PRESERVED,10,,,0/00,EXISTING_MEAN_PRESERVED,,,,,MISSING,,,,,MISSING
215,1111939,23765,8445,Cd,Cadmium,Acartia tonsa,Calanoida,,4,Static,Total,,90,58,135,ug/L,90,ug/L,20,10,,,"Toxicological Comparison of Natural and Cultured Populations of Acartia tonsa to Cadmium, Copper, and Mercury",PRIMARY_KEEP,Eligible copepod LC50 candidate,112.414,ECOTOX_STANDARDIZED_TARGET_METAL,0.09,0.8006120234134538,-0.22237881453311809,HARMONIZED,ECOTOX standardized concentration used; for metal salts ECOTOX generally expresses concentration as active ionic form.,CORE,YES,20,,,C,EXISTING_MEAN_PRESERVED,10,,,0/00,EXISTING_MEAN_PRESERVED,,,,,MISSING,,,,,MISSING
228,1111938,23764,8445,Cd,Cadmium,Acartia tonsa,Calanoida,,4,Static,Total,,337,184,530,ug/L,337,ug/L,20,10,,,"Toxicological Comparison of Natural and Cultured Populations of Acartia tonsa to Cadmium, Copper, and Mercury",PRIMARY_KEEP,Eligible copepod LC50 candidate,112.414,ECOTOX_STANDARDIZED_TARGET_METAL,0.337,2.997847243225933,1.0978944454889787,HARMONIZED,ECOTOX standardized concentration used; for metal salts ECOTOX generally expresses concentration as active ionic form.,CORE,YES,20,,,C,EXISTING_MEAN_PRESERVED,10,,,0/00,EXISTING_MEAN_PRESERVED,,,,,MISSING,,,,,MISSING
268,1078810,12517,6079,Cu,Copper,Calanoida,Calanoida,Adult,4,Static,Total,,60,,,ug/L,60,ug/L,21,,,,"Evaluation of Potential Indicators of Sub-Lethal Toxic Stress on Marine Zooplankton (Feeding, Fecundity, Respiration, and Excretion): Controlled Ecosystem Pollution Experiment",PRIMARY_KEEP,Eligible copepod LC50 candidate,63.546,ECOTOX_STANDARDIZED_TARGET_METAL,0.06,0.9441979038806534,-0.05741949086748648,HARMONIZED,ECOTOX standardized concentration used; for metal salts ECOTOX generally expresses concentration as active ionic form.,CORE,YES,21,,,C,EXISTING_MEAN_PRESERVED,,,,,MISSING,,,,,MISSING,,,,,MISSING
285,1078809,12516,6079,Cu,Copper,Calanoida,Calanoida,,4,Static,Total,,45,,,ug/L,45,ug/L,9,,,,"Evaluation of Potential Indicators of Sub-Lethal Toxic Stress on Marine Zooplankton (Feeding, Fecundity, Respiration, and Excretion): Controlled Ecosystem Pollution Experiment",PRIMARY_KEEP,Eligible copepod LC50 candidate,63.546,ECOTOX_STANDARDIZED_TARGET_METAL,0.045,0.70814842791049,-0.3451015633192674,HARMONIZED,ECOTOX standardized concentration used; for metal salts ECOTOX generally expresses concentration as active ionic form.,CORE,YES,9,,,C,EXISTING_MEAN_PRESERVED,,,,,MISSING,,,,,MISSING,,,,,MISSING
322,1078811,12518,6079,Cu,Copper,Calanoida,Calanoida,,2,Static,Total,,105,,,ug/L,105,ug/L,9,,,,"Evaluation of Potential Indicators of Sub-Lethal Toxic Stress on Marine Zooplankton (Feeding, Fecundity, Respiration, and Excretion): Controlled Ecosystem Pollution Experiment",PRIMARY_KEEP,Eligible copepod LC50 candidate,63.546,ECOTOX_STANDARDIZED_TARGET_METAL,0.105,1.6523463317911435,0.5021962970679362,HARMONIZED,ECOTOX standardized concentration used; for metal salts ECOTOX generally expresses concentration as active ionic form.,CORE,YES,9,,,C,EXISTING_MEAN_PRESERVED,,,,,MISSING,,,,,MISSING,,,,,MISSING
324,1078808,12515,6079,Cu,Copper,Calanoida,Calanoida,Juvenile,4,Static,Total,,52,,,ug/L,52,ug/L,9,,,,"Evaluation of Potential Indicators of Sub-Lethal Toxic Stress on Marine Zooplankton (Feeding, Fecundity, Respiration, and Excretion): Controlled Ecosystem Pollution Experiment",PRIMARY_KEEP,Eligible copepod LC50 candidate,63.546,ECOTOX_STANDARDIZED_TARGET_METAL,0.052,0.8183048500298996,-0.20052033450815981,HARMONIZED,ECOTOX standardized concentration used; for metal salts ECOTOX generally expresses concentration as active ionic form.,CORE,YES,9,,,C,EXISTING_MEAN_PRESERVED,,,,,MISSING,,,,,MISSING,,,,,MISSING
348,1111945,23785,8445,Cu,Copper,Acartia tonsa,Calanoida,Adult,4,Static,Total,,17,9,29,ug/L,17,ug/L,20,30,,,"Toxicological Comparison of Natural and Cultured Populations of Acartia tonsa to Cadmium, Copper, and Mercury",PRIMARY_KEEP,Eligible copepod LC50 candidate,63.546,ECOTOX_STANDARDIZED_TARGET_METAL,0.017,0.2675227394328518,-1.318550709033371,HARMONIZED,ECOTOX standardized concentration used; for metal salts ECOTOX generally expresses concentration as active ionic form.,CORE,YES,20,,,C,EXISTING_MEAN_PRESERVED,30,,,0/00,EXISTING_MEAN_PRESERVED,,,,,MISSING,,,,,MISSING
349,1047099,115192,2977,Cu,Copper,Tigriopus californicus,Harpacticoida,Nauplii,4,Renewal,Total,,2.5,0.9,3.9,M,2.5,M,,35,,,"Copper Tolerance of the Life History Stages of the Splashpool Copepod Tigriopus californicus (Copepoda, Harpacticoida)",PRIMARY_KEEP,Eligible copepod LC50 candidate,63.546,SOURCE_VERIFIED_MICROMOLAR,0.158865,2.5,0.9162907318741551,HARMONIZED,OBrien 1988 reports total dissolved Cu LC95 values in 10^-6 M; the numeric Analysis_Point is therefore treated directly as umol Cu/L.,CORE,YES,,,,,MISSING,35,,,0/00,EXISTING_MEAN_PRESERVED,,,,,MISSING,,,,,MISSING
350,1252479,700796,59877,Cu,Copper,Amphiascus tenuiremis,Harpacticoida,,4,Static,Total,,124.6,,,ug/L,124.6,ug/L,20,30,7.9,,"Acute Toxicity of Five Sediment-Associated Metals, Individually and in a Mixture, to the Estuarine Meiobenthic Harpacticoid Copepod Amphiascus tenuiremis",PRIMARY_KEEP,Eligible copepod LC50 candidate,63.546,ECOTOX_STANDARDIZED_TARGET_METAL,0.12459999999999999,1.9607843137254901,0.6733445532637655,HARMONIZED,ECOTOX standardized concentration used; for metal salts ECOTOX generally expresses concentration as active ionic form.,CORE,YES,20,,,C,EXISTING_MEAN_PRESERVED,30,,,0/00,EXISTING_MEAN_PRESERVED,7.9,,,,EXISTING_MEAN_PRESERVED,,,,,MISSING
351,1047101,115194,2977,Cu,Copper,Tigriopus californicus,Harpacticoida,Nauplii,4,Renewal,Total,,4.1,3.3,5,M,4.1,M,,35,,,"Copper Tolerance of the Life History Stages of the Splashpool Copepod Tigriopus californicus (Copepoda, Harpacticoida)",PRIMARY_KEEP,Eligible copepod LC50 candidate,63.546,SOURCE_VERIFIED_MICROMOLAR,0.26053859999999995,4.1,1.410986973710262,HARMONIZED,OBrien 1988 reports total dissolved Cu LC97 values in 10^-6 M; the numeric Analysis_Point is therefore treated directly as umol Cu/L.,CORE,YES,,,,,MISSING,35,,,0/00,EXISTING_MEAN_PRESERVED,,,,,MISSING,,,,,MISSING
352,1047097,115190,2977,Cu,Copper,Tigriopus californicus,Harpacticoida,Nauplii,4,Renewal,Total,,1.2,0.6,1.6,M,1.2,M,,35,,,"Copper Tolerance of the Life History Stages of the Splashpool Copepod Tigriopus californicus (Copepoda, Harpacticoida)",PRIMARY_KEEP,Eligible copepod LC50 candidate,63.546,SOURCE_VERIFIED_MICROMOLAR,0.0762552,1.2,0.1823215567939546,HARMONIZED,OBrien 1988 reports total dissolved Cu LC98 values in 10^-6 M; the numeric Analysis_Point is therefore treated directly as umol Cu/L.,CORE,YES,,,,,MISSING,35,,,0/00,EXISTING_MEAN_PRESERVED,,,,,MISSING,,,,,MISSING
353,1134112,107408,10900,Cu,Copper,Eurytemora affinis,Calanoida,Multiple,4,Static,Total,,31.1,,,ug/L,31.1,ug/L,15,10,,,"Effects of Copper and Cadmium on Growth, Swimming and Predator Avoidance in Eurytemora affinis (Copepoda)",PRIMARY_KEEP,Eligible copepod LC50 candidate,63.546,ECOTOX_STANDARDIZED_TARGET_METAL,0.031100000000000003,0.48940924684480536,-0.7145562339043987,HARMONIZED,ECOTOX standardized concentration used; for metal salts ECOTOX generally expresses concentration as active ionic form.,CORE,YES,15,,,C,EXISTING_MEAN_PRESERVED,10,,,0/00,EXISTING_MEAN_PRESERVED,,,,,MISSING,,,,,MISSING
354,1047100,115193,2977,Cu,Copper,Tigriopus californicus,Harpacticoida,Nauplii,4,Renewal,Total,,2.9,1.5,4.2,M,2.9,M,,35,,,"Copper Tolerance of the Life History Stages of the Splashpool Copepod Tigriopus californicus (Copepoda, Harpacticoida)",PRIMARY_KEEP,Eligible copepod LC50 candidate,63.546,SOURCE_VERIFIED_MICROMOLAR,0.18428340000000001,2.9,1.0647107369924282,HARMONIZED,OBrien 1988 reports total dissolved Cu LC100 values in 10^-6 M; the numeric Analysis_Point is therefore treated directly as umol Cu/L.,CORE,YES,,,,,MISSING,35,,,0/00,EXISTING_MEAN_PRESERVED,,,,,MISSING,,,,,MISSING
355,1134111,107407,10900,Cu,Copper,Eurytemora affinis,Calanoida,Multiple,4,Static,Total,,30.6,,,ug/L,30.6,ug/L,15,10,,,"Effects of Copper and Cadmium on Growth, Swimming and Predator Avoidance in Eurytemora affinis (Copepoda)",PRIMARY_KEEP,Eligible copepod LC50 candidate,63.546,ECOTOX_STANDARDIZED_TARGET_METAL,0.030600000000000002,0.48154093097913325,-0.7307640441312521,HARMONIZED,ECOTOX standardized concentration used; for metal salts ECOTOX generally expresses concentration as active ionic form.,CORE,YES,15,,,C,EXISTING_MEAN_PRESERVED,10,,,0/00,EXISTING_MEAN_PRESERVED,,,,,MISSING,,,,,MISSING
356,1134115,107411,10900,Cu,Copper,Eurytemora affinis,Calanoida,Multiple,4,Static,Total,,33.7,24,46,ug/L,33.7,ug/L,15,10,,,"Effects of Copper and Cadmium on Growth, Swimming and Predator Avoidance in Eurytemora affinis (Copepoda)",PRIMARY_KEEP,Eligible copepod LC50 candidate,63.546,ECOTOX_STANDARDIZED_TARGET_METAL,0.0337,0.5303244893463004,-0.634266215731271,HARMONIZED,ECOTOX standardized concentration used; for metal salts ECOTOX generally expresses concentration as active ionic form.,CORE,YES,15,,,C,EXISTING_MEAN_PRESERVED,10,,,0/00,EXISTING_MEAN_PRESERVED,,,,,MISSING,,,,,MISSING
357,1134113,107409,10900,Cu,Copper,Eurytemora affinis,Calanoida,Multiple,4,Static,Total,,28.7,,,ug/L,28.7,ug/L,15,10,,,"Effects of Copper and Cadmium on Growth, Swimming and Predator Avoidance in Eurytemora affinis (Copepoda)",PRIMARY_KEEP,Eligible copepod LC50 candidate,63.546,ECOTOX_STANDARDIZED_TARGET_METAL,0.0287,0.4516413306895792,-0.7948669303240118,HARMONIZED,ECOTOX standardized concentration used; for metal salts ECOTOX generally expresses concentration as active ionic form.,CORE,YES,15,,,C,EXISTING_MEAN_PRESERVED,10,,,0/00,EXISTING_MEAN_PRESERVED,,,,,MISSING,,,,,MISSING
358,1047096,115189,2977,Cu,Copper,Tigriopus californicus,Harpacticoida,Egg,4,Renewal,Total,,3.6,1.2,6.2,M,3.6,M,,35,,,"Copper Tolerance of the Life History Stages of the Splashpool Copepod Tigriopus californicus (Copepoda, Harpacticoida)",PRIMARY_KEEP,Eligible copepod LC50 candidate,63.546,SOURCE_VERIFIED_MICROMOLAR,0.2287656,3.6,1.2809338454620642,HARMONIZED,OBrien 1988 reports total dissolved Cu LC104 values in 10^-6 M; the numeric Analysis_Point is therefore treated directly as umol Cu/L.,CORE,YES,,,,,MISSING,35,,,0/00,EXISTING_MEAN_PRESERVED,,,,,MISSING,,,,,MISSING
359,1111944,23784,8445,Cu,Copper,Acartia tonsa,Calanoida,F6 generation,4,Static,Total,,55,36,76,ug/L,55,ug/L,20,10,,,"Toxicological Comparison of Natural and Cultured Populations of Acartia tonsa to Cadmium, Copper, and Mercury",PRIMARY_KEEP,Eligible copepod LC50 candidate,63.546,ECOTOX_STANDARDIZED_TARGET_METAL,0.055,0.8655147452239322,-0.14443086785711629,HARMONIZED,ECOTOX standardized concentration used; for metal salts ECOTOX generally expresses concentration as active ionic form.,CORE,YES,20,,,C,EXISTING_MEAN_PRESERVED,10,,,0/00,EXISTING_MEAN_PRESERVED,,,,,MISSING,,,,,MISSING
360,1047106,115199,2977,Cu,Copper,Tigriopus californicus,Harpacticoida,Copepodite,4,Renewal,Total,,6.2,3.9,7.9,M,6.2,M,,35,,,"Copper Tolerance of the Life History Stages of the Splashpool Copepod Tigriopus californicus (Copepoda, Harpacticoida)",PRIMARY_KEEP,Eligible copepod LC50 candidate,63.546,SOURCE_VERIFIED_MICROMOLAR,0.39398520000000004,6.2,1.824549292051046,HARMONIZED,OBrien 1988 reports total dissolved Cu LC106 values in 10^-6 M; the numeric Analysis_Point is therefore treated directly as umol Cu/L.,CORE,YES,,,,,MISSING,35,,,0/00,EXISTING_MEAN_PRESERVED,,,,,MISSING,,,,,MISSING
361,1047104,115197,2977,Cu,Copper,Tigriopus californicus,Harpacticoida,Copepodite,4,Renewal,Total,,7.8,4.5,11.5,M,7.8,M,,35,,,"Copper Tolerance of the Life History Stages of the Splashpool Copepod Tigriopus californicus (Copepoda, Harpacticoida)",PRIMARY_KEEP,Eligible copepod LC50 candidate,63.546,SOURCE_VERIFIED_MICROMOLAR,0.4956588,7.8,2.0541237336955462,HARMONIZED,OBrien 1988 reports total dissolved Cu LC107 values in 10^-6 M; the numeric Analysis_Point is therefore treated directly as umol Cu/L.,CORE,YES,,,,,MISSING,35,,,0/00,EXISTING_MEAN_PRESERVED,,,,,MISSING,,,,,MISSING
362,1047102,115195,2977,Cu,Copper,Tigriopus californicus,Harpacticoida,Nauplii,4,Renewal,Total,,4.8,3.5,6.1,M,4.8,M,,35,,,"Copper Tolerance of the Life History Stages of the Splashpool Copepod Tigriopus californicus (Copepoda, Harpacticoida)",PRIMARY_KEEP,Eligible copepod LC50 candidate,63.546,SOURCE_VERIFIED_MICROMOLAR,0.3050208,4.8,1.5686159179138452,HARMONIZED,OBrien 1988 reports total dissolved Cu LC108 values in 10^-6 M; the numeric Analysis_Point is therefore treated directly as umol Cu/L.,CORE,YES,,,,,MISSING,35,,,0/00,EXISTING_MEAN_PRESERVED,,,,,MISSING,,,,,MISSING
363,1111943,23783,8445,Cu,Copper,Acartia tonsa,Calanoida,,4,Static,Total,,31,21,44,ug/L,31,ug/L,20,10,,,"Toxicological Comparison of Natural and Cultured Populations of Acartia tonsa to Cadmium, Copper, and Mercury",PRIMARY_KEEP,Eligible copepod LC50 candidate,63.546,ECOTOX_STANDARDIZED_TARGET_METAL,0.031,0.4878355836716709,-0.7177768486044409,HARMONIZED,ECOTOX standardized concentration used; for metal salts ECOTOX generally expresses concentration as active ionic form.,CORE,YES,20,,,C,EXISTING_MEAN_PRESERVED,10,,,0/00,EXISTING_MEAN_PRESERVED,,,,,MISSING,,,,,MISSING
364,1111946,23786,8445,Cu,Copper,Acartia tonsa,Calanoida,F2 generation,4,Static,Total,,64,,,ug/L,64,ug/L,20,10,,,"Toxicological Comparison of Natural and Cultured Populations of Acartia tonsa to Cadmium, Copper, and Mercury",PRIMARY_KEEP,Eligible copepod LC50 candidate,63.546,ECOTOX_STANDARDIZED_TARGET_METAL,0.064,1.0071444308060302,0.007119030270084629,HARMONIZED,ECOTOX standardized concentration used; for metal salts ECOTOX generally expresses concentration as active ionic form.,CORE,YES,20,,,C,EXISTING_MEAN_PRESERVED,10,,,0/00,EXISTING_MEAN_PRESERVED,,,,,MISSING,,,,,MISSING
365,1047098,115191,2977,Cu,Copper,Tigriopus californicus,Harpacticoida,Nauplii,4,Renewal,Total,,0.3,0.02,2,M,0.3,M,,35,,,"Copper Tolerance of the Life History Stages of the Splashpool Copepod Tigriopus californicus (Copepoda, Harpacticoida)",PRIMARY_KEEP,Eligible copepod LC50 candidate,63.546,SOURCE_VERIFIED_MICROMOLAR,0.0190638,0.3,-1.2039728043259361,HARMONIZED,OBrien 1988 reports total dissolved Cu LC111 values in 10^-6 M; the numeric Analysis_Point is therefore treated directly as umol Cu/L.,CORE,YES,,,,,MISSING,35,,,0/00,EXISTING_MEAN_PRESERVED,,,,,MISSING,,,,,MISSING
366,1047103,115196,2977,Cu,Copper,Tigriopus californicus,Harpacticoida,Copepodite,4,Renewal,Total,,5.9,4.6,7.2,M,5.9,M,,35,,,"Copper Tolerance of the Life History Stages of the Splashpool Copepod Tigriopus californicus (Copepoda, Harpacticoida)",PRIMARY_KEEP,Eligible copepod LC50 candidate,63.546,SOURCE_VERIFIED_MICROMOLAR,0.3749214,5.9,1.7749523509116738,HARMONIZED,OBrien 1988 reports total dissolved Cu LC112 values in 10^-6 M; the numeric Analysis_Point is therefore treated directly as umol Cu/L.,CORE,YES,,,,,MISSING,35,,,0/00,EXISTING_MEAN_PRESERVED,,,,,MISSING,,,,,MISSING
367,1047105,115198,2977,Cu,Copper,Tigriopus californicus,Harpacticoida,Copepodite,4,Renewal,Total,,6.5,5,8.2,M,6.5,M,,35,,,"Copper Tolerance of the Life History Stages of the Splashpool Copepod Tigriopus californicus (Copepoda, Harpacticoida)",PRIMARY_KEEP,Eligible copepod LC50 candidate,63.546,SOURCE_VERIFIED_MICROMOLAR,0.413049,6.5,1.8718021769015913,HARMONIZED,OBrien 1988 reports total dissolved Cu LC113 values in 10^-6 M; the numeric Analysis_Point is therefore treated directly as umol Cu/L.,CORE,YES,,,,,MISSING,35,,,0/00,EXISTING_MEAN_PRESERVED,,,,,MISSING,,,,,MISSING
368,1047107,115200,2977,Cu,Copper,Tigriopus californicus,Harpacticoida,Copepodite,4,Renewal,Total,,6.2,4.5,7.9,M,6.2,M,,35,,,"Copper Tolerance of the Life History Stages of the Splashpool Copepod Tigriopus californicus (Copepoda, Harpacticoida)",PRIMARY_KEEP,Eligible copepod LC50 candidate,63.546,SOURCE_VERIFIED_MICROMOLAR,0.39398520000000004,6.2,1.824549292051046,HARMONIZED,OBrien 1988 reports total dissolved Cu LC114 values in 10^-6 M; the numeric Analysis_Point is therefore treated directly as umol Cu/L.,CORE,YES,,,,,MISSING,35,,,0/00,EXISTING_MEAN_PRESERVED,,,,,MISSING,,,,,MISSING
369,1134114,107410,10900,Cu,Copper,Eurytemora affinis,Calanoida,Multiple,4,Static,Total,,7.5,1.5,44.7,ug/L,7.5,ug/L,15,10,,,"Effects of Copper and Cadmium on Growth, Swimming and Predator Avoidance in Eurytemora affinis (Copepoda)",PRIMARY_KEEP,Eligible copepod LC50 candidate,63.546,ECOTOX_STANDARDIZED_TARGET_METAL,0.0075,0.11802473798508167,-2.1368610325473223,HARMONIZED,ECOTOX standardized concentration used; for metal salts ECOTOX generally expresses concentration as active ionic form.,CORE,YES,15,,,C,EXISTING_MEAN_PRESERVED,10,,,0/00,EXISTING_MEAN_PRESERVED,,,,,MISSING,,,,,MISSING
370,1047108,115201,2977,Cu,Copper,Tigriopus californicus,Harpacticoida,Copepodite,4,Renewal,Total,,12,10,14,M,12,M,,35,,,"Copper Tolerance of the Life History Stages of the Splashpool Copepod Tigriopus californicus (Copepoda, Harpacticoida)",PRIMARY_KEEP,Eligible copepod LC50 candidate,63.546,SOURCE_VERIFIED_MICROMOLAR,0.762552,12,2.4849066497880004,HARMONIZED,OBrien 1988 reports total dissolved Cu LC116 values in 10^-6 M; the numeric Analysis_Point is therefore treated directly as umol Cu/L.,CORE,YES,,,,,MISSING,35,,,0/00,EXISTING_MEAN_PRESERVED,,,,,MISSING,,,,,MISSING
392,1053485,129448,3734,Zn,Zinc,Pseudodiaptomus coronatus,Calanoida,,4,Static,Total,,1783,1490,2090,ug/L,1783,ug/L,20,30,,,Unpublished Laboratory Data,PRIMARY_KEEP,Eligible copepod LC50 candidate,65.38,ECOTOX_STANDARDIZED_TARGET_METAL,1.783,27.271336800244725,3.305836216567076,HARMONIZED,ECOTOX standardized concentration used; for metal salts ECOTOX generally expresses concentration as active ionic form.,CORE,YES,20,,,C,EXISTING_MEAN_PRESERVED,30,,,0/00,EXISTING_MEAN_PRESERVED,,,,,MISSING,,,,,MISSING
403,1053484,129447,3734,Zn,Zinc,Acartia clausi,Calanoida,,4,Static,Total,,950,712,1338,ug/L,950,ug/L,10,30,,,Unpublished Laboratory Data,PRIMARY_KEEP,Eligible copepod LC50 candidate,65.38,ECOTOX_STANDARDIZED_TARGET_METAL,0.95,14.530437442643011,2.676245583298522,HARMONIZED,ECOTOX standardized concentration used; for metal salts ECOTOX generally expresses concentration as active ionic form.,CORE,YES,10,,,C,EXISTING_MEAN_PRESERVED,30,,,0/00,EXISTING_MEAN_PRESERVED,,,,,MISSING,,,,,MISSING
404,1053486,129449,3734,Zn,Zinc,Eurytemora affinis,Calanoida,,4,Static,Total,,4090,3170,4960,ug/L,4090,ug/L,20,30,,,Unpublished Laboratory Data,PRIMARY_KEEP,Eligible copepod LC50 candidate,65.38,ECOTOX_STANDARDIZED_TARGET_METAL,4.09,62.55735698990517,4.136083847740783,HARMONIZED,ECOTOX standardized concentration used; for metal salts ECOTOX generally expresses concentration as active ionic form.,CORE,YES,20,,,C,EXISTING_MEAN_PRESERVED,30,,,0/00,EXISTING_MEAN_PRESERVED,,,,,MISSING,,,,,MISSING
405,1053483,129446,3734,Zn,Zinc,Acartia tonsa,Calanoida,,4,Static,Total,,290,180,440,ug/L,290,ug/L,20,30,,,Unpublished Laboratory Data,PRIMARY_KEEP,Eligible copepod LC50 candidate,65.38,ECOTOX_STANDARDIZED_TARGET_METAL,0.29,4.4356072193331295,1.4896645216844553,HARMONIZED,ECOTOX standardized concentration used; for metal salts ECOTOX generally expresses concentration as active ionic form.,CORE,YES,20,,,C,EXISTING_MEAN_PRESERVED,30,,,0/00,EXISTING_MEAN_PRESERVED,,,,,MISSING,,,,,MISSING
410,2154475,2295509,166814,Cu,Copper chloride (CuCl2),Tigriopus fulvus,Harpacticoida,Nauplii,4,Static,Total,,50,,,ug/L,50,ug/L,20,38,,,"Toxicity Assessment of Copper, Pentachlorophenol and Phenanthrene by Lethal and Sublethal Endpoints on Nauplii of Tigriopus fulvus",PRIMARY_KEEP,Eligible copepod LC50 candidate,63.546,ECOTOX_STANDARDIZED_TARGET_METAL,0.05,0.7868315865672112,-0.23974104766144105,HARMONIZED,ECOTOX standardized concentration used; for metal salts ECOTOX generally expresses concentration as active ionic form.,CORE,YES,20,,,C,EXISTING_MEAN_PRESERVED,38,,,0/00,EXISTING_MEAN_PRESERVED,,,,,MISSING,,,,,MISSING
501,2148070,2282197,169914,Cu,Copper chloride (CuCl2),Tigriopus fulvus,Harpacticoida,Nauplii,4,"Aquatic, unspecified",Total,,0.14,,,mg/L,0.14,mg/L,,,,,Preliminary Assessment of Ostreopsis cfr. ovata Acute Toxicity by Using a Battery Bioassay,PRIMARY_KEEP,Eligible copepod LC50 candidate,63.546,ECOTOX_STANDARDIZED_TARGET_METAL,0.14,2.2031284423881914,0.7898783695197172,HARMONIZED,ECOTOX standardized concentration used; for metal salts ECOTOX generally expresses concentration as active ionic form.,CORE,YES,,,,,MISSING,,,,,MISSING,,,,,MISSING,,,,,MISSING
531,2142112,2267554,166161,Cu,Copper chloride (CuCl2),Amphiascoides atopus,Harpacticoida,Adult,4,"Aquatic, unspecified",Dissolved,,334.24,280.6,396.1,ug/L,334.24,ug/L,,30,,,Dietary Carotenoids Regulate Astaxanthin Content of Copepods and Modulate Their Susceptibility to UV Light and Copper Toxicity,PRIMARY_KEEP,Eligible copepod LC50 candidate,63.546,ECOTOX_STANDARDIZED_TARGET_METAL,0.33424,5.259811789884493,1.6600952447186685,HARMONIZED,ECOTOX standardized concentration used; for metal salts ECOTOX generally expresses concentration as active ionic form.,CORE,YES,,,,,MISSING,30,,,0/00,EXISTING_MEAN_PRESERVED,,,,,MISSING,,,,,MISSING
541,1202376,128159,18395,Cu,Copper chloride (CuCl2),Eurytemora affinis,Calanoida,Nauplii,4,Renewal,Dissolved,,69.4,60.7,79.45,ug/L,69.4,ug/L,24.55,15.5,8.350000000000001,,Acute and Chronic Toxicity of Copper to the Estuarine Copepod Eurytemora affinis: Influence of Organic Complexation and Speciation,PRIMARY_KEEP,Eligible copepod LC50 candidate,63.546,ECOTOX_STANDARDIZED_TARGET_METAL,0.0694,1.0921222421552892,0.08812281442317174,HARMONIZED,ECOTOX standardized concentration used; for metal salts ECOTOX generally expresses concentration as active ionic form.,CORE,YES,,24,25.1,C,RAW_RANGE_MIDPOINT_RECOVERED,,15,16,0/00,RAW_RANGE_MIDPOINT_RECOVERED,,7.9,8.8,,RAW_RANGE_MIDPOINT_RECOVERED,,,,,MISSING
545,2145455,2274198,169337,Cu,Copper chloride (CuCl2),Nitocra spinipes,Harpacticoida,,4,Static,Total,,2100,1800,2700,ug/L,2100,ug/L,22,7,8.2,,Comparison of Toxicity and Release Rates of Cu and Zn from Anti-Fouling Paints Leached in Natural and Artificial Brackish Seawater,PRIMARY_KEEP,Eligible copepod LC50 candidate,63.546,ECOTOX_STANDARDIZED_TARGET_METAL,2.1,33.04692663582287,3.4979285706219274,HARMONIZED,ECOTOX standardized concentration used; for metal salts ECOTOX generally expresses concentration as active ionic form.,CORE,YES,22,,,C,EXISTING_MEAN_PRESERVED,7,,,0/00,EXISTING_MEAN_PRESERVED,8.2,,,,EXISTING_MEAN_PRESERVED,,,,,MISSING
548,2140664,2263491,166133,Cu,Copper chloride (CuCl2),Acartia tonsa,Calanoida,Multiple,2,Renewal,Dissolved,,67.4,43.2,92.9,ug/L,67.4,ug/L,20,15,7.21,0.1,Acute Waterborne Copper Toxicity to the Euryhaline Copepod Acartia tonsa at Different Salinities:  Influence of Natural Freshwater and Marine Dissolved Organic Matter,PRIMARY_KEEP,Eligible copepod LC50 candidate,63.546,ECOTOX_STANDARDIZED_TARGET_METAL,0.0674,1.0606489786926008,0.05888096482867431,HARMONIZED,ECOTOX standardized concentration used; for metal salts ECOTOX generally expresses concentration as active ionic form.,CORE,YES,20,,,C,EXISTING_MEAN_PRESERVED,15,,,0/00,EXISTING_MEAN_PRESERVED,7.21,,,,EXISTING_MEAN_PRESERVED,0.1,,,mg/L,EXISTING_MEAN_PRESERVED
552,1312979,770475,107036,Cu,Copper chloride (CuCl2),Eurytemora affinis,Calanoida,Nauplii,4,Static,Dissolved,,104,94.2,109,ug/L,104,ug/L,24.9,5,8.375,2.915,"The Influence of Salinity and Dissolved Organic Carbon on the Toxicity of Copper to the Estuarine Copepod, Eurytemora affinis",PRIMARY_KEEP,Eligible copepod LC50 candidate,63.546,ECOTOX_STANDARDIZED_TARGET_METAL,0.104,1.6366097000597992,0.4926268460517855,HARMONIZED,ECOTOX standardized concentration used; for metal salts ECOTOX generally expresses concentration as active ionic form.,CORE,YES,,24.5,25.3,C,RAW_RANGE_MIDPOINT_RECOVERED,5,,,0/00,EXISTING_MEAN_PRESERVED,,8.25,8.5,,RAW_RANGE_MIDPOINT_RECOVERED,,2.77,3.06,mg/L,RAW_RANGE_MIDPOINT_RECOVERED
562,1202375,76832,18395,Cu,Copper chloride (CuCl2),Eurytemora affinis,Calanoida,Nauplii,2,Static,Dissolved,,83,75.31,91.68,ug/L,83,ug/L,24.35,14,8.3,,Acute and Chronic Toxicity of Copper to the Estuarine Copepod Eurytemora affinis: Influence of Organic Complexation and Speciation,PRIMARY_KEEP,Eligible copepod LC50 candidate,63.546,ECOTOX_STANDARDIZED_TARGET_METAL,0.083,1.3061404337015705,0.26707655470701075,HARMONIZED,ECOTOX standardized concentration used; for metal salts ECOTOX generally expresses concentration as active ionic form.,CORE,YES,,24.1,24.6,C,RAW_RANGE_MIDPOINT_RECOVERED,14,,,0/00,EXISTING_MEAN_PRESERVED,,7.9,8.7,,RAW_RANGE_MIDPOINT_RECOVERED,,,,,MISSING
567,1300832,756507,115854,Cu,Copper chloride (CuCl2),Tigriopus japonicus,Harpacticoida,Adult,4,"Aquatic, unspecified",Total,,813,,,ug/L,813,ug/L,25,33,8.25,,Copper Toxicity in the Marine Copepod Tigropus japonicus:  Low Variability and High Reproducibility of Repeated Acute and Life-Cycle Tests,PRIMARY_KEEP,Eligible copepod LC50 candidate,63.546,ECOTOX_STANDARDIZED_TARGET_METAL,0.813,12.793881597582853,2.548967056458223,HARMONIZED,ECOTOX standardized concentration used; for metal salts ECOTOX generally expresses concentration as active ionic form.,CORE,YES,25,,,C,EXISTING_MEAN_PRESERVED,33,,,0/00,EXISTING_MEAN_PRESERVED,,8.1,8.4,,RAW_RANGE_MIDPOINT_RECOVERED,,,,,MISSING
576,1312981,770477,107036,Cu,Copper chloride (CuCl2),Eurytemora affinis,Calanoida,Nauplii,4,Static,Dissolved,,58.1,52,64.9,ug/L,58.1,ug/L,25,25,8.4,1.5,"The Influence of Salinity and Dissolved Organic Carbon on the Toxicity of Copper to the Estuarine Copepod, Eurytemora affinis",PRIMARY_KEEP,Eligible copepod LC50 candidate,63.546,ECOTOX_STANDARDIZED_TARGET_METAL,0.0581,0.9142983035910994,-0.08959838923172156,HARMONIZED,ECOTOX standardized concentration used; for metal salts ECOTOX generally expresses concentration as active ionic form.,CORE,YES,25,,,C,EXISTING_MEAN_PRESERVED,25,,,0/00,EXISTING_MEAN_PRESERVED,,8.06,8.74,,RAW_RANGE_MIDPOINT_RECOVERED,,1.4,1.6,mg/L,RAW_RANGE_MIDPOINT_RECOVERED
577,2140665,2263492,166133,Cu,Copper chloride (CuCl2),Acartia tonsa,Calanoida,Multiple,2,Renewal,Dissolved,,108.7,79.3,128.2,ug/L,108.7,ug/L,20,30,7.49,0.1,Acute Waterborne Copper Toxicity to the Euryhaline Copepod Acartia tonsa at Different Salinities:  Influence of Natural Freshwater and Marine Dissolved Organic Matter,PRIMARY_KEEP,Eligible copepod LC50 candidate,63.546,ECOTOX_STANDARDIZED_TARGET_METAL,0.1087,1.710571869197117,0.5368277410375766,HARMONIZED,ECOTOX standardized concentration used; for metal salts ECOTOX generally expresses concentration as active ionic form.,CORE,YES,20,,,C,EXISTING_MEAN_PRESERVED,30,,,0/00,EXISTING_MEAN_PRESERVED,7.49,,,,EXISTING_MEAN_PRESERVED,0.1,,,mg/L,EXISTING_MEAN_PRESERVED
584,2140661,2263489,166133,Cu,Copper chloride (CuCl2),Acartia tonsa,Calanoida,Multiple,2,Renewal,Dissolved,,41.8,33.2,52.2,ug/L,41.8,ug/L,20,5,6.88,0.1,Acute Waterborne Copper Toxicity to the Euryhaline Copepod Acartia tonsa at Different Salinities:  Influence of Natural Freshwater and Marine Dissolved Organic Matter,PRIMARY_KEEP,Eligible copepod LC50 candidate,63.546,ECOTOX_STANDARDIZED_TARGET_METAL,0.0418,0.6577912063701885,-0.4188677135588766,HARMONIZED,ECOTOX standardized concentration used; for metal salts ECOTOX generally expresses concentration as active ionic form.,CORE,YES,20,,,C,EXISTING_MEAN_PRESERVED,5,,,0/00,EXISTING_MEAN_PRESERVED,6.88,,,,EXISTING_MEAN_PRESERVED,0.1,,,mg/L,EXISTING_MEAN_PRESERVED
588,1193934,181507,17398,Cu,Copper chloride (CuCl2),Acartia tonsa,Calanoida,,4,Static,Total,,10,,,ug/L,10,ug/L,13.5,33.5,7.9,,Acute Effects of (bis)Tributyltin Oxide on Marine Organisms,PRIMARY_KEEP,Eligible copepod LC50 candidate,63.546,ECOTOX_STANDARDIZED_TARGET_METAL,0.01,0.15736631731344222,-1.8491789600955415,HARMONIZED,ECOTOX standardized concentration used; for metal salts ECOTOX generally expresses concentration as active ionic form.,CORE,YES,,13,14,C,RAW_RANGE_MIDPOINT_RECOVERED,,33,34,0/00,RAW_RANGE_MIDPOINT_RECOVERED,,7.7,8.1,,RAW_RANGE_MIDPOINT_RECOVERED,,,,,MISSING
590,1312980,770476,107036,Cu,Copper chloride (CuCl2),Eurytemora affinis,Calanoida,Nauplii,4,Static,Dissolved,,67.6,55.1,82.9,ug/L,67.6,ug/L,24.85,15,8.440000000000001,2.1,"The Influence of Salinity and Dissolved Organic Carbon on the Toxicity of Copper to the Estuarine Copepod, Eurytemora affinis",PRIMARY_KEEP,Eligible copepod LC50 candidate,63.546,ECOTOX_STANDARDIZED_TARGET_METAL,0.0676,1.0637963050388695,0.06184392995933122,HARMONIZED,ECOTOX standardized concentration used; for metal salts ECOTOX generally expresses concentration as active ionic form.,CORE,YES,,24.5,25.2,C,RAW_RANGE_MIDPOINT_RECOVERED,15,,,0/00,EXISTING_MEAN_PRESERVED,,8.25,8.63,,RAW_RANGE_MIDPOINT_RECOVERED,,2,2.2,mg/L,RAW_RANGE_MIDPOINT_RECOVERED
600,1078445,130922,6045,Hg,Mercury chloride (HgCl2),Euchaeta marina,Calanoida,,1,Static,Total,,50,,,ppb,50,ppb,17,31.5,,,A Controlled Environmental Pollution Experiment (CEPEX) and Its Usefulness in the Study of Larger Marine Zooplankton Under Toxic Stress,PRIMARY_KEEP,Eligible copepod LC50 candidate,200.592,ECOTOX_STANDARDIZED_TARGET_METAL,0.05,0.24926218393555075,-1.3892499889455232,HARMONIZED,ECOTOX standardized concentration used; for metal salts ECOTOX generally expresses concentration as active ionic form.,EXPLORATORY,NO,,13,21,C,RAW_RANGE_MIDPOINT_RECOVERED,,27,36,0/00,RAW_RANGE_MIDPOINT_RECOVERED,,,,,MISSING,,,,,MISSING
745,1078444,130921,6045,Hg,Mercury chloride (HgCl2),Labidocera scotti,Calanoida,,1,Static,Total,,31,,,ppb,31,ppb,17,31.5,,,A Controlled Environmental Pollution Experiment (CEPEX) and Its Usefulness in the Study of Larger Marine Zooplankton Under Toxic Stress,PRIMARY_KEEP,Eligible copepod LC50 candidate,200.592,ECOTOX_STANDARDIZED_TARGET_METAL,0.031,0.15454255404004147,-1.8672857898885231,HARMONIZED,ECOTOX standardized concentration used; for metal salts ECOTOX generally expresses concentration as active ionic form.,EXPLORATORY,NO,,13,21,C,RAW_RANGE_MIDPOINT_RECOVERED,,27,36,0/00,RAW_RANGE_MIDPOINT_RECOVERED,,,,,MISSING,,,,,MISSING
785,1035611,29495,2183,Hg,Mercury chloride (HgCl2),Nitocra spinipes,Harpacticoida,Adult,4,Static,Total,,230,180,290,ug/L,230,ug/L,20,7,8,,Use of a Harpacticoid Copepod in Toxicity Tests,PRIMARY_KEEP,Eligible copepod LC50 candidate,200.592,ECOTOX_STANDARDIZED_TARGET_METAL,0.23,1.1466060461035334,0.13680631454952602,HARMONIZED,ECOTOX standardized concentration used; for metal salts ECOTOX generally expresses concentration as active ionic form.,EXPLORATORY,NO,20,,,C,EXISTING_MEAN_PRESERVED,7,,,0/00,EXISTING_MEAN_PRESERVED,8,,,,EXISTING_MEAN_PRESERVED,,,,,MISSING
788,1078429,100481,6045,Hg,Mercury chloride (HgCl2),Acartia tonsa,Calanoida,Nauplii,1,Static,Total,,3,,,ppb,3,ppb,17,31.5,,,A Controlled Environmental Pollution Experiment (CEPEX) and Its Usefulness in the Study of Larger Marine Zooplankton Under Toxic Stress,PRIMARY_KEEP,Eligible copepod LC50 candidate,200.592,ECOTOX_STANDARDIZED_TARGET_METAL,0.003,0.014955731036133044,-4.20266070570556,HARMONIZED,ECOTOX standardized concentration used; for metal salts ECOTOX generally expresses concentration as active ionic form.,EXPLORATORY,NO,,13,21,C,RAW_RANGE_MIDPOINT_RECOVERED,,27,36,0/00,RAW_RANGE_MIDPOINT_RECOVERED,,,,,MISSING,,,,,MISSING
789,1078428,94768,6045,Hg,Mercury chloride (HgCl2),Acartia tonsa,Calanoida,Adult,1,Static,Total,,34,,,ppb,34,ppb,17,31.5,,,A Controlled Environmental Pollution Experiment (CEPEX) and Its Usefulness in the Study of Larger Marine Zooplankton Under Toxic Stress,PRIMARY_KEEP,Eligible copepod LC50 candidate,200.592,ECOTOX_STANDARDIZED_TARGET_METAL,0.034,0.1694982850761745,-1.774912469757508,HARMONIZED,ECOTOX standardized concentration used; for metal salts ECOTOX generally expresses concentration as active ionic form.,EXPLORATORY,NO,,13,21,C,RAW_RANGE_MIDPOINT_RECOVERED,,27,36,0/00,RAW_RANGE_MIDPOINT_RECOVERED,,,,,MISSING,,,,,MISSING
807,1070631,12736,5563,Zn,Zinc chloride (ZnCl2),Scutellidium sp.,Harpacticoida,Multiple,1,Static,Total,,1090,900,1290,ug/L,1090,ug/L,17,35,,,"Acute Toxicity of Copper, Cadmium and Zinc to Three Species of Marine Copepod",PRIMARY_KEEP,Eligible copepod LC50 candidate,65.38,ECOTOX_STANDARDIZED_TARGET_METAL,1.09,16.67176506576935,2.813716573927125,HARMONIZED,ECOTOX standardized concentration used; for metal salts ECOTOX generally expresses concentration as active ionic form.,CORE,YES,17,,,C,EXISTING_MEAN_PRESERVED,,34.5,35.5,0/00,RAW_RANGE_MIDPOINT_RECOVERED,,,,,MISSING,,,,,MISSING
818,1053651,133692,3744,Zn,Zinc chloride (ZnCl2),Pseudodiaptomus coronatus,Calanoida,Adult,3,Static,Total,,3150,2475,4142,ug/L,3150,ug/L,15,30,,,"Results of Acute Toxicity Tests Conducted with Zinc at ERL, Narragansett",PRIMARY_KEEP,Eligible copepod LC50 candidate,65.38,ECOTOX_STANDARDIZED_TARGET_METAL,3.15,48.179871520342616,3.8749413305236144,HARMONIZED,ECOTOX standardized concentration used; for metal salts ECOTOX generally expresses concentration as active ionic form.,CORE,YES,15,,,C,EXISTING_MEAN_PRESERVED,30,,,0/00,EXISTING_MEAN_PRESERVED,,,,,MISSING,,,,,MISSING
822,1053652,133693,3744,Zn,Zinc chloride (ZnCl2),Pseudodiaptomus coronatus,Calanoida,Adult,4,Static,Total,,1783,,,ug/L,1783,ug/L,15,30,,,"Results of Acute Toxicity Tests Conducted with Zinc at ERL, Narragansett",PRIMARY_KEEP,Eligible copepod LC50 candidate,65.38,ECOTOX_STANDARDIZED_TARGET_METAL,1.783,27.271336800244725,3.305836216567076,HARMONIZED,ECOTOX standardized concentration used; for metal salts ECOTOX generally expresses concentration as active ionic form.,CORE,YES,15,,,C,EXISTING_MEAN_PRESERVED,30,,,0/00,EXISTING_MEAN_PRESERVED,,,,,MISSING,,,,,MISSING
827,1070630,12735,5563,Zn,Zinc chloride (ZnCl2),Paracalanus parvus,Calanoida,Multiple,1,Static,Total,,1380,1060,1750,ug/L,1380,ug/L,17,35,,,"Acute Toxicity of Copper, Cadmium and Zinc to Three Species of Marine Copepod",PRIMARY_KEEP,Eligible copepod LC50 candidate,65.38,ECOTOX_STANDARDIZED_TARGET_METAL,1.38,21.10737228510248,3.049622376855186,HARMONIZED,ECOTOX standardized concentration used; for metal salts ECOTOX generally expresses concentration as active ionic form.,CORE,YES,17,,,C,EXISTING_MEAN_PRESERVED,,34.5,35.5,0/00,RAW_RANGE_MIDPOINT_RECOVERED,,,,,MISSING,,,,,MISSING
832,1070629,12734,5563,Zn,Zinc chloride (ZnCl2),Acartia simplex,Calanoida,Multiple,1,Static,Total,,1860,1470,3880,ug/L,1860,ug/L,17,35,,,"Acute Toxicity of Copper, Cadmium and Zinc to Three Species of Marine Copepod",PRIMARY_KEEP,Eligible copepod LC50 candidate,65.38,ECOTOX_STANDARDIZED_TARGET_METAL,1.86,28.449066992964212,3.3481153654111826,HARMONIZED,ECOTOX standardized concentration used; for metal salts ECOTOX generally expresses concentration as active ionic form.,CORE,YES,17,,,C,EXISTING_MEAN_PRESERVED,,34.5,35.5,0/00,RAW_RANGE_MIDPOINT_RECOVERED,,,,,MISSING,,,,,MISSING
863,2145457,2274200,169337,Zn,Zinc chloride (ZnCl2),Nitocra spinipes,Harpacticoida,,4,Static,Total,,890,750,1100,ug/L,890,ug/L,22,7,8.2,,Comparison of Toxicity and Release Rates of Cu and Zn from Anti-Fouling Paints Leached in Natural and Artificial Brackish Seawater,PRIMARY_KEEP,Eligible copepod LC50 candidate,65.38,ECOTOX_STANDARDIZED_TARGET_METAL,0.89,13.612725604160294,2.611005061430121,HARMONIZED,ECOTOX standardized concentration used; for metal salts ECOTOX generally expresses concentration as active ionic form.,CORE,YES,22,,,C,EXISTING_MEAN_PRESERVED,7,,,0/00,EXISTING_MEAN_PRESERVED,8.2,,,,EXISTING_MEAN_PRESERVED,,,,,MISSING
871,1053649,133690,3744,Zn,Zinc chloride (ZnCl2),Acartia clausi,Calanoida,Adult,4,Static,Total,,950,,,ug/L,950,ug/L,10,30,,,"Results of Acute Toxicity Tests Conducted with Zinc at ERL, Narragansett",PRIMARY_KEEP,Eligible copepod LC50 candidate,65.38,ECOTOX_STANDARDIZED_TARGET_METAL,0.95,14.530437442643011,2.676245583298522,HARMONIZED,ECOTOX standardized concentration used; for metal salts ECOTOX generally expresses concentration as active ionic form.,CORE,YES,10,,,C,EXISTING_MEAN_PRESERVED,30,,,0/00,EXISTING_MEAN_PRESERVED,,,,,MISSING,,,,,MISSING
875,1295983,751247,111315,Zn,Zinc chloride (ZnCl2),Tigriopus japonicus,Harpacticoida,Adult,4,Renewal,Total,,7.8,5.42,11.34,mg/L,7.8,mg/L,20,32,7.9,,Acute Toxicities of Trace Metals and Common Xenobiotics to the Marine Copepod Tigriopus japonicus:  Evaluation of Its Use as a Benchmark Species for Routine Ecotoxicity Tests in Western Pacific Coastal Regions,PRIMARY_KEEP,Eligible copepod LC50 candidate,65.38,ECOTOX_STANDARDIZED_TARGET_METAL,7.8,119.30253900275315,4.781662611381619,HARMONIZED,ECOTOX standardized concentration used; for metal salts ECOTOX generally expresses concentration as active ionic form.,CORE,YES,20,,,C,EXISTING_MEAN_PRESERVED,32,,,0/00,EXISTING_MEAN_PRESERVED,7.9,,,,EXISTING_MEAN_PRESERVED,,,,,MISSING
876,1035615,41944,2183,Zn,Zinc chloride (ZnCl2),Nitocra spinipes,Harpacticoida,Adult,4,Static,Total,,1450,930,2260,ug/L,1450,ug/L,20,7,,,Use of a Harpacticoid Copepod in Toxicity Tests,PRIMARY_KEEP,Eligible copepod LC50 candidate,65.38,ECOTOX_STANDARDIZED_TARGET_METAL,1.45,22.17803609666565,3.0991024341185556,HARMONIZED,ECOTOX standardized concentration used; for metal salts ECOTOX generally expresses concentration as active ionic form.,CORE,YES,20,,,C,EXISTING_MEAN_PRESERVED,7,,,0/00,EXISTING_MEAN_PRESERVED,,,,,MISSING,,,,,MISSING
878,1053653,133694,3744,Zn,Zinc chloride (ZnCl2),Eurytemora affinis,Calanoida,Adult,4,Static,Total,,4090,,,ug/L,4090,ug/L,15,30,,,"Results of Acute Toxicity Tests Conducted with Zinc at ERL, Narragansett",PRIMARY_KEEP,Eligible copepod LC50 candidate,65.38,ECOTOX_STANDARDIZED_TARGET_METAL,4.09,62.55735698990517,4.136083847740783,HARMONIZED,ECOTOX standardized concentration used; for metal salts ECOTOX generally expresses concentration as active ionic form.,CORE,YES,15,,,C,EXISTING_MEAN_PRESERVED,30,,,0/00,EXISTING_MEAN_PRESERVED,,,,,MISSING,,,,,MISSING
881,1037878,104483,2332,Zn,Zinc chloride (ZnCl2),Nitocra spinipes,Harpacticoida,,4,Flow-through,Total,,1300,980,1730,ug/L,1300,ug/L,,7,,,A Flowthrough Fecundity Test with Nitocra spinipes (Harpacticoidea Crustacea) for Aquatic Toxicity,PRIMARY_KEEP,Eligible copepod LC50 candidate,65.38,ECOTOX_STANDARDIZED_TARGET_METAL,1.3,19.88375650045886,2.9899031421535636,HARMONIZED,ECOTOX standardized concentration used; for metal salts ECOTOX generally expresses concentration as active ionic form.,CORE,YES,,,,,MISSING,7,,,0/00,EXISTING_MEAN_PRESERVED,,,,,MISSING,,,,,MISSING
884,1053650,133691,3744,Zn,Zinc chloride (ZnCl2),Acartia clausi,Calanoida,Adult,3,Static,Total,,707.1,591.5,845.3,ug/L,707.1,ug/L,15,30,,,"Results of Acute Toxicity Tests Conducted with Zinc at ERL, Narragansett",PRIMARY_KEEP,Eligible copepod LC50 candidate,65.38,ECOTOX_STANDARDIZED_TARGET_METAL,0.7071000000000001,10.815234016518815,2.3809556973141306,HARMONIZED,ECOTOX standardized concentration used; for metal salts ECOTOX generally expresses concentration as active ionic form.,CORE,YES,15,,,C,EXISTING_MEAN_PRESERVED,30,,,0/00,EXISTING_MEAN_PRESERVED,,,,,MISSING,,,,,MISSING
887,1053654,133695,3744,Zn,Zinc chloride (ZnCl2),Acartia tonsa,Calanoida,Adult,4,Static,Total,,294.2,196.1,428,ug/L,294.2,ug/L,20,30,,,"Results of Acute Toxicity Tests Conducted with Zinc at ERL, Narragansett",PRIMARY_KEEP,Eligible copepod LC50 candidate,65.38,ECOTOX_STANDARDIZED_TARGET_METAL,0.29419999999999996,4.499847048026919,1.5040434068712725,HARMONIZED,ECOTOX standardized concentration used; for metal salts ECOTOX generally expresses concentration as active ionic form.,CORE,YES,20,,,C,EXISTING_MEAN_PRESERVED,30,,,0/00,EXISTING_MEAN_PRESERVED,,,,,MISSING,,,,,MISSING
899,1054979,131353,3826,Ni,Nickel chloride (NiCl2),Pseudodiaptomus coronatus,Calanoida,Adult,3,Static,Total,,14.573,10.85,19.163,ppm,14.573,ppm,15,30,,,"Results of Acute Toxicity Tests Conducted with Nickel at ERL, Narragansett",PRIMARY_KEEP,Eligible copepod LC50 candidate,58.6934,ECOTOX_STANDARDIZED_TARGET_METAL,14.573,248.29026773027292,5.5145984961369034,HARMONIZED,ECOTOX standardized concentration used; for metal salts ECOTOX generally expresses concentration as active ionic form.,DESCRIPTIVE,NO,15,,,C,EXISTING_MEAN_PRESERVED,30,,,0/00,EXISTING_MEAN_PRESERVED,,,,,MISSING,,,,,MISSING
913,1054981,131355,3826,Ni,Nickel chloride (NiCl2),Eurytemora affinis,Calanoida,Adult,4,Static,Total,,13.182,11.566,14.981,ppm,13.182,ppm,15,30,,,"Results of Acute Toxicity Tests Conducted with Nickel at ERL, Narragansett",PRIMARY_KEEP,Eligible copepod LC50 candidate,58.6934,ECOTOX_STANDARDIZED_TARGET_METAL,13.182,224.5908398559293,5.4142802572158715,HARMONIZED,ECOTOX standardized concentration used; for metal salts ECOTOX generally expresses concentration as active ionic form.,DESCRIPTIVE,NO,15,,,C,EXISTING_MEAN_PRESERVED,30,,,0/00,EXISTING_MEAN_PRESERVED,,,,,MISSING,,,,,MISSING
915,2030265,2047702,3826,Ni,Nickel chloride (NiCl2),Acartia tonsa,Calanoida,Adult,3,Static,Total,,0.747,0.5,1.04,ppm,0.747,ppm,20,30,,,"Results of Acute Toxicity Tests Conducted with Nickel at ERL, Narragansett",PRIMARY_KEEP,Eligible copepod LC50 candidate,58.6934,ECOTOX_STANDARDIZED_TARGET_METAL,0.747,12.727155012318251,2.5437379007360237,HARMONIZED,ECOTOX standardized concentration used; for metal salts ECOTOX generally expresses concentration as active ionic form.,DESCRIPTIVE,NO,20,,,C,EXISTING_MEAN_PRESERVED,30,,,0/00,EXISTING_MEAN_PRESERVED,,,,,MISSING,,,,,MISSING
918,2319264,2802768,193873,Ni,Nickel chloride (NiCl2),Tigriopus japonicus,Harpacticoida,Neonate,4,Renewal,Dissolved,,4300,3610,5090,ug/L,4300,ug/L,27,33.25,8.195,,Acute and Chronic Toxicity of Nickel on Freshwater and Marine Tropical Aquatic Organisms,PRIMARY_KEEP,Eligible copepod LC50 candidate,58.6934,ECOTOX_STANDARDIZED_TARGET_METAL,4.3,73.26207035203277,4.29404301728486,HARMONIZED,ECOTOX standardized concentration used; for metal salts ECOTOX generally expresses concentration as active ionic form.,DESCRIPTIVE,NO,27,,,C,EXISTING_MEAN_PRESERVED,,33.2,33.3,0/00,RAW_RANGE_MIDPOINT_RECOVERED,,8.18,8.21,,RAW_RANGE_MIDPOINT_RECOVERED,,,,,MISSING
933,1054980,131354,3826,Ni,Nickel chloride (NiCl2),Eurytemora affinis,Calanoida,Adult,4,Static,Total,,9.593,7.098,13.252,ppm,9.593,ppm,15,30,,,"Results of Acute Toxicity Tests Conducted with Nickel at ERL, Narragansett",PRIMARY_KEEP,Eligible copepod LC50 candidate,58.6934,ECOTOX_STANDARDIZED_TARGET_METAL,9.593,163.44256764815125,5.096461660421154,HARMONIZED,ECOTOX standardized concentration used; for metal salts ECOTOX generally expresses concentration as active ionic form.,DESCRIPTIVE,NO,15,,,C,EXISTING_MEAN_PRESERVED,30,,,0/00,EXISTING_MEAN_PRESERVED,,,,,MISSING,,,,,MISSING
935,1054977,131351,3826,Ni,Nickel chloride (NiCl2),Acartia clausi,Calanoida,Adult,4,Static,Total,,3.466,2.821,4.317,ppm,3.466,ppm,20,30,,,"Results of Acute Toxicity Tests Conducted with Nickel at ERL, Narragansett",PRIMARY_KEEP,Eligible copepod LC50 candidate,58.6934,ECOTOX_STANDARDIZED_TARGET_METAL,3.466,59.05263624189432,4.078429185878758,HARMONIZED,ECOTOX standardized concentration used; for metal salts ECOTOX generally expresses concentration as active ionic form.,DESCRIPTIVE,NO,20,,,C,EXISTING_MEAN_PRESERVED,30,,,0/00,EXISTING_MEAN_PRESERVED,,,,,MISSING,,,,,MISSING
952,1035629,54870,2183,Ni,Nickel chloride (NiCl2),Nitocra spinipes,Harpacticoida,Adult,4,Static,Total,,6000,3900,9100,ug/L,6000,ug/L,20,7,8,,Use of a Harpacticoid Copepod in Toxicity Tests,PRIMARY_KEEP,Eligible copepod LC50 candidate,58.6934,ECOTOX_STANDARDIZED_TARGET_METAL,6,102.22614467725504,4.6271874638133985,HARMONIZED,ECOTOX standardized concentration used; for metal salts ECOTOX generally expresses concentration as active ionic form.,DESCRIPTIVE,NO,20,,,C,EXISTING_MEAN_PRESERVED,7,,,0/00,EXISTING_MEAN_PRESERVED,8,,,,EXISTING_MEAN_PRESERVED,,,,,MISSING
963,1054978,131352,3826,Ni,Nickel chloride (NiCl2),Acartia clausi,Calanoida,Adult,3,Static,Total,,6.006,4.095,8.696,ppm,6.006,ppm,15,30,,,"Results of Acute Toxicity Tests Conducted with Nickel at ERL, Narragansett",PRIMARY_KEEP,Eligible copepod LC50 candidate,58.6934,ECOTOX_STANDARDIZED_TARGET_METAL,6.006,102.32837082193228,4.628186964146482,HARMONIZED,ECOTOX standardized concentration used; for metal salts ECOTOX generally expresses concentration as active ionic form.,DESCRIPTIVE,NO,15,,,C,EXISTING_MEAN_PRESERVED,30,,,0/00,EXISTING_MEAN_PRESERVED,,,,,MISSING,,,,,MISSING
972,1096430,121126,6825,Zn,"Sulfuric acid, Zinc salt (1:1)",Temora stylifera,Calanoida,Adult,2,Static,Total,,30,23,35,ug/L,30,ug/L,25,25,,,Toxicity Testing with Coastal Species of Southeastern Brazil. Mysids and Copepods,PRIMARY_KEEP,Eligible copepod LC50 candidate,65.38,ECOTOX_STANDARDIZED_TARGET_METAL,0.03,0.45885591924135827,-0.7790190196339091,HARMONIZED,ECOTOX standardized concentration used; for metal salts ECOTOX generally expresses concentration as active ionic form.,CORE,YES,25,,,C,EXISTING_MEAN_PRESERVED,25,,,0/00,EXISTING_MEAN_PRESERVED,,,,,MISSING,,,,,MISSING
983,1096428,121124,6825,Zn,"Sulfuric acid, Zinc salt (1:1)",Temora stylifera,Calanoida,Adult,2,Static,Total,,90,60,120,ug/L,90,ug/L,25,33.5,,,Toxicity Testing with Coastal Species of Southeastern Brazil. Mysids and Copepods,PRIMARY_KEEP,Eligible copepod LC50 candidate,65.38,ECOTOX_STANDARDIZED_TARGET_METAL,0.09,1.3765677577240747,0.31959326903420054,HARMONIZED,ECOTOX standardized concentration used; for metal salts ECOTOX generally expresses concentration as active ionic form.,CORE,YES,25,,,C,EXISTING_MEAN_PRESERVED,33.5,,,0/00,EXISTING_MEAN_PRESERVED,,,,,MISSING,,,,,MISSING
997,1096431,121127,6825,Zn,"Sulfuric acid, Zinc salt (1:1)",Temora stylifera,Calanoida,Adult,2,Static,Total,,23,4,36,ug/L,23,ug/L,25,28,,,Toxicity Testing with Coastal Species of Southeastern Brazil. Mysids and Copepods,PRIMARY_KEEP,Eligible copepod LC50 candidate,65.38,ECOTOX_STANDARDIZED_TARGET_METAL,0.023,0.3517895380850413,-1.0447221853669149,HARMONIZED,ECOTOX standardized concentration used; for metal salts ECOTOX generally expresses concentration as active ionic form.,CORE,YES,25,,,C,EXISTING_MEAN_PRESERVED,28,,,0/00,EXISTING_MEAN_PRESERVED,,,,,MISSING,,,,,MISSING
1006,1340234,801239,111830,Zn,"Sulfuric acid, Zinc salt (1:1)",Robertsonia propinqua,Harpacticoida,Nauplii,4,Static,Total,,1.7,1.1,2.5,mg/L,1.7,mg/L,21,32,8.2,,Zinc Sulfate and Atrazine Toxicity to the Marine Harpacticoid Copepod Robertsonia propinqua,PRIMARY_KEEP,Eligible copepod LC50 candidate,65.38,ECOTOX_STANDARDIZED_TARGET_METAL,1.7,26.00183542367697,3.258167128748243,HARMONIZED,ECOTOX standardized concentration used; for metal salts ECOTOX generally expresses concentration as active ionic form.,CORE,YES,21,,,C,EXISTING_MEAN_PRESERVED,32,,,0/00,EXISTING_MEAN_PRESERVED,8.2,,,,EXISTING_MEAN_PRESERVED,,,,,MISSING
1007,1096427,121123,6825,Zn,"Sulfuric acid, Zinc salt (1:1)",Temora stylifera,Calanoida,Adult,2,Static,Total,,14,5,40,ug/L,14,ug/L,25,33.5,,,Toxicity Testing with Coastal Species of Southeastern Brazil. Mysids and Copepods,PRIMARY_KEEP,Eligible copepod LC50 candidate,65.38,ECOTOX_STANDARDIZED_TARGET_METAL,0.014,0.21413276231263384,-1.541159071680806,HARMONIZED,ECOTOX standardized concentration used; for metal salts ECOTOX generally expresses concentration as active ionic form.,CORE,YES,25,,,C,EXISTING_MEAN_PRESERVED,33.5,,,0/00,EXISTING_MEAN_PRESERVED,,,,,MISSING,,,,,MISSING
1010,1096445,130165,6825,Zn,"Sulfuric acid, Zinc salt (1:1)",Acartia lillgeborgi,Calanoida,Adult,2,Static,Total,,320,110,940,ug/L,320,ug/L,25,33.5,,,Toxicity Testing with Coastal Species of Southeastern Brazil. Mysids and Copepods,PRIMARY_KEEP,Eligible copepod LC50 candidate,65.38,ECOTOX_STANDARDIZED_TARGET_METAL,0.32,4.894463138574488,1.5881045944977077,HARMONIZED,ECOTOX standardized concentration used; for metal salts ECOTOX generally expresses concentration as active ionic form.,CORE,YES,25,,,C,EXISTING_MEAN_PRESERVED,33.5,,,0/00,EXISTING_MEAN_PRESERVED,,,,,MISSING,,,,,MISSING
1019,1340235,801240,111830,Zn,"Sulfuric acid, Zinc salt (1:1)",Robertsonia propinqua,Harpacticoida,Adult,4,Static,Total,,2.7,1.7,4.2,mg/L,2.7,mg/L,21,32,8.2,,Zinc Sulfate and Atrazine Toxicity to the Marine Harpacticoid Copepod Robertsonia propinqua,PRIMARY_KEEP,Eligible copepod LC50 candidate,65.38,ECOTOX_STANDARDIZED_TARGET_METAL,2.7,41.29703273172224,3.720790650696356,HARMONIZED,ECOTOX standardized concentration used; for metal salts ECOTOX generally expresses concentration as active ionic form.,CORE,YES,21,,,C,EXISTING_MEAN_PRESERVED,32,,,0/00,EXISTING_MEAN_PRESERVED,8.2,,,,EXISTING_MEAN_PRESERVED,,,,,MISSING
1022,1096448,130168,6825,Zn,"Sulfuric acid, Zinc salt (1:1)",Acartia lillgeborgi,Calanoida,Adult,2,Static,Formulation,,700,10,940,ug/L,700,ug/L,25,25,,,Toxicity Testing with Coastal Species of Southeastern Brazil. Mysids and Copepods,PRIMARY_RECOVERED,Nipper source-resolved Zn basis,65.38,SOURCE_VERIFIED_TARGET_ZN,0.7,10.706638115631693,2.3708639337473403,HARMONIZED,Nipper 1993 source check showed the reported concentrations are nominal Zn; formulation coding does not trigger compound-mass conversion.,CORE,YES,25,,,C,EXISTING_MEAN_PRESERVED,25,,,0/00,EXISTING_MEAN_PRESERVED,,,,,MISSING,,,,,MISSING
1027,2095611,2175506,161986,Zn,"Sulfuric acid, Zinc salt (1:1)",Quinquelaophonte sp.,Harpacticoida,Adult,4,Static,Total,,0.38,0.32,0.46,mg/L,0.38,mg/L,20,30,8.25,,"Development of a Harpacticoid Copepod Bioassay:  Selection of Species and Relative Sensitivity to Zinc, Atrazine and Phenanthrene",PRIMARY_KEEP,Eligible copepod LC50 candidate,65.38,ECOTOX_STANDARDIZED_TARGET_METAL,0.38,5.812174977057205,1.759954851424367,HARMONIZED,ECOTOX standardized concentration used; for metal salts ECOTOX generally expresses concentration as active ionic form.,CORE,YES,20,,,C,EXISTING_MEAN_PRESERVED,30,,,0/00,EXISTING_MEAN_PRESERVED,,8,8.5,,RAW_RANGE_MIDPOINT_RECOVERED,,,,,MISSING
1028,2095611,2175507,161986,Zn,"Sulfuric acid, Zinc salt (1:1)",Quinquelaophonte sp.,Harpacticoida,Adult,4,Static,Total,,1.1,0.81,1.47,mg/L,1.1,mg/L,20,30,8.25,,"Development of a Harpacticoid Copepod Bioassay:  Selection of Species and Relative Sensitivity to Zinc, Atrazine and Phenanthrene",PRIMARY_KEEP,Eligible copepod LC50 candidate,65.38,ECOTOX_STANDARDIZED_TARGET_METAL,1.1,16.8247170388498,2.8228490574903975,HARMONIZED,ECOTOX standardized concentration used; for metal salts ECOTOX generally expresses concentration as active ionic form.,CORE,YES,20,,,C,EXISTING_MEAN_PRESERVED,30,,,0/00,EXISTING_MEAN_PRESERVED,,8,8.5,,RAW_RANGE_MIDPOINT_RECOVERED,,,,,MISSING
1029,2095611,2175498,161986,Zn,"Sulfuric acid, Zinc salt (1:1)",Quinquelaophonte sp.,Harpacticoida,Adult,4,Static,Total,,0.64,0.51,0.82,mg/L,0.64,mg/L,20,30,8.25,,"Development of a Harpacticoid Copepod Bioassay:  Selection of Species and Relative Sensitivity to Zinc, Atrazine and Phenanthrene",PRIMARY_KEEP,Eligible copepod LC50 candidate,65.38,ECOTOX_STANDARDIZED_TARGET_METAL,0.64,9.788926277148976,2.281251775057653,HARMONIZED,ECOTOX standardized concentration used; for metal salts ECOTOX generally expresses concentration as active ionic form.,CORE,YES,20,,,C,EXISTING_MEAN_PRESERVED,30,,,0/00,EXISTING_MEAN_PRESERVED,,8,8.5,,RAW_RANGE_MIDPOINT_RECOVERED,,,,,MISSING
1037,1096426,121122,6825,Zn,"Sulfuric acid, Zinc salt (1:1)",Temora stylifera,Calanoida,Adult,2,Static,Formulation,,40,20,80,ug/L,40,ug/L,25,33.5,,,Toxicity Testing with Coastal Species of Southeastern Brazil. Mysids and Copepods,PRIMARY_RECOVERED,Nipper source-resolved Zn basis,65.38,SOURCE_VERIFIED_TARGET_ZN,0.04,0.611807892321811,-0.4913369471821282,HARMONIZED,Nipper 1993 source check showed the reported concentrations are nominal Zn; formulation coding does not trigger compound-mass conversion.,CORE,YES,25,,,C,EXISTING_MEAN_PRESERVED,33.5,,,0/00,EXISTING_MEAN_PRESERVED,,,,,MISSING,,,,,MISSING
1048,1096450,130170,6825,Zn,"Sulfuric acid, Zinc salt (1:1)",Acartia lillgeborgi,Calanoida,Adult,2,Static,Formulation,,890,600,1020,ug/L,890,ug/L,25,32,,,Toxicity Testing with Coastal Species of Southeastern Brazil. Mysids and Copepods,PRIMARY_RECOVERED,Nipper source-resolved Zn basis,65.38,SOURCE_VERIFIED_TARGET_ZN,0.89,13.612725604160294,2.611005061430121,HARMONIZED,Nipper 1993 source check showed the reported concentrations are nominal Zn; formulation coding does not trigger compound-mass conversion.,CORE,YES,25,,,C,EXISTING_MEAN_PRESERVED,32,,,0/00,EXISTING_MEAN_PRESERVED,,,,,MISSING,,,,,MISSING
1054,1096425,121121,6825,Zn,"Sulfuric acid, Zinc salt (1:1)",Temora stylifera,Calanoida,Adult,2,Static,Formulation,,31,10,46,ug/L,31,ug/L,25,33.5,,,Toxicity Testing with Coastal Species of Southeastern Brazil. Mysids and Copepods,PRIMARY_RECOVERED,Nipper source-resolved Zn basis,65.38,SOURCE_VERIFIED_TARGET_ZN,0.031,0.4741511165494035,-0.7462291968109183,HARMONIZED,Nipper 1993 source check showed the reported concentrations are nominal Zn; formulation coding does not trigger compound-mass conversion.,CORE,YES,25,,,C,EXISTING_MEAN_PRESERVED,33.5,,,0/00,EXISTING_MEAN_PRESERVED,,,,,MISSING,,,,,MISSING
1064,1096449,130169,6825,Zn,"Sulfuric acid, Zinc salt (1:1)",Acartia lillgeborgi,Calanoida,Adult,2,Static,Formulation,,550,0,860,ug/L,550,ug/L,25,28,,,Toxicity Testing with Coastal Species of Southeastern Brazil. Mysids and Copepods,PRIMARY_RECOVERED,Nipper source-resolved Zn basis,65.38,SOURCE_VERIFIED_TARGET_ZN,0.55,8.4123585194249,2.129701876930452,HARMONIZED,Nipper 1993 source check showed the reported concentrations are nominal Zn; formulation coding does not trigger compound-mass conversion.,CORE,YES,25,,,C,EXISTING_MEAN_PRESERVED,28,,,0/00,EXISTING_MEAN_PRESERVED,,,,,MISSING,,,,,MISSING
1068,1096446,130166,6825,Zn,"Sulfuric acid, Zinc salt (1:1)",Acartia lillgeborgi,Calanoida,Adult,2,Static,Total,,420,310,560,ug/L,420,ug/L,25,33.5,,,Toxicity Testing with Coastal Species of Southeastern Brazil. Mysids and Copepods,PRIMARY_KEEP,Eligible copepod LC50 candidate,65.38,ECOTOX_STANDARDIZED_TARGET_METAL,0.42,6.4239828693790155,1.8600383099813496,HARMONIZED,ECOTOX standardized concentration used; for metal salts ECOTOX generally expresses concentration as active ionic form.,CORE,YES,25,,,C,EXISTING_MEAN_PRESERVED,33.5,,,0/00,EXISTING_MEAN_PRESERVED,,,,,MISSING,,,,,MISSING
1087,1096432,121128,6825,Zn,"Sulfuric acid, Zinc salt (1:1)",Temora stylifera,Calanoida,Adult,2,Static,Formulation,,31,10,46,ug/L,31,ug/L,25,32,,,Toxicity Testing with Coastal Species of Southeastern Brazil. Mysids and Copepods,PRIMARY_RECOVERED,Nipper source-resolved Zn basis,65.38,SOURCE_VERIFIED_TARGET_ZN,0.031,0.4741511165494035,-0.7462291968109183,HARMONIZED,Nipper 1993 source check showed the reported concentrations are nominal Zn; formulation coding does not trigger compound-mass conversion.,CORE,YES,25,,,C,EXISTING_MEAN_PRESERVED,32,,,0/00,EXISTING_MEAN_PRESERVED,,,,,MISSING,,,,,MISSING
1106,2095567,2175478,161986,Zn,"Sulfuric acid, Zinc salt (1:1)",Robertsonia propinqua,Harpacticoida,Adult,4,Static,Total,,2,1.56,2.25,mg/L,2,mg/L,20,30,8.25,,"Development of a Harpacticoid Copepod Bioassay:  Selection of Species and Relative Sensitivity to Zinc, Atrazine and Phenanthrene",PRIMARY_KEEP,Eligible copepod LC50 candidate,65.38,ECOTOX_STANDARDIZED_TARGET_METAL,2,30.59039461609055,3.4206860582460177,HARMONIZED,ECOTOX standardized concentration used; for metal salts ECOTOX generally expresses concentration as active ionic form.,CORE,YES,20,,,C,EXISTING_MEAN_PRESERVED,30,,,0/00,EXISTING_MEAN_PRESERVED,,8,8.5,,RAW_RANGE_MIDPOINT_RECOVERED,,,,,MISSING
1125,1037874,104479,2332,Zn,"Sulfuric acid, Zinc salt (1:1)",Nitocra spinipes,Harpacticoida,,4,Flow-through,Total,,2800,2000,3900,ug/L,2800,ug/L,,25,,,A Flowthrough Fecundity Test with Nitocra spinipes (Harpacticoidea Crustacea) for Aquatic Toxicity,PRIMARY_KEEP,Eligible copepod LC50 candidate,65.38,ECOTOX_STANDARDIZED_TARGET_METAL,2.8,42.82655246252677,3.7571582948672306,HARMONIZED,ECOTOX standardized concentration used; for metal salts ECOTOX generally expresses concentration as active ionic form.,CORE,YES,,,,,MISSING,25,,,0/00,EXISTING_MEAN_PRESERVED,,,,,MISSING,,,,,MISSING
1144,2299150,2706689,5185,Zn,"Sulfuric acid, Zinc salt (1:1)",Nitocra spinipes,Harpacticoida,Adult,4,Static,Total,,4.3,3.6,5.1,mg/L,4.3,mg/L,21,7,7.8,,"The Acute Toxicity of 78 Chemicals and Pesticide Formulations Against Two Brackish Water Organisms, the Bleak (Alburnus alburnus) and the Harpacticoid Nitocra spinipes",PRIMARY_KEEP,Eligible copepod LC50 candidate,65.38,ECOTOX_STANDARDIZED_TARGET_METAL,4.3,65.76934842459468,4.186153900385589,HARMONIZED,ECOTOX standardized concentration used; for metal salts ECOTOX generally expresses concentration as active ionic form.,CORE,YES,21,20,22,C,EXISTING_MEAN_PRESERVED,7,,,0/00,EXISTING_MEAN_PRESERVED,7.8,,,,EXISTING_MEAN_PRESERVED,,,,,MISSING
1145,2101666,2186591,150008,Zn,"Sulfuric acid, Zinc salt (1:1)",Tigriopus japonicus,Harpacticoida,Nauplii,4,Renewal,Dissolved,,1.14,0.86,1.5,mg/L,1.14,mg/L,25,,,,Toxicities of Nano Zinc Oxide to Five Marine Organisms: Influences of Aggregate Size and Ion Solubility,PRIMARY_KEEP,Eligible copepod LC50 candidate,65.38,ECOTOX_STANDARDIZED_TARGET_METAL,1.14,17.436524931171615,2.8585671400924766,HARMONIZED,ECOTOX standardized concentration used; for metal salts ECOTOX generally expresses concentration as active ionic form.,CORE,YES,25,,,C,EXISTING_MEAN_PRESERVED,,,,,MISSING,,,,,MISSING,,,,,MISSING
1150,1037871,104476,2332,Zn,"Sulfuric acid, Zinc salt (1:1)",Nitocra spinipes,Harpacticoida,,4,Flow-through,Total,,2400,2000,2900,ug/L,2400,ug/L,,15,,,A Flowthrough Fecundity Test with Nitocra spinipes (Harpacticoidea Crustacea) for Aquatic Toxicity,PRIMARY_KEEP,Eligible copepod LC50 candidate,65.38,ECOTOX_STANDARDIZED_TARGET_METAL,2.4,36.708473539308656,3.6030076150399726,HARMONIZED,ECOTOX standardized concentration used; for metal salts ECOTOX generally expresses concentration as active ionic form.,CORE,YES,,,,,MISSING,15,,,0/00,EXISTING_MEAN_PRESERVED,,,,,MISSING,,,,,MISSING
1156,1278692,731972,62291,Zn,"Sulfuric acid, Zinc salt (1:1)",Tigriopus brevicornis,Harpacticoida,Adult,4,Renewal,Total,,715.2,666.4,764,ug/L,715.2,ug/L,20,34.75,7.92,,Influence of Different Essential and Non-Essential Metals on MTLP Levels in the Copepod Tigriopus brevicornis,PRIMARY_KEEP,Eligible copepod LC50 candidate,65.38,ECOTOX_STANDARDIZED_TARGET_METAL,0.7152000000000001,10.939125114713981,2.39234582256324,HARMONIZED,ECOTOX standardized concentration used; for metal salts ECOTOX generally expresses concentration as active ionic form.,CORE,YES,20,,,C,EXISTING_MEAN_PRESERVED,,34.5,35,%,RAW_RANGE_MIDPOINT_RECOVERED,,7.7,8.14,,RAW_RANGE_MIDPOINT_RECOVERED,,,,,MISSING
1163,1053489,5143,3735,Cu,Copper chloride (CuCl),Pseudodiaptomus coronatus,Calanoida,Adult,4,Static,Total,,235.4,188.7,299.2,ppb,235.4,ppb,15,30,,,"Results of Acute Toxicity Tests Conducted with Copper at ERL, Narragansett",PRIMARY_KEEP,Eligible copepod LC50 candidate,63.546,ECOTOX_STANDARDIZED_TARGET_METAL,0.2354,3.7044031095584304,1.3095221417365892,HARMONIZED,ECOTOX standardized concentration used; for metal salts ECOTOX generally expresses concentration as active ionic form.,CORE,YES,15,,,C,EXISTING_MEAN_PRESERVED,30,,,0/00,EXISTING_MEAN_PRESERVED,,,,,MISSING,,,,,MISSING
1164,1053490,5144,3735,Cu,Copper chloride (CuCl),Eurytemora affinis,Calanoida,Adult,4,Static,Total,,0.928,0.761,1.119,ppm,0.928,ppm,15,30,,,"Results of Acute Toxicity Tests Conducted with Copper at ERL, Narragansett",PRIMARY_KEEP,Eligible copepod LC50 candidate,63.546,ECOTOX_STANDARDIZED_TARGET_METAL,0.928,14.60359424668744,2.6812676796966133,HARMONIZED,ECOTOX standardized concentration used; for metal salts ECOTOX generally expresses concentration as active ionic form.,CORE,YES,15,,,C,EXISTING_MEAN_PRESERVED,30,,,0/00,EXISTING_MEAN_PRESERVED,,,,,MISSING,,,,,MISSING
1165,1053488,5142,3735,Cu,Copper chloride (CuCl),Acartia tonsa,Calanoida,Adult,3,Static,Total,,58.1,40.2,82.9,ppb,58.1,ppb,10,30,,,"Results of Acute Toxicity Tests Conducted with Copper at ERL, Narragansett",PRIMARY_KEEP,Eligible copepod LC50 candidate,63.546,ECOTOX_STANDARDIZED_TARGET_METAL,0.0581,0.9142983035910994,-0.08959838923172156,HARMONIZED,ECOTOX standardized concentration used; for metal salts ECOTOX generally expresses concentration as active ionic form.,CORE,YES,10,,,C,EXISTING_MEAN_PRESERVED,30,,,0/00,EXISTING_MEAN_PRESERVED,,,,,MISSING,,,,,MISSING
1166,1301502,757396,115854,Cu,Copper chloride (CuCl),Tigriopus japonicus,Harpacticoida,Adult,4,"Aquatic, unspecified",Total,,1175,,,ug/L,1175,ug/L,25,33,8.25,,Copper Toxicity in the Marine Copepod Tigropus japonicus:  Low Variability and High Reproducibility of Repeated Acute and Life-Cycle Tests,PRIMARY_KEEP,Eligible copepod LC50 candidate,63.546,ECOTOX_STANDARDIZED_TARGET_METAL,1.175,18.49054228432946,2.917259373488672,HARMONIZED,ECOTOX standardized concentration used; for metal salts ECOTOX generally expresses concentration as active ionic form.,CORE,YES,25,,,C,EXISTING_MEAN_PRESERVED,33,,,0/00,EXISTING_MEAN_PRESERVED,,8.1,8.4,,RAW_RANGE_MIDPOINT_RECOVERED,,,,,MISSING
1167,1053487,5141,3735,Cu,Copper chloride (CuCl),Acartia clausi,Calanoida,Adult,4,Static,Total,,0.049,0.04,0.06,ppm,0.049,ppm,10,30,,,"Results of Acute Toxicity Tests Conducted with Copper at ERL, Narragansett",PRIMARY_KEEP,Eligible copepod LC50 candidate,63.546,ECOTOX_STANDARDIZED_TARGET_METAL,0.049,0.771094954835867,-0.2599437549789605,HARMONIZED,ECOTOX standardized concentration used; for metal salts ECOTOX generally expresses concentration as active ionic form.,CORE,YES,10,,,C,EXISTING_MEAN_PRESERVED,30,,,0/00,EXISTING_MEAN_PRESERVED,,,,,MISSING,,,,,MISSING
1168,2307797,2748544,192310,Pb,Lead chloride (PbCl2),Acartia danae,Calanoida,Adult,4,Renewal,Dissolved,,0.1,,,mg/L,0.1,mg/L,26,29.5,7.8,,"Prescribing Sea Water Quality Criteria for Arsenic, Cadmium and Lead Through Species Sensitivity Distribution",PRIMARY_KEEP,Eligible copepod LC50 candidate,207.2,ECOTOX_STANDARDIZED_TARGET_METAL,0.1,0.48262548262548266,-0.7285143243972365,HARMONIZED,ECOTOX standardized concentration used; for metal salts ECOTOX generally expresses concentration as active ionic form.,DESCRIPTIVE,NO,26,,,C,EXISTING_MEAN_PRESERVED,29.5,,,PSU,EXISTING_MEAN_PRESERVED,7.8,,,,EXISTING_MEAN_PRESERVED,,,,,MISSING
1172,2307792,2748535,192310,Pb,Lead chloride (PbCl2),Oithona similis,Cyclopoida,Adult,4,Renewal,Dissolved,,0.05,,,mg/L,0.05,mg/L,26,29.5,7.8,,"Prescribing Sea Water Quality Criteria for Arsenic, Cadmium and Lead Through Species Sensitivity Distribution",PRIMARY_KEEP,Eligible copepod LC50 candidate,207.2,ECOTOX_STANDARDIZED_TARGET_METAL,0.05,0.24131274131274133,-1.421661504957182,HARMONIZED,ECOTOX standardized concentration used; for metal salts ECOTOX generally expresses concentration as active ionic form.,DESCRIPTIVE,NO,26,,,C,EXISTING_MEAN_PRESERVED,29.5,,,PSU,EXISTING_MEAN_PRESERVED,7.8,,,,EXISTING_MEAN_PRESERVED,,,,,MISSING
1191,2146952,2279335,166028,Cu,Sulfuric acid copper(2+) salt (1:1),Tigriopus fulvus,Harpacticoida,Nauplii,2,Static,Total,,0.23,,,mg/L,0.23,mg/L,20,38,8,,"Assessment of Individual and Combined Toxicities of Three Heavy Metals (Cu, Cd and Hg) by Using Tigriopus fulvus",PRIMARY_KEEP,Eligible copepod LC50 candidate,63.546,ECOTOX_STANDARDIZED_TARGET_METAL,0.23,3.6194252982091712,1.2863152558336082,HARMONIZED,ECOTOX standardized concentration used; for metal salts ECOTOX generally expresses concentration as active ionic form.,CORE,YES,20,,,C,EXISTING_MEAN_PRESERVED,38,,,0/00,EXISTING_MEAN_PRESERVED,8,,,,EXISTING_MEAN_PRESERVED,,,,,MISSING
1198,1070626,12731,5563,Cu,Sulfuric acid copper(2+) salt (1:1),Acartia simplex,Calanoida,Multiple,1,Static,Total,,200,80,310,ug/L,200,ug/L,17,35,,,"Acute Toxicity of Copper, Cadmium and Zinc to Three Species of Marine Copepod",PRIMARY_KEEP,Eligible copepod LC50 candidate,63.546,ECOTOX_STANDARDIZED_TARGET_METAL,0.2,3.1473263462688448,1.1465533134584496,HARMONIZED,ECOTOX standardized concentration used; for metal salts ECOTOX generally expresses concentration as active ionic form.,CORE,YES,17,,,C,EXISTING_MEAN_PRESERVED,,34.5,35.5,0/00,RAW_RANGE_MIDPOINT_RECOVERED,,,,,MISSING,,,,,MISSING
1201,1155887,159531,13507,Cu,Sulfuric acid copper(2+) salt (1:1),Tisbe furcata,Harpacticoida,,4,Renewal,Dissolved,,178,,,ug/L,178,ug/L,13,34,8,,Use of Life Tables and LC50 Tests to Evaluate Chronic and Acute Toxicity Effects of Copper on the Marine Copepod Tisbe furcata (Baird),PRIMARY_KEEP,Eligible copepod LC50 candidate,63.546,ECOTOX_STANDARDIZED_TARGET_METAL,0.178,2.8011204481792715,1.0300194972024979,HARMONIZED,ECOTOX standardized concentration used; for metal salts ECOTOX generally expresses concentration as active ionic form.,CORE,YES,,11,15,C,RAW_RANGE_MIDPOINT_RECOVERED,34,,,0/00,EXISTING_MEAN_PRESERVED,8,,,,EXISTING_MEAN_PRESERVED,,,,,MISSING
1206,1135994,90926,11097,Cu,Sulfuric acid copper(2+) salt (1:1),Tisbe holothuriae,Harpacticoida,Nauplii,2,Static,Total,,314.2,,,ug/L,314.2,ug/L,18,38,,,Differentiation of the Sensitivity to Copper and Cadmium in Different Life Stages of a Copepod,PRIMARY_KEEP,Eligible copepod LC50 candidate,63.546,ECOTOX_STANDARDIZED_TARGET_METAL,0.3142,4.944449689988355,1.5982656727319335,HARMONIZED,ECOTOX standardized concentration used; for metal salts ECOTOX generally expresses concentration as active ionic form.,CORE,YES,18,,,C,EXISTING_MEAN_PRESERVED,38,,,0/00,EXISTING_MEAN_PRESERVED,,,,,MISSING,,,,,MISSING
1213,1310646,767829,14474,Cu,Sulfuric acid copper(2+) salt (1:1),Tisbe holothuriae,Harpacticoida,Adult,2,Static,Total,,0.5289,,,mg/L,0.5289,mg/L,,,,,"Lethal and Sublethal Effects of Some Contaminants (Heavy Metals, Oil, Dispersants) to Marine Planktonic Animals",PRIMARY_KEEP,Eligible copepod LC50 candidate,63.546,ECOTOX_STANDARDIZED_TARGET_METAL,0.5289,8.323104522707961,2.119035324982347,HARMONIZED,ECOTOX standardized concentration used; for metal salts ECOTOX generally expresses concentration as active ionic form.,CORE,YES,,,,,MISSING,,,,,MISSING,,,,,MISSING,,,,,MISSING
1236,1078431,102405,6045,Cu,Sulfuric acid copper(2+) salt (1:1),Metridia pacifica,Calanoida,,1,Static,Total,,176,,,ppb,176,ppb,17,31.5,,,A Controlled Environmental Pollution Experiment (CEPEX) and Its Usefulness in the Study of Larger Marine Zooplankton Under Toxic Stress,PRIMARY_KEEP,Eligible copepod LC50 candidate,63.546,ECOTOX_STANDARDIZED_TARGET_METAL,0.176,2.7696471847165833,1.0187199419485646,HARMONIZED,ECOTOX standardized concentration used; for metal salts ECOTOX generally expresses concentration as active ionic form.,CORE,YES,,13,21,C,RAW_RANGE_MIDPOINT_RECOVERED,,27,36,0/00,RAW_RANGE_MIDPOINT_RECOVERED,,,,,MISSING,,,,,MISSING
1252,2148404,2283208,156333,Cu,Sulfuric acid copper(2+) salt (1:1),Robertgurneya hopkinsi,Harpacticoida,Adult,4,"Aquatic, unspecified",Dissolved,,238,,,ug/L,238,ug/L,21,30,,,An Assessment of Three Harpacticoid Copepod Species for Use in Ecotoxicological Testing,PRIMARY_KEEP,Eligible copepod LC50 candidate,63.546,ECOTOX_STANDARDIZED_TARGET_METAL,0.238,3.745318352059925,1.3205066205818874,HARMONIZED,ECOTOX standardized concentration used; for metal salts ECOTOX generally expresses concentration as active ionic form.,CORE,YES,21,,,C,EXISTING_MEAN_PRESERVED,30,,,PSU,EXISTING_MEAN_PRESERVED,,,,,MISSING,,,,,MISSING
1255,1078425,89398,6045,Cu,Sulfuric acid copper(2+) salt (1:1),Calanus plumchrus,Calanoida,,1,Static,Total,,2778,,,ppb,2778,ppb,17,31.5,,,A Controlled Environmental Pollution Experiment (CEPEX) and Its Usefulness in the Study of Larger Marine Zooplankton Under Toxic Stress,PRIMARY_KEEP,Eligible copepod LC50 candidate,63.546,ECOTOX_STANDARDIZED_TARGET_METAL,2.778,43.71636294967425,3.7777224702247016,HARMONIZED,ECOTOX standardized concentration used; for metal salts ECOTOX generally expresses concentration as active ionic form.,CORE,YES,,13,21,C,RAW_RANGE_MIDPOINT_RECOVERED,,27,36,0/00,RAW_RANGE_MIDPOINT_RECOVERED,,,,,MISSING,,,,,MISSING
1262,1310647,767830,14474,Cu,Sulfuric acid copper(2+) salt (1:1),Tisbe holothuriae,Harpacticoida,Adult,2,Static,Total,,0.4473,,,mg/L,0.4473,mg/L,,,,,"Lethal and Sublethal Effects of Some Contaminants (Heavy Metals, Oil, Dispersants) to Marine Planktonic Animals",PRIMARY_KEEP,Eligible copepod LC50 candidate,63.546,ECOTOX_STANDARDIZED_TARGET_METAL,0.4473,7.038995373430271,1.9514654573492152,HARMONIZED,ECOTOX standardized concentration used; for metal salts ECOTOX generally expresses concentration as active ionic form.,CORE,YES,,,,,MISSING,,,,,MISSING,,,,,MISSING,,,,,MISSING
1263,2136233,2252278,153073,Cu,Sulfuric acid copper(2+) salt (1:1),Paracyclopina nana,Cyclopoida,Adult,4,Renewal,Total,,0.8,0.76,0.91,mg/L,0.8,mg/L,25,15,,,"Molecular Characterization and Expression of Vitellogenin (Vg) Genes from the Cyclopoid Copepod, Paracyclopina nana Exposed to Heavy Metals",PRIMARY_KEEP,Eligible copepod LC50 candidate,63.546,ECOTOX_STANDARDIZED_TARGET_METAL,0.8,12.589305385075379,2.53284767457834,HARMONIZED,ECOTOX standardized concentration used; for metal salts ECOTOX generally expresses concentration as active ionic form.,CORE,YES,25,,,C,EXISTING_MEAN_PRESERVED,15,,,0/00,EXISTING_MEAN_PRESERVED,,,,,MISSING,,,,,MISSING
1271,1310648,767831,14474,Cu,Sulfuric acid copper(2+) salt (1:1),Tisbe holothuriae,Harpacticoida,,2,Static,Total,,0.4281,,,mg/L,0.4281,mg/L,,,,,"Lethal and Sublethal Effects of Some Contaminants (Heavy Metals, Oil, Dispersants) to Marine Planktonic Animals",PRIMARY_KEEP,Eligible copepod LC50 candidate,63.546,ECOTOX_STANDARDIZED_TARGET_METAL,0.4281,6.736852044188462,1.9075927600613132,HARMONIZED,ECOTOX standardized concentration used; for metal salts ECOTOX generally expresses concentration as active ionic form.,CORE,YES,,,,,MISSING,,,,,MISSING,,,,,MISSING,,,,,MISSING
1285,1135996,90928,11097,Cu,Sulfuric acid copper(2+) salt (1:1),Tisbe holothuriae,Harpacticoida,Copepodid,2,Static,Total,,528.9,,,ug/L,528.9,ug/L,18,38,,,Differentiation of the Sensitivity to Copper and Cadmium in Different Life Stages of a Copepod,PRIMARY_KEEP,Eligible copepod LC50 candidate,63.546,ECOTOX_STANDARDIZED_TARGET_METAL,0.5288999999999999,8.32310452270796,2.119035324982347,HARMONIZED,ECOTOX standardized concentration used; for metal salts ECOTOX generally expresses concentration as active ionic form.,CORE,YES,18,,,C,EXISTING_MEAN_PRESERVED,38,,,0/00,EXISTING_MEAN_PRESERVED,,,,,MISSING,,,,,MISSING
1295,1310618,767801,14474,Cu,Sulfuric acid copper(2+) salt (1:1),Tisbe holothuriae,Harpacticoida,,2,Static,Total,,0.4187,,,mg/L,0.4187,mg/L,,,,,"Lethal and Sublethal Effects of Some Contaminants (Heavy Metals, Oil, Dispersants) to Marine Planktonic Animals",PRIMARY_KEEP,Eligible copepod LC50 candidate,63.546,ECOTOX_STANDARDIZED_TARGET_METAL,0.4187,6.588927705913826,1.8853906199355104,HARMONIZED,ECOTOX standardized concentration used; for metal salts ECOTOX generally expresses concentration as active ionic form.,CORE,YES,,,,,MISSING,,,,,MISSING,,,,,MISSING,,,,,MISSING
1298,1310619,767802,14474,Cu,Sulfuric acid copper(2+) salt (1:1),Tisbe holothuriae,Harpacticoida,,2,Static,Total,,0.4451,,,mg/L,0.4451,mg/L,,,,,"Lethal and Sublethal Effects of Some Contaminants (Heavy Metals, Oil, Dispersants) to Marine Planktonic Animals",PRIMARY_KEEP,Eligible copepod LC50 candidate,63.546,ECOTOX_STANDARDIZED_TARGET_METAL,0.4451,7.004374783621314,1.9465349229322215,HARMONIZED,ECOTOX standardized concentration used; for metal salts ECOTOX generally expresses concentration as active ionic form.,CORE,YES,,,,,MISSING,,,,,MISSING,,,,,MISSING,,,,,MISSING
1304,1078436,102816,6045,Cu,Sulfuric acid copper(2+) salt (1:1),Undinula vulgaris,Calanoida,,1,Static,Total,,192,,,ppb,192,ppb,17,31.5,,,A Controlled Environmental Pollution Experiment (CEPEX) and Its Usefulness in the Study of Larger Marine Zooplankton Under Toxic Stress,PRIMARY_KEEP,Eligible copepod LC50 candidate,63.546,ECOTOX_STANDARDIZED_TARGET_METAL,0.192,3.0214332924180907,1.1057313189381943,HARMONIZED,ECOTOX standardized concentration used; for metal salts ECOTOX generally expresses concentration as active ionic form.,CORE,YES,,13,21,C,RAW_RANGE_MIDPOINT_RECOVERED,,27,36,0/00,RAW_RANGE_MIDPOINT_RECOVERED,,,,,MISSING,,,,,MISSING
1312,1310621,767804,14474,Cu,Sulfuric acid copper(2+) salt (1:1),Tisbe holothuriae,Harpacticoida,,2,Static,Total,,0.4281,,,mg/L,0.4281,mg/L,,,,,"Lethal and Sublethal Effects of Some Contaminants (Heavy Metals, Oil, Dispersants) to Marine Planktonic Animals",PRIMARY_KEEP,Eligible copepod LC50 candidate,63.546,ECOTOX_STANDARDIZED_TARGET_METAL,0.4281,6.736852044188462,1.9075927600613132,HARMONIZED,ECOTOX standardized concentration used; for metal salts ECOTOX generally expresses concentration as active ionic form.,CORE,YES,,,,,MISSING,,,,,MISSING,,,,,MISSING,,,,,MISSING
1315,1179974,82523,15726,Cu,Sulfuric acid copper(2+) salt (1:1),Tisbe holothuriae,Harpacticoida,Adult,2,Static,Total,,80,,,ug/L,80,ug/L,24,,,,"Individual and Combined Toxicity of Three Heavy Metals, Cu, Cd and Cr for the Marine Copepod Tisbe holothuriae",PRIMARY_KEEP,Eligible copepod LC50 candidate,63.546,ECOTOX_STANDARDIZED_TARGET_METAL,0.08,1.2589305385075378,0.23026258158429438,HARMONIZED,ECOTOX standardized concentration used; for metal salts ECOTOX generally expresses concentration as active ionic form.,CORE,YES,24,,,C,EXISTING_MEAN_PRESERVED,,,,,MISSING,,,,,MISSING,,,,,MISSING
1321,1078474,231987,6045,Cu,Sulfuric acid copper(2+) salt (1:1),Euchaeta marina,Calanoida,,1,Static,Total,,188,,,ppb,188,ppb,17,31.5,,,A Controlled Environmental Pollution Experiment (CEPEX) and Its Usefulness in the Study of Larger Marine Zooplankton Under Toxic Stress,PRIMARY_KEEP,Eligible copepod LC50 candidate,63.546,ECOTOX_STANDARDIZED_TARGET_METAL,0.188,2.958486765492714,1.084677909740362,HARMONIZED,ECOTOX standardized concentration used; for metal salts ECOTOX generally expresses concentration as active ionic form.,CORE,YES,,13,21,C,RAW_RANGE_MIDPOINT_RECOVERED,,27,36,0/00,RAW_RANGE_MIDPOINT_RECOVERED,,,,,MISSING,,,,,MISSING
1324,1135997,90929,11097,Cu,Sulfuric acid copper(2+) salt (1:1),Tisbe holothuriae,Harpacticoida,,2,Static,Total,,447.3,,,ug/L,447.3,ug/L,18,38,,,Differentiation of the Sensitivity to Copper and Cadmium in Different Life Stages of a Copepod,PRIMARY_KEEP,Eligible copepod LC50 candidate,63.546,ECOTOX_STANDARDIZED_TARGET_METAL,0.44730000000000003,7.0389953734302715,1.9514654573492154,HARMONIZED,ECOTOX standardized concentration used; for metal salts ECOTOX generally expresses concentration as active ionic form.,CORE,YES,18,,,C,EXISTING_MEAN_PRESERVED,38,,,0/00,EXISTING_MEAN_PRESERVED,,,,,MISSING,,,,,MISSING
1327,1078421,66949,6045,Cu,Sulfuric acid copper(2+) salt (1:1),Labidocera scotti,Calanoida,,1,Static,Total,,132,,,ppb,132,ppb,17,31.5,,,A Controlled Environmental Pollution Experiment (CEPEX) and Its Usefulness in the Study of Larger Marine Zooplankton Under Toxic Stress,PRIMARY_KEEP,Eligible copepod LC50 candidate,63.546,ECOTOX_STANDARDIZED_TARGET_METAL,0.132,2.0772353885374373,0.7310378694967836,HARMONIZED,ECOTOX standardized concentration used; for metal salts ECOTOX generally expresses concentration as active ionic form.,CORE,YES,,13,21,C,RAW_RANGE_MIDPOINT_RECOVERED,,27,36,0/00,RAW_RANGE_MIDPOINT_RECOVERED,,,,,MISSING,,,,,MISSING
1336,1135998,90930,11097,Cu,Sulfuric acid copper(2+) salt (1:1),Tisbe holothuriae,Harpacticoida,,2,Static,Total,,428.1,,,ug/L,428.1,ug/L,18,38,,,Differentiation of the Sensitivity to Copper and Cadmium in Different Life Stages of a Copepod,PRIMARY_KEEP,Eligible copepod LC50 candidate,63.546,ECOTOX_STANDARDIZED_TARGET_METAL,0.42810000000000004,6.7368520441884625,1.9075927600613134,HARMONIZED,ECOTOX standardized concentration used; for metal salts ECOTOX generally expresses concentration as active ionic form.,CORE,YES,18,,,C,EXISTING_MEAN_PRESERVED,38,,,0/00,EXISTING_MEAN_PRESERVED,,,,,MISSING,,,,,MISSING
1358,1070627,12732,5563,Cu,Sulfuric acid copper(2+) salt (1:1),Paracalanus parvus,Calanoida,Multiple,1,Static,Total,,190,160,220,ug/L,190,ug/L,17,35,,,"Acute Toxicity of Copper, Cadmium and Zinc to Three Species of Marine Copepod",PRIMARY_KEEP,Eligible copepod LC50 candidate,63.546,ECOTOX_STANDARDIZED_TARGET_METAL,0.19,2.9899600289554025,1.095260019070899,HARMONIZED,ECOTOX standardized concentration used; for metal salts ECOTOX generally expresses concentration as active ionic form.,CORE,YES,17,,,C,EXISTING_MEAN_PRESERVED,,34.5,35.5,0/00,RAW_RANGE_MIDPOINT_RECOVERED,,,,,MISSING,,,,,MISSING
1371,1310620,767803,14474,Cu,Sulfuric acid copper(2+) salt (1:1),Tisbe holothuriae,Harpacticoida,,2,Static,Total,,0.5177,,,mg/L,0.5177,mg/L,,,,,"Lethal and Sublethal Effects of Some Contaminants (Heavy Metals, Oil, Dispersants) to Marine Planktonic Animals",PRIMARY_KEEP,Eligible copepod LC50 candidate,63.546,ECOTOX_STANDARDIZED_TARGET_METAL,0.5177,8.146854247316906,2.097631870818269,HARMONIZED,ECOTOX standardized concentration used; for metal salts ECOTOX generally expresses concentration as active ionic form.,CORE,YES,,,,,MISSING,,,,,MISSING,,,,,MISSING,,,,,MISSING
1374,1178108,69500,15500,Cu,Sulfuric acid copper(2+) salt (1:1),Tisbe holothuriae,Harpacticoida,,2,Static,Total,,428,,,ug/L,428,ug/L,18,,,,Effects of Copper Sulphate on Tisbe holothuriae Humes (Copepoda) and Development of Tolerance to Copper,PRIMARY_KEEP,Eligible copepod LC50 candidate,63.546,ECOTOX_STANDARDIZED_TARGET_METAL,0.428,6.735278381015328,1.9073591424922096,HARMONIZED,ECOTOX standardized concentration used; for metal salts ECOTOX generally expresses concentration as active ionic form.,CORE,YES,18,,,C,EXISTING_MEAN_PRESERVED,,,,,MISSING,,,,,MISSING,,,,,MISSING
1375,1135995,90927,11097,Cu,Sulfuric acid copper(2+) salt (1:1),Tisbe holothuriae,Harpacticoida,Nauplii,2,Static,Total,,341.5,,,ug/L,341.5,ug/L,18,38,,,Differentiation of the Sensitivity to Copper and Cadmium in Different Life Stages of a Copepod,PRIMARY_KEEP,Eligible copepod LC50 candidate,63.546,ECOTOX_STANDARDIZED_TARGET_METAL,0.3415,5.374059736254052,1.6815836259212575,HARMONIZED,ECOTOX standardized concentration used; for metal salts ECOTOX generally expresses concentration as active ionic form.,CORE,YES,18,,,C,EXISTING_MEAN_PRESERVED,38,,,0/00,EXISTING_MEAN_PRESERVED,,,,,MISSING,,,,,MISSING
1377,1310644,767827,14474,Cu,Sulfuric acid copper(2+) salt (1:1),Tisbe holothuriae,Harpacticoida,Nauplii,2,Static,Total,,0.3415,,,mg/L,0.3415,mg/L,,,,,"Lethal and Sublethal Effects of Some Contaminants (Heavy Metals, Oil, Dispersants) to Marine Planktonic Animals",PRIMARY_KEEP,Eligible copepod LC50 candidate,63.546,ECOTOX_STANDARDIZED_TARGET_METAL,0.3415,5.374059736254052,1.6815836259212575,HARMONIZED,ECOTOX standardized concentration used; for metal salts ECOTOX generally expresses concentration as active ionic form.,CORE,YES,,,,,MISSING,,,,,MISSING,,,,,MISSING,,,,,MISSING
1381,1310643,767826,14474,Cu,Sulfuric acid copper(2+) salt (1:1),Tisbe holothuriae,Harpacticoida,Nauplii,2,Static,Total,,0.3142,,,mg/L,0.3142,mg/L,,,,,"Lethal and Sublethal Effects of Some Contaminants (Heavy Metals, Oil, Dispersants) to Marine Planktonic Animals",PRIMARY_KEEP,Eligible copepod LC50 candidate,63.546,ECOTOX_STANDARDIZED_TARGET_METAL,0.3142,4.944449689988355,1.5982656727319335,HARMONIZED,ECOTOX standardized concentration used; for metal salts ECOTOX generally expresses concentration as active ionic form.,CORE,YES,,,,,MISSING,,,,,MISSING,,,,,MISSING,,,,,MISSING
1383,1310622,767805,14474,Cu,Sulfuric acid copper(2+) salt (1:1),Tisbe holothuriae,Harpacticoida,,2,Static,Total,,0.428,,,mg/L,0.428,mg/L,,,,,"Lethal and Sublethal Effects of Some Contaminants (Heavy Metals, Oil, Dispersants) to Marine Planktonic Animals",PRIMARY_KEEP,Eligible copepod LC50 candidate,63.546,ECOTOX_STANDARDIZED_TARGET_METAL,0.428,6.735278381015328,1.9073591424922096,HARMONIZED,ECOTOX standardized concentration used; for metal salts ECOTOX generally expresses concentration as active ionic form.,CORE,YES,,,,,MISSING,,,,,MISSING,,,,,MISSING,,,,,MISSING
1389,1070628,12733,5563,Cu,Sulfuric acid copper(2+) salt (1:1),Scutellidium sp.,Harpacticoida,Multiple,1,Static,Total,,180,120,230,ug/L,180,ug/L,17,35,,,"Acute Toxicity of Copper, Cadmium and Zinc to Three Species of Marine Copepod",PRIMARY_KEEP,Eligible copepod LC50 candidate,63.546,ECOTOX_STANDARDIZED_TARGET_METAL,0.18,2.83259371164196,1.0411927978006232,HARMONIZED,ECOTOX standardized concentration used; for metal salts ECOTOX generally expresses concentration as active ionic form.,CORE,YES,17,,,C,EXISTING_MEAN_PRESERVED,,34.5,35.5,0/00,RAW_RANGE_MIDPOINT_RECOVERED,,,,,MISSING,,,,,MISSING
1394,2019866,2033704,156339,Cu,Sulfuric acid copper(2+) salt (1:1),Tigriopus japonicus,Harpacticoida,Adult,4,Renewal,Total,,580,430,790,ug/L,580,ug/L,25,33,8.25,,Acute Toxicities of Five Commonly Used Antifouling Booster Biocides to Selected Subtropical and Cosmopolitan Marine Species,PRIMARY_KEEP,Eligible copepod LC50 candidate,63.546,ECOTOX_STANDARDIZED_TARGET_METAL,0.58,9.12724640417965,2.211264050450878,HARMONIZED,ECOTOX standardized concentration used; for metal salts ECOTOX generally expresses concentration as active ionic form.,CORE,YES,25,,,C,EXISTING_MEAN_PRESERVED,33,,,0/00,EXISTING_MEAN_PRESERVED,,8.1,8.4,,RAW_RANGE_MIDPOINT_RECOVERED,,,,,MISSING
1395,1205935,171326,18833,Cu,Sulfuric acid copper(2+) salt (1:1),Tigriopus brevicornis,Harpacticoida,Adult,4,Renewal,Total,,1010,,,ug/L,1010,ug/L,20,37,,,"Toxic Effects of Two Trace Metals, Copper and Silver, on a Crustacean Harpacticoid Copepod Tigriopus brevicornis (Muller). Lethal and Sublethal Effects at Different Development Stages (Effets Biologiques de Deux Metaux",PRIMARY_KEEP,Eligible copepod LC50 candidate,63.546,ECOTOX_STANDARDIZED_TARGET_METAL,1.01,15.893998048657666,2.765941556745718,HARMONIZED,ECOTOX standardized concentration used; for metal salts ECOTOX generally expresses concentration as active ionic form.,CORE,YES,20,,,C,EXISTING_MEAN_PRESERVED,37,,,0/00,EXISTING_MEAN_PRESERVED,,,,,MISSING,,,,,MISSING
1396,1300800,756472,115854,Cu,Sulfuric acid copper(2+) salt (1:1),Tigriopus japonicus,Harpacticoida,Adult,4,Renewal,Total,,323,,,ug/L,323,ug/L,23.5,32.5,,,Copper Toxicity in the Marine Copepod Tigropus japonicus:  Low Variability and High Reproducibility of Repeated Acute and Life-Cycle Tests,PRIMARY_KEEP,Eligible copepod LC50 candidate,63.546,ECOTOX_STANDARDIZED_TARGET_METAL,0.323,5.082932049224184,1.6258882701330695,HARMONIZED,ECOTOX standardized concentration used; for metal salts ECOTOX generally expresses concentration as active ionic form.,CORE,YES,,22,25,C,RAW_RANGE_MIDPOINT_RECOVERED,,30,35,0/00,RAW_RANGE_MIDPOINT_RECOVERED,,,,,MISSING,,,,,MISSING
1397,2135201,2249958,119554,Cu,Sulfuric acid copper(2+) salt (1:1),Tisbe battagliai,Harpacticoida,Nauplii,2,Static,Dissolved,,83.1,,,ug/L,83.1,ug/L,20,35,8.2,,Short-Term Toxicity Tests on the Harpacticoid Copepod Tisbe battagliai:  Lethal and Reproductive Endpoints,PRIMARY_KEEP,Eligible copepod LC50 candidate,63.546,ECOTOX_STANDARDIZED_TARGET_METAL,0.0831,1.307714096874705,0.26828064877181534,HARMONIZED,ECOTOX standardized concentration used; for metal salts ECOTOX generally expresses concentration as active ionic form.,CORE,YES,20,,,C,EXISTING_MEAN_PRESERVED,35,,,0/00,EXISTING_MEAN_PRESERVED,8.2,,,,EXISTING_MEAN_PRESERVED,,,,,MISSING
1398,1205933,171324,18833,Cu,Sulfuric acid copper(2+) salt (1:1),Tigriopus brevicornis,Harpacticoida,Copepodite,4,Renewal,Total,,412,,,ug/L,412,ug/L,20,37,,,"Toxic Effects of Two Trace Metals, Copper and Silver, on a Crustacean Harpacticoid Copepod Tigriopus brevicornis (Muller). Lethal and Sublethal Effects at Different Development Stages (Effets Biologiques de Deux Metaux",PRIMARY_KEEP,Eligible copepod LC50 candidate,63.546,ECOTOX_STANDARDIZED_TARGET_METAL,0.412,6.48349227331382,1.8692592962599393,HARMONIZED,ECOTOX standardized concentration used; for metal salts ECOTOX generally expresses concentration as active ionic form.,CORE,YES,20,,,C,EXISTING_MEAN_PRESERVED,37,,,0/00,EXISTING_MEAN_PRESERVED,,,,,MISSING,,,,,MISSING
1399,2135202,2249960,119554,Cu,Sulfuric acid copper(2+) salt (1:1),Tisbe battagliai,Harpacticoida,Gestation,3,Static,Dissolved,,157,,,ug/L,157,ug/L,20,35,8.2,,Short-Term Toxicity Tests on the Harpacticoid Copepod Tisbe battagliai:  Lethal and Reproductive Endpoints,PRIMARY_KEEP,Eligible copepod LC50 candidate,63.546,ECOTOX_STANDARDIZED_TARGET_METAL,0.157,2.4706511818210433,0.904481752258721,HARMONIZED,ECOTOX standardized concentration used; for metal salts ECOTOX generally expresses concentration as active ionic form.,CORE,YES,20,,,C,EXISTING_MEAN_PRESERVED,35,,,0/00,EXISTING_MEAN_PRESERVED,8.2,,,,EXISTING_MEAN_PRESERVED,,,,,MISSING
1408,1300793,756465,115854,Cu,Sulfuric acid copper(2+) salt (1:1),Tigriopus japonicus,Harpacticoida,Adult,4,"Aquatic, unspecified",Total,,,1000,1100,ug/L,1.045558,mg/L,25,33,8.25,,Copper Toxicity in the Marine Copepod Tigropus japonicus:  Low Variability and High Reproducibility of Repeated Acute and Life-Cycle Tests,PRIMARY_RECOVERED,Kwok recovered via Heuschele supplement,63.546,SOURCE_RECOVERED_TARGET_METAL,1.045558,16.453561199760802,2.800541940089249,HARMONIZED,"Source-recovered point estimate retained, then converted on the target-metal scale.",CORE,YES,25,,,C,EXISTING_MEAN_PRESERVED,33,,,0/00,EXISTING_MEAN_PRESERVED,,8.1,8.4,,RAW_RANGE_MIDPOINT_RECOVERED,,,,,MISSING
1409,1301479,757358,115854,Cu,Sulfuric acid copper(2+) salt (1:1),Tigriopus japonicus,Harpacticoida,Adult,4,Renewal,Total,,,400,600,ug/L,0.473573,mg/L,23.5,32.5,,,Copper Toxicity in the Marine Copepod Tigropus japonicus:  Low Variability and High Reproducibility of Repeated Acute and Life-Cycle Tests,PRIMARY_RECOVERED,Kwok recovered via Heuschele supplement,63.546,SOURCE_RECOVERED_TARGET_METAL,0.473573,7.4524438989078785,2.0085420187199343,HARMONIZED,"Source-recovered point estimate retained, then converted on the target-metal scale.",CORE,YES,,22,25,C,RAW_RANGE_MIDPOINT_RECOVERED,,30,35,0/00,RAW_RANGE_MIDPOINT_RECOVERED,,,,,MISSING,,,,,MISSING
1411,1296798,752112,111315,Cu,Sulfuric acid copper(2+) salt (1:1),Tigriopus japonicus,Harpacticoida,Adult,4,Renewal,Total,,3.9,2.6,5.87,mg/L,3.9,mg/L,20,32,7.9,,Acute Toxicities of Trace Metals and Common Xenobiotics to the Marine Copepod Tigriopus japonicus:  Evaluation of Its Use as a Benchmark Species for Routine Ecotoxicity Tests in Western Pacific Coastal Regions,PRIMARY_KEEP,Eligible copepod LC50 candidate,63.546,ECOTOX_STANDARDIZED_TARGET_METAL,3.9,61.37286375224247,4.11696777902815,HARMONIZED,ECOTOX standardized concentration used; for metal salts ECOTOX generally expresses concentration as active ionic form.,CORE,YES,20,,,C,EXISTING_MEAN_PRESERVED,32,,,0/00,EXISTING_MEAN_PRESERVED,7.9,,,,EXISTING_MEAN_PRESERVED,,,,,MISSING
1415,1300801,756473,115854,Cu,Sulfuric acid copper(2+) salt (1:1),Tigriopus japonicus,Harpacticoida,Adult,4,Renewal,Total,~,800,,,ug/L,0.799154,mg/L,23.5,32.5,,,Copper Toxicity in the Marine Copepod Tigropus japonicus:  Low Variability and High Reproducibility of Repeated Acute and Life-Cycle Tests,PRIMARY_RECOVERED,Kwok recovered via Heuschele supplement,63.546,SOURCE_RECOVERED_TARGET_METAL,0.799154,12.575992194630661,2.531789615030699,HARMONIZED,"Source-recovered point estimate retained, then converted on the target-metal scale.",CORE,YES,,22,25,C,RAW_RANGE_MIDPOINT_RECOVERED,,30,35,0/00,RAW_RANGE_MIDPOINT_RECOVERED,,,,,MISSING,,,,,MISSING
1416,1300806,756479,115854,Cu,Sulfuric acid copper(2+) salt (1:1),Tigriopus japonicus,Harpacticoida,Adult,4,Renewal,Total,,,200,400,ug/L,0.392178,mg/L,23.5,32.5,,,Copper Toxicity in the Marine Copepod Tigropus japonicus:  Low Variability and High Reproducibility of Repeated Acute and Life-Cycle Tests,PRIMARY_RECOVERED,Kwok recovered via Heuschele supplement,63.546,SOURCE_RECOVERED_TARGET_METAL,0.392178,6.171560759135116,1.8199517652696624,HARMONIZED,"Source-recovered point estimate retained, then converted on the target-metal scale.",CORE,YES,,22,25,C,RAW_RANGE_MIDPOINT_RECOVERED,,30,35,0/00,RAW_RANGE_MIDPOINT_RECOVERED,,,,,MISSING,,,,,MISSING
1418,1312278,769701,111599,Cu,Sulfuric acid copper(2+) salt (1:1),Tigriopus japonicus,Harpacticoida,Adult,4,Renewal,Total,,1024,,,ug/L,1024,ug/L,25,34.5,8,,"Toxicity of Antifouling Biocides to the Intertidal Harpacticoid Copepod Tigriopus japonicus (Crustacea, Copepoda):  Effects of Temperature and Salinity",PRIMARY_KEEP,Eligible copepod LC50 candidate,63.546,ECOTOX_STANDARDIZED_TARGET_METAL,1.024,16.114310892896484,2.7797077525098657,HARMONIZED,ECOTOX standardized concentration used; for metal salts ECOTOX generally expresses concentration as active ionic form.,CORE,YES,25,,,C,EXISTING_MEAN_PRESERVED,34.5,,,0/00,EXISTING_MEAN_PRESERVED,,7.8,8.2,,RAW_RANGE_MIDPOINT_RECOVERED,,,,,MISSING
1419,1310608,767790,14474,Cu,Sulfuric acid copper(2+) salt (1:1),Acartia clausi,Calanoida,,2,Static,Total,,0.034,,,mg/L,0.034,mg/L,,,,,"Lethal and Sublethal Effects of Some Contaminants (Heavy Metals, Oil, Dispersants) to Marine Planktonic Animals",PRIMARY_KEEP,Eligible copepod LC50 candidate,63.546,ECOTOX_STANDARDIZED_TARGET_METAL,0.034,0.5350454788657036,-0.6254035284734257,HARMONIZED,ECOTOX standardized concentration used; for metal salts ECOTOX generally expresses concentration as active ionic form.,CORE,YES,,,,,MISSING,,,,,MISSING,,,,,MISSING,,,,,MISSING
1421,1205932,171323,18833,Cu,Sulfuric acid copper(2+) salt (1:1),Tigriopus brevicornis,Harpacticoida,Nauplii,4,Renewal,Total,,308,,,ug/L,308,ug/L,20,37,,,"Toxic Effects of Two Trace Metals, Copper and Silver, on a Crustacean Harpacticoid Copepod Tigriopus brevicornis (Muller). Lethal and Sublethal Effects at Different Development Stages (Effets Biologiques de Deux Metaux",PRIMARY_KEEP,Eligible copepod LC50 candidate,63.546,ECOTOX_STANDARDIZED_TARGET_METAL,0.308,4.846882573254021,1.5783357298839873,HARMONIZED,ECOTOX standardized concentration used; for metal salts ECOTOX generally expresses concentration as active ionic form.,CORE,YES,20,,,C,EXISTING_MEAN_PRESERVED,37,,,0/00,EXISTING_MEAN_PRESERVED,,,,,MISSING,,,,,MISSING
1428,1078465,231978,6045,Cu,Sulfuric acid copper(2+) salt (1:1),Acartia tonsa,Calanoida,,1,Static,Total,,300,,,ppb,300,ppb,21,36,,,A Controlled Environmental Pollution Experiment (CEPEX) and Its Usefulness in the Study of Larger Marine Zooplankton Under Toxic Stress,PRIMARY_KEEP,Eligible copepod LC50 candidate,63.546,ECOTOX_STANDARDIZED_TARGET_METAL,0.3,4.720989519403267,1.552018421566614,HARMONIZED,ECOTOX standardized concentration used; for metal salts ECOTOX generally expresses concentration as active ionic form.,CORE,YES,,20,22,C,RAW_RANGE_MIDPOINT_RECOVERED,36,,,0/00,EXISTING_MEAN_PRESERVED,,,,,MISSING,,,,,MISSING
1430,2148405,2283209,156333,Cu,Sulfuric acid copper(2+) salt (1:1),Nitocra spinipes,Harpacticoida,Adult,4,"Aquatic, unspecified",Dissolved,,350,,,ug/L,350,ug/L,21,30,,,An Assessment of Three Harpacticoid Copepod Species for Use in Ecotoxicological Testing,PRIMARY_KEEP,Eligible copepod LC50 candidate,63.546,ECOTOX_STANDARDIZED_TARGET_METAL,0.35,5.5078211059704785,1.7061691013938722,HARMONIZED,ECOTOX standardized concentration used; for metal salts ECOTOX generally expresses concentration as active ionic form.,CORE,YES,21,,,C,EXISTING_MEAN_PRESERVED,30,,,PSU,EXISTING_MEAN_PRESERVED,,,,,MISSING,,,,,MISSING
1431,2148402,2283207,156333,Cu,Sulfuric acid copper(2+) salt (1:1),Nitocra spinipes,Harpacticoida,Adult,3,"Aquatic, unspecified",Dissolved,,323,,,ug/L,323,ug/L,21,30,,,An Assessment of Three Harpacticoid Copepod Species for Use in Ecotoxicological Testing,PRIMARY_KEEP,Eligible copepod LC50 candidate,63.546,ECOTOX_STANDARDIZED_TARGET_METAL,0.323,5.082932049224184,1.6258882701330695,HARMONIZED,ECOTOX standardized concentration used; for metal salts ECOTOX generally expresses concentration as active ionic form.,CORE,YES,21,,,C,EXISTING_MEAN_PRESERVED,30,,,PSU,EXISTING_MEAN_PRESERVED,,,,,MISSING,,,,,MISSING
1433,1205934,171325,18833,Cu,Sulfuric acid copper(2+) salt (1:1),Tigriopus brevicornis,Harpacticoida,Adult,4,Renewal,Total,,790,,,ug/L,790,ug/L,20,37,,,"Toxic Effects of Two Trace Metals, Copper and Silver, on a Crustacean Harpacticoid Copepod Tigriopus brevicornis (Muller). Lethal and Sublethal Effects at Different Development Stages (Effets Biologiques de Deux Metaux",PRIMARY_KEEP,Eligible copepod LC50 candidate,63.546,ECOTOX_STANDARDIZED_TARGET_METAL,0.79,12.431939067761936,2.52026889237148,HARMONIZED,ECOTOX standardized concentration used; for metal salts ECOTOX generally expresses concentration as active ionic form.,CORE,YES,20,,,C,EXISTING_MEAN_PRESERVED,37,,,0/00,EXISTING_MEAN_PRESERVED,,,,,MISSING,,,,,MISSING
1439,1300799,756471,115854,Cu,Sulfuric acid copper(2+) salt (1:1),Tigriopus japonicus,Harpacticoida,Adult,4,Renewal,Total,,,400,600,ug/L,0.430655,mg/L,23.5,32.5,,,Copper Toxicity in the Marine Copepod Tigropus japonicus:  Low Variability and High Reproducibility of Repeated Acute and Life-Cycle Tests,PRIMARY_RECOVERED,Kwok recovered via Heuschele supplement,63.546,SOURCE_RECOVERED_TARGET_METAL,0.430655,6.777059138262047,1.9135432524346339,HARMONIZED,"Source-recovered point estimate retained, then converted on the target-metal scale.",CORE,YES,,22,25,C,RAW_RANGE_MIDPOINT_RECOVERED,,30,35,0/00,RAW_RANGE_MIDPOINT_RECOVERED,,,,,MISSING,,,,,MISSING
1442,1300788,756460,115854,Cu,Sulfuric acid copper(2+) salt (1:1),Tigriopus japonicus,Harpacticoida,Adult,4,Renewal,Total,,585,,,ug/L,585,ug/L,23.5,32.5,,,Copper Toxicity in the Marine Copepod Tigropus japonicus:  Low Variability and High Reproducibility of Repeated Acute and Life-Cycle Tests,PRIMARY_KEEP,Eligible copepod LC50 candidate,63.546,ECOTOX_STANDARDIZED_TARGET_METAL,0.585,9.20592956283637,2.2198477941422694,HARMONIZED,ECOTOX standardized concentration used; for metal salts ECOTOX generally expresses concentration as active ionic form.,CORE,YES,,22,25,C,RAW_RANGE_MIDPOINT_RECOVERED,,30,35,0/00,RAW_RANGE_MIDPOINT_RECOVERED,,,,,MISSING,,,,,MISSING
1445,1310606,767787,14474,Cu,Sulfuric acid copper(2+) salt (1:1),Acartia clausi,Calanoida,,2,Static,Total,,0.082,,,mg/L,0.082,mg/L,,,,,"Lethal and Sublethal Effects of Some Contaminants (Heavy Metals, Oil, Dispersants) to Marine Planktonic Animals",PRIMARY_KEEP,Eligible copepod LC50 candidate,63.546,ECOTOX_STANDARDIZED_TARGET_METAL,0.082,1.2904038019702264,0.25495519417466606,HARMONIZED,ECOTOX standardized concentration used; for metal salts ECOTOX generally expresses concentration as active ionic form.,CORE,YES,,,,,MISSING,,,,,MISSING,,,,,MISSING,,,,,MISSING
1446,2145987,2276128,169694,Cu,Sulfuric acid copper(2+) salt (1:1),Tigriopus japonicus,Harpacticoida,Adult,4,Static,Dissolved,,32.75,31.85,33.68,mg/L,32.75,mg/L,20,35,8.65,,Effect of Salinity on Acute Copper and Zinc Toxicity to Tigriopus japonicus: The Difference Between Metal Ions and Nanoparticles,PRIMARY_KEEP,Eligible copepod LC50 candidate,63.546,ECOTOX_STANDARDIZED_TARGET_METAL,32.75,515.3746892015233,6.244894187973811,HARMONIZED,ECOTOX standardized concentration used; for metal salts ECOTOX generally expresses concentration as active ionic form.,CORE,YES,20,,,C,EXISTING_MEAN_PRESERVED,35,,,0/00,EXISTING_MEAN_PRESERVED,8.65,,,,EXISTING_MEAN_PRESERVED,,,,,MISSING
1447,2140455,2262926,166160,Cu,Sulfuric acid copper(2+) salt (1:1),Tigriopus japonicus,Harpacticoida,Adult,4,Renewal,Total,,330,280,390,ug/L,330,ug/L,25,33,8.25,,Acute and Chronic Toxicities of Irgarol Alone and in Combination with Copper to the Marine Copepod Tigriopus japonicus,PRIMARY_KEEP,Eligible copepod LC50 candidate,63.546,ECOTOX_STANDARDIZED_TARGET_METAL,0.33,5.193088471343594,1.6473286013709387,HARMONIZED,ECOTOX standardized concentration used; for metal salts ECOTOX generally expresses concentration as active ionic form.,CORE,YES,25,,,C,EXISTING_MEAN_PRESERVED,33,,,0/00,EXISTING_MEAN_PRESERVED,,8.1,8.4,,RAW_RANGE_MIDPOINT_RECOVERED,,,,,MISSING
1451,2140455,2262925,166160,Cu,Sulfuric acid copper(2+) salt (1:1),Tigriopus japonicus,Harpacticoida,Adult,3,Renewal,Total,,590,510,690,ug/L,590,ug/L,25,33,8.25,,Acute and Chronic Toxicities of Irgarol Alone and in Combination with Copper to the Marine Copepod Tigriopus japonicus,PRIMARY_KEEP,Eligible copepod LC50 candidate,63.546,ECOTOX_STANDARDIZED_TARGET_METAL,0.59,9.284612721493092,2.228358483810178,HARMONIZED,ECOTOX standardized concentration used; for metal salts ECOTOX generally expresses concentration as active ionic form.,CORE,YES,25,,,C,EXISTING_MEAN_PRESERVED,33,,,0/00,EXISTING_MEAN_PRESERVED,,8.1,8.4,,RAW_RANGE_MIDPOINT_RECOVERED,,,,,MISSING
1453,2135202,2249959,119554,Cu,Sulfuric acid copper(2+) salt (1:1),Tisbe battagliai,Harpacticoida,Gestation,2,Static,Dissolved,,256,,,ug/L,256,ug/L,20,35,8.2,,Short-Term Toxicity Tests on the Harpacticoid Copepod Tisbe battagliai:  Lethal and Reproductive Endpoints,PRIMARY_KEEP,Eligible copepod LC50 candidate,63.546,ECOTOX_STANDARDIZED_TARGET_METAL,0.256,4.028577723224121,1.3934133913899753,HARMONIZED,ECOTOX standardized concentration used; for metal salts ECOTOX generally expresses concentration as active ionic form.,CORE,YES,20,,,C,EXISTING_MEAN_PRESERVED,35,,,0/00,EXISTING_MEAN_PRESERVED,8.2,,,,EXISTING_MEAN_PRESERVED,,,,,MISSING
1475,1053588,126384,3740,Ag,Nitric acid silver (1+) salt (1:1),Acartia tonsa,Calanoida,,4,Static,Total,,30.9,22.3,46.7,ug/L,30.9,ug/L,22,28,,,Results: Interlaboratory Comparison - Acute Toxicity Tests Using Estuarine Animals,PRIMARY_KEEP,Eligible copepod LC50 candidate,107.8682,ECOTOX_STANDARDIZED_TARGET_METAL,0.030899999999999997,0.2864606992607645,-1.25015392759184,HARMONIZED,ECOTOX standardized concentration used; for metal salts ECOTOX generally expresses concentration as active ionic form.,SECONDARY,NO,22,,,C,EXISTING_MEAN_PRESERVED,28,,,0/00,EXISTING_MEAN_PRESERVED,,,,,MISSING,,,,,MISSING
1478,1053718,194909,3751,Ag,Nitric acid silver (1+) salt (1:1),Acartia tonsa,Calanoida,Adult,4,Static,Total,,36.3,21.8,102,ug/L,36.3,ug/L,20,30,,,Unpublished Laboratory Data,PRIMARY_KEEP,Eligible copepod LC50 candidate,107.8682,ECOTOX_STANDARDIZED_TARGET_METAL,0.0363,0.3365217923354612,-1.0890923702247348,HARMONIZED,ECOTOX standardized concentration used; for metal salts ECOTOX generally expresses concentration as active ionic form.,SECONDARY,NO,20,,,C,EXISTING_MEAN_PRESERVED,30,,,0/00,EXISTING_MEAN_PRESERVED,,,,,MISSING,,,,,MISSING
1479,1054942,134343,3825,Ag,Nitric acid silver (1+) salt (1:1),Acartia clausi,Calanoida,Adult,4,Static,Total,,43,,,ug/L,43,ug/L,8,30,,,"Results of Acute Toxicity Tests Conducted with Silver at ERL, Narragansett",PRIMARY_KEEP,Eligible copepod LC50 candidate,107.8682,ECOTOX_STANDARDIZED_TARGET_METAL,0.043,0.3986346300392516,-0.9197099958019773,HARMONIZED,ECOTOX standardized concentration used; for metal salts ECOTOX generally expresses concentration as active ionic form.,SECONDARY,NO,8,,,C,EXISTING_MEAN_PRESERVED,30,,,0/00,EXISTING_MEAN_PRESERVED,,,,,MISSING,,,,,MISSING
1485,1205927,171318,18833,Ag,Nitric acid silver (1+) salt (1:1),Tigriopus brevicornis,Harpacticoida,Copepodite,4,Renewal,Total,,55.66,,,ug/L,55.66,ug/L,20,37,,,"Toxic Effects of Two Trace Metals, Copper and Silver, on a Crustacean Harpacticoid Copepod Tigriopus brevicornis (Muller). Lethal and Sublethal Effects at Different Development Stages (Effets Biologiques de Deux Metaux",PRIMARY_KEEP,Eligible copepod LC50 candidate,107.8682,ECOTOX_STANDARDIZED_TARGET_METAL,0.055659999999999994,0.5160000815810405,-0.6616483553977952,HARMONIZED,ECOTOX standardized concentration used; for metal salts ECOTOX generally expresses concentration as active ionic form.,SECONDARY,NO,20,,,C,EXISTING_MEAN_PRESERVED,37,,,0/00,EXISTING_MEAN_PRESERVED,,,,,MISSING,,,,,MISSING
1491,1205928,171319,18833,Ag,Nitric acid silver (1+) salt (1:1),Tigriopus brevicornis,Harpacticoida,Adult,4,Renewal,Total,,120.81,,,ug/L,120.81,ug/L,20,37,,,"Toxic Effects of Two Trace Metals, Copper and Silver, on a Crustacean Harpacticoid Copepod Tigriopus brevicornis (Muller). Lethal and Sublethal Effects at Different Development Stages (Effets Biologiques de Deux Metaux",PRIMARY_KEEP,Eligible copepod LC50 candidate,107.8682,ECOTOX_STANDARDIZED_TARGET_METAL,0.12081,1.1199778989544649,0.1133089520359328,HARMONIZED,ECOTOX standardized concentration used; for metal salts ECOTOX generally expresses concentration as active ionic form.,SECONDARY,NO,20,,,C,EXISTING_MEAN_PRESERVED,37,,,0/00,EXISTING_MEAN_PRESERVED,,,,,MISSING,,,,,MISSING
1493,1205926,171317,18833,Ag,Nitric acid silver (1+) salt (1:1),Tigriopus brevicornis,Harpacticoida,Nauplii,4,Renewal,Total,,36.37,,,ug/L,36.37,ug/L,20,37,,,"Toxic Effects of Two Trace Metals, Copper and Silver, on a Crustacean Harpacticoid Copepod Tigriopus brevicornis (Muller). Lethal and Sublethal Effects at Different Development Stages (Effets Biologiques de Deux Metaux",PRIMARY_KEEP,Eligible copepod LC50 candidate,107.8682,ECOTOX_STANDARDIZED_TARGET_METAL,0.03637,0.3371707324308739,-1.0871658524966423,HARMONIZED,ECOTOX standardized concentration used; for metal salts ECOTOX generally expresses concentration as active ionic form.,SECONDARY,NO,20,,,C,EXISTING_MEAN_PRESERVED,37,,,0/00,EXISTING_MEAN_PRESERVED,,,,,MISSING,,,,,MISSING
1495,1285255,739335,76315,Ag,Nitric acid silver (1+) salt (1:1),Tigriopus brevicornis,Harpacticoida,Adult,4,Renewal,Total,,95,,,ug/L,95,ug/L,20,34.5,8.2,,Impact of Dissolved and Particulate Organic Carbon on the Bioavailability of the Trace Metals Silver and Mercury for the Harpacticoid Copepod Tigriopus brevicornis,PRIMARY_KEEP,Eligible copepod LC50 candidate,107.8682,ECOTOX_STANDARDIZED_TARGET_METAL,0.095,0.8807044152029977,-0.12703321989499897,HARMONIZED,ECOTOX standardized concentration used; for metal salts ECOTOX generally expresses concentration as active ionic form.,SECONDARY,NO,20,,,C,EXISTING_MEAN_PRESERVED,34.5,,,0/00,EXISTING_MEAN_PRESERVED,8.2,,,,EXISTING_MEAN_PRESERVED,,,,,MISSING
1497,1054943,134344,3825,Ag,Nitric acid silver (1+) salt (1:1),Acartia tonsa,Calanoida,Adult,4,Static,Total,,36.3,,,ug/L,36.3,ug/L,20,,,,"Results of Acute Toxicity Tests Conducted with Silver at ERL, Narragansett",PRIMARY_KEEP,Eligible copepod LC50 candidate,107.8682,ECOTOX_STANDARDIZED_TARGET_METAL,0.0363,0.3365217923354612,-1.0890923702247348,HARMONIZED,ECOTOX standardized concentration used; for metal salts ECOTOX generally expresses concentration as active ionic form.,SECONDARY,NO,20,,,C,EXISTING_MEAN_PRESERVED,,,,,MISSING,,,,,MISSING,,,,,MISSING
1501,1053591,126387,3740,Ag,Nitric acid silver (1+) salt (1:1),Acartia tonsa,Calanoida,,4,Static,Total,,23.5,17.2,29.6,ug/L,23.5,ug/L,22,28,,,Results: Interlaboratory Comparison - Acute Toxicity Tests Using Estuarine Animals,PRIMARY_KEEP,Eligible copepod LC50 candidate,107.8682,ECOTOX_STANDARDIZED_TARGET_METAL,0.0235,0.2178584606028468,-1.5239096903454266,HARMONIZED,ECOTOX standardized concentration used; for metal salts ECOTOX generally expresses concentration as active ionic form.,SECONDARY,NO,22,,,C,EXISTING_MEAN_PRESERVED,28,,,0/00,EXISTING_MEAN_PRESERVED,,,,,MISSING,,,,,MISSING
1503,1053592,126388,3740,Ag,Nitric acid silver (1+) salt (1:1),Acartia tonsa,Calanoida,,4,Static,Total,,36.4,29.4,45.8,ug/L,36.4,ug/L,22,28,,,Results: Interlaboratory Comparison - Acute Toxicity Tests Using Estuarine Animals,PRIMARY_KEEP,Eligible copepod LC50 candidate,107.8682,ECOTOX_STANDARDIZED_TARGET_METAL,0.0364,0.3374488496146223,-1.0863413368528447,HARMONIZED,ECOTOX standardized concentration used; for metal salts ECOTOX generally expresses concentration as active ionic form.,SECONDARY,NO,22,,,C,EXISTING_MEAN_PRESERVED,28,,,0/00,EXISTING_MEAN_PRESERVED,,,,,MISSING,,,,,MISSING
1506,1326414,785777,107127,Ag,Nitric acid silver (1+) salt (1:1),Tigriopus japonicus,Harpacticoida,Adult,4,Renewal,Total,,0.024,0.022,0.028,mg/L,0.024,mg/L,20,32,,,Expression of Glutathione S-Transferase (GST) Genes in the Marine Copepod Tigriopus japonicus Exposed to Trace Metals,PRIMARY_KEEP,Eligible copepod LC50 candidate,107.8682,ECOTOX_STANDARDIZED_TARGET_METAL,0.024,0.22249374699865204,-1.5028562811475943,HARMONIZED,ECOTOX standardized concentration used; for metal salts ECOTOX generally expresses concentration as active ionic form.,SECONDARY,NO,20,,,C,EXISTING_MEAN_PRESERVED,32,,,0/00,EXISTING_MEAN_PRESERVED,,,,,MISSING,,,,,MISSING
1510,1205929,171320,18833,Ag,Nitric acid silver (1+) salt (1:1),Tigriopus brevicornis,Harpacticoida,Adult,4,Renewal,Total,,159,,,ug/L,159,ug/L,20,37,,,"Toxic Effects of Two Trace Metals, Copper and Silver, on a Crustacean Harpacticoid Copepod Tigriopus brevicornis (Muller). Lethal and Sublethal Effects at Different Development Stages (Effets Biologiques de Deux Metaux",PRIMARY_KEEP,Eligible copepod LC50 candidate,107.8682,ECOTOX_STANDARDIZED_TARGET_METAL,0.159,1.47402107386607,0.3879940907246918,HARMONIZED,ECOTOX standardized concentration used; for metal salts ECOTOX generally expresses concentration as active ionic form.,SECONDARY,NO,20,,,C,EXISTING_MEAN_PRESERVED,37,,,0/00,EXISTING_MEAN_PRESERVED,,,,,MISSING,,,,,MISSING
1511,1053590,126386,3740,Ag,Nitric acid silver (1+) salt (1:1),Acartia tonsa,Calanoida,,4,Static,Total,,35.8,30.5,41.6,ug/L,35.8,ug/L,22,28,,,Results: Interlaboratory Comparison - Acute Toxicity Tests Using Estuarine Animals,PRIMARY_KEEP,Eligible copepod LC50 candidate,107.8682,ECOTOX_STANDARDIZED_TARGET_METAL,0.0358,0.33188650593965596,-1.1029622180888852,HARMONIZED,ECOTOX standardized concentration used; for metal salts ECOTOX generally expresses concentration as active ionic form.,SECONDARY,NO,22,,,C,EXISTING_MEAN_PRESERVED,28,,,0/00,EXISTING_MEAN_PRESERVED,,,,,MISSING,,,,,MISSING
1512,1053589,126385,3740,Ag,Nitric acid silver (1+) salt (1:1),Acartia tonsa,Calanoida,,4,Static,Total,,66,59,74,ug/L,66,ug/L,22,28,,,Results: Interlaboratory Comparison - Acute Toxicity Tests Using Estuarine Animals,PRIMARY_KEEP,Eligible copepod LC50 candidate,107.8682,ECOTOX_STANDARDIZED_TARGET_METAL,0.066,0.6118578042462931,-0.4912553694691143,HARMONIZED,ECOTOX standardized concentration used; for metal salts ECOTOX generally expresses concentration as active ionic form.,SECONDARY,NO,22,,,C,EXISTING_MEAN_PRESERVED,28,,,0/00,EXISTING_MEAN_PRESERVED,,,,,MISSING,,,,,MISSING
1513,1054976,220863,3825,Ag,Nitric acid silver (1+) salt (1:1),Acartia tonsa,Calanoida,Adult,4,Static,Total,,36.3,21.8,102,ppb,36.3,ppb,20,30,,,"Results of Acute Toxicity Tests Conducted with Silver at ERL, Narragansett",PRIMARY_KEEP,Eligible copepod LC50 candidate,107.8682,ECOTOX_STANDARDIZED_TARGET_METAL,0.0363,0.3365217923354612,-1.0890923702247348,HARMONIZED,ECOTOX standardized concentration used; for metal salts ECOTOX generally expresses concentration as active ionic form.,SECONDARY,NO,20,,,C,EXISTING_MEAN_PRESERVED,30,,,0/00,EXISTING_MEAN_PRESERVED,,,,,MISSING,,,,,MISSING
1523,2114337,2208951,52250,Cr,"Chromic acid (H2CrO4), Disodium salt",Tisbe holothuriae,Harpacticoida,Sexually mature,2,Static,Total,,9.6,7.047,13.497,ppm,9.6,ppm,19,38,,,Influence of Life-History Adaptations on the Fidelity of Laboratory Bioassays for the Impact of Heavy Metals (Co2+ and Cr6+) on Tolerance and Population Dynamics of Tisbe holothuriae,PRIMARY_KEEP,Eligible copepod LC50 candidate,51.9961,PENDING_SOURCE_BASIS,,,,PENDING_CR_SOURCE_BASIS,Cr(VI) chromate/dichromate rows are retained but molar conversion is held until source-specific compound-vs-ion basis is resolved.,SECONDARY,NO,19,,,C,EXISTING_MEAN_PRESERVED,38,,,0/00,EXISTING_MEAN_PRESERVED,,,,,MISSING,,,,,MISSING
1525,2114334,2208948,52250,Cr,"Chromic acid (H2CrO4), Disodium salt",Tisbe holothuriae,Harpacticoida,Sexually mature,2,Static,Total,,2.837,1.07,4.224,ppm,2.837,ppm,19,38,,,Influence of Life-History Adaptations on the Fidelity of Laboratory Bioassays for the Impact of Heavy Metals (Co2+ and Cr6+) on Tolerance and Population Dynamics of Tisbe holothuriae,PRIMARY_KEEP,Eligible copepod LC50 candidate,51.9961,PENDING_SOURCE_BASIS,,,,PENDING_CR_SOURCE_BASIS,Cr(VI) chromate/dichromate rows are retained but molar conversion is held until source-specific compound-vs-ion basis is resolved.,SECONDARY,NO,19,,,C,EXISTING_MEAN_PRESERVED,38,,,0/00,EXISTING_MEAN_PRESERVED,,,,,MISSING,,,,,MISSING
1529,1179973,82439,15726,Cr,"Chromic acid (H2CrO4), Disodium salt",Tisbe holothuriae,Harpacticoida,Adult,2,Static,Total,,8140,,,ug/L,8140,ug/L,24,,,,"Individual and Combined Toxicity of Three Heavy Metals, Cu, Cd and Cr for the Marine Copepod Tisbe holothuriae",PRIMARY_KEEP,Eligible copepod LC50 candidate,51.9961,PENDING_SOURCE_BASIS,,,,PENDING_CR_SOURCE_BASIS,Cr(VI) chromate/dichromate rows are retained but molar conversion is held until source-specific compound-vs-ion basis is resolved.,SECONDARY,NO,24,,,C,EXISTING_MEAN_PRESERVED,,,,,MISSING,,,,,MISSING,,,,,MISSING
1533,2114335,2208949,52250,Cr,"Chromic acid (H2CrO4), Disodium salt",Tisbe holothuriae,Harpacticoida,Sexually mature,2,Static,Total,,1.699,0.072,2.886,ppm,1.699,ppm,19,38,,,Influence of Life-History Adaptations on the Fidelity of Laboratory Bioassays for the Impact of Heavy Metals (Co2+ and Cr6+) on Tolerance and Population Dynamics of Tisbe holothuriae,PRIMARY_KEEP,Eligible copepod LC50 candidate,51.9961,PENDING_SOURCE_BASIS,,,,PENDING_CR_SOURCE_BASIS,Cr(VI) chromate/dichromate rows are retained but molar conversion is held until source-specific compound-vs-ion basis is resolved.,SECONDARY,NO,19,,,C,EXISTING_MEAN_PRESERVED,38,,,0/00,EXISTING_MEAN_PRESERVED,,,,,MISSING,,,,,MISSING
1534,2114336,2208950,52250,Cr,"Chromic acid (H2CrO4), Disodium salt",Tisbe holothuriae,Harpacticoida,Sexually mature,2,Static,Total,,7.327,3.01,12.49,ppm,7.327,ppm,19,38,,,Influence of Life-History Adaptations on the Fidelity of Laboratory Bioassays for the Impact of Heavy Metals (Co2+ and Cr6+) on Tolerance and Population Dynamics of Tisbe holothuriae,PRIMARY_KEEP,Eligible copepod LC50 candidate,51.9961,PENDING_SOURCE_BASIS,,,,PENDING_CR_SOURCE_BASIS,Cr(VI) chromate/dichromate rows are retained but molar conversion is held until source-specific compound-vs-ion basis is resolved.,SECONDARY,NO,19,,,C,EXISTING_MEAN_PRESERVED,38,,,0/00,EXISTING_MEAN_PRESERVED,,,,,MISSING,,,,,MISSING
1539,1140048,94094,11673,Cr,"Chromic acid (H2CrO4), Disodium salt",Acartia clausi,Calanoida,Adult,2,Renewal,Total,,12260,,,ug/L,12260,ug/L,14,,,,"Toxicity of Chromium to the Marine Planktonic Copepod Acartia clausi, Giesbrecht",PRIMARY_KEEP,Eligible copepod LC50 candidate,51.9961,PENDING_SOURCE_BASIS,,,,PENDING_CR_SOURCE_BASIS,Cr(VI) chromate/dichromate rows are retained but molar conversion is held until source-specific compound-vs-ion basis is resolved.,SECONDARY,NO,14,,,C,EXISTING_MEAN_PRESERVED,,,,,MISSING,,,,,MISSING,,,,,MISSING
1541,1140047,94093,11673,Cr,"Chromic acid (H2CrO4), Disodium salt",Acartia clausi,Calanoida,Adult,2,Renewal,Total,,16370,,,ug/L,16370,ug/L,14,,,,"Toxicity of Chromium to the Marine Planktonic Copepod Acartia clausi, Giesbrecht",PRIMARY_KEEP,Eligible copepod LC50 candidate,51.9961,PENDING_SOURCE_BASIS,,,,PENDING_CR_SOURCE_BASIS,Cr(VI) chromate/dichromate rows are retained but molar conversion is held until source-specific compound-vs-ion basis is resolved.,SECONDARY,NO,14,,,C,EXISTING_MEAN_PRESERVED,,,,,MISSING,,,,,MISSING,,,,,MISSING
1544,1140045,94091,11673,Cr,"Chromic acid (H2CrO4), Disodium salt",Acartia clausi,Calanoida,Adult,2,Renewal,Total,,11470,,,ug/L,11470,ug/L,18,,,,"Toxicity of Chromium to the Marine Planktonic Copepod Acartia clausi, Giesbrecht",PRIMARY_KEEP,Eligible copepod LC50 candidate,51.9961,PENDING_SOURCE_BASIS,,,,PENDING_CR_SOURCE_BASIS,Cr(VI) chromate/dichromate rows are retained but molar conversion is held until source-specific compound-vs-ion basis is resolved.,SECONDARY,NO,18,,,C,EXISTING_MEAN_PRESERVED,,,,,MISSING,,,,,MISSING,,,,,MISSING
1546,1140046,94092,11673,Cr,"Chromic acid (H2CrO4), Disodium salt",Acartia clausi,Calanoida,Adult,2,Renewal,Total,,8830,,,ug/L,8830,ug/L,22,,,,"Toxicity of Chromium to the Marine Planktonic Copepod Acartia clausi, Giesbrecht",PRIMARY_KEEP,Eligible copepod LC50 candidate,51.9961,PENDING_SOURCE_BASIS,,,,PENDING_CR_SOURCE_BASIS,Cr(VI) chromate/dichromate rows are retained but molar conversion is held until source-specific compound-vs-ion basis is resolved.,SECONDARY,NO,22,,,C,EXISTING_MEAN_PRESERVED,,,,,MISSING,,,,,MISSING,,,,,MISSING
1547,1140044,94090,11673,Cr,"Chromic acid (H2CrO4), Disodium salt",Acartia clausi,Calanoida,Adult,2,Renewal,Total,,16990,,,ug/L,16990,ug/L,14,,,,"Toxicity of Chromium to the Marine Planktonic Copepod Acartia clausi, Giesbrecht",PRIMARY_KEEP,Eligible copepod LC50 candidate,51.9961,PENDING_SOURCE_BASIS,,,,PENDING_CR_SOURCE_BASIS,Cr(VI) chromate/dichromate rows are retained but molar conversion is held until source-specific compound-vs-ion basis is resolved.,SECONDARY,NO,14,,,C,EXISTING_MEAN_PRESERVED,,,,,MISSING,,,,,MISSING,,,,,MISSING
1687,1201121,160584,18307,Cr,"Chromic acid (H2Cr2O7), Potassium salt (1:2)",Nitocra spinipes,Harpacticoida,Juvenile,4,"Aquatic, unspecified",Total,,22000,,,ug/L,22000,ug/L,20,9,,,Precision of the Nitocra spinipes Acute Toxicity Test and the Effect of Salinity on Toxicity of the Reference Toxicant Potassium Bichromate,PRIMARY_KEEP,Eligible copepod LC50 candidate,51.9961,PENDING_SOURCE_BASIS,,,,PENDING_CR_SOURCE_BASIS,Cr(VI) chromate/dichromate rows are retained but molar conversion is held until source-specific compound-vs-ion basis is resolved.,SECONDARY,NO,20,,,C,EXISTING_MEAN_PRESERVED,9,,,0/00,EXISTING_MEAN_PRESERVED,,,,,MISSING,,,,,MISSING
1691,1201116,160579,18307,Cr,"Chromic acid (H2Cr2O7), Potassium salt (1:2)",Nitocra spinipes,Harpacticoida,Juvenile,4,"Aquatic, unspecified",Total,,50000,38000,77000,ug/L,50000,ug/L,20,27,,,Precision of the Nitocra spinipes Acute Toxicity Test and the Effect of Salinity on Toxicity of the Reference Toxicant Potassium Bichromate,PRIMARY_KEEP,Eligible copepod LC50 candidate,51.9961,PENDING_SOURCE_BASIS,,,,PENDING_CR_SOURCE_BASIS,Cr(VI) chromate/dichromate rows are retained but molar conversion is held until source-specific compound-vs-ion basis is resolved.,SECONDARY,NO,20,,,C,EXISTING_MEAN_PRESERVED,27,,,0/00,EXISTING_MEAN_PRESERVED,,,,,MISSING,,,,,MISSING
1692,1201130,160593,18307,Cr,"Chromic acid (H2Cr2O7), Potassium salt (1:2)",Nitocra spinipes,Harpacticoida,Juvenile,4,"Aquatic, unspecified",Total,,34000,,,ug/L,34000,ug/L,20,16,,,Precision of the Nitocra spinipes Acute Toxicity Test and the Effect of Salinity on Toxicity of the Reference Toxicant Potassium Bichromate,PRIMARY_KEEP,Eligible copepod LC50 candidate,51.9961,PENDING_SOURCE_BASIS,,,,PENDING_CR_SOURCE_BASIS,Cr(VI) chromate/dichromate rows are retained but molar conversion is held until source-specific compound-vs-ion basis is resolved.,SECONDARY,NO,20,,,C,EXISTING_MEAN_PRESERVED,16,,,0/00,EXISTING_MEAN_PRESERVED,,,,,MISSING,,,,,MISSING
1696,1201119,160582,18307,Cr,"Chromic acid (H2Cr2O7), Potassium salt (1:2)",Nitocra spinipes,Harpacticoida,Juvenile,4,"Aquatic, unspecified",Total,,22700,,,ug/L,22700,ug/L,20,9,,,Precision of the Nitocra spinipes Acute Toxicity Test and the Effect of Salinity on Toxicity of the Reference Toxicant Potassium Bichromate,PRIMARY_KEEP,Eligible copepod LC50 candidate,51.9961,PENDING_SOURCE_BASIS,,,,PENDING_CR_SOURCE_BASIS,Cr(VI) chromate/dichromate rows are retained but molar conversion is held until source-specific compound-vs-ion basis is resolved.,SECONDARY,NO,20,,,C,EXISTING_MEAN_PRESERVED,9,,,0/00,EXISTING_MEAN_PRESERVED,,,,,MISSING,,,,,MISSING
1699,1201120,160583,18307,Cr,"Chromic acid (H2Cr2O7), Potassium salt (1:2)",Nitocra spinipes,Harpacticoida,Juvenile,4,"Aquatic, unspecified",Total,,15500,,,ug/L,15500,ug/L,20,9,,,Precision of the Nitocra spinipes Acute Toxicity Test and the Effect of Salinity on Toxicity of the Reference Toxicant Potassium Bichromate,PRIMARY_KEEP,Eligible copepod LC50 candidate,51.9961,PENDING_SOURCE_BASIS,,,,PENDING_CR_SOURCE_BASIS,Cr(VI) chromate/dichromate rows are retained but molar conversion is held until source-specific compound-vs-ion basis is resolved.,SECONDARY,NO,20,,,C,EXISTING_MEAN_PRESERVED,9,,,0/00,EXISTING_MEAN_PRESERVED,,,,,MISSING,,,,,MISSING
1702,1201107,160570,18307,Cr,"Chromic acid (H2Cr2O7), Potassium salt (1:2)",Nitocra spinipes,Harpacticoida,Juvenile,3,"Aquatic, unspecified",Total,,16000,12000,21000,ug/L,16000,ug/L,20,6.8,,,Precision of the Nitocra spinipes Acute Toxicity Test and the Effect of Salinity on Toxicity of the Reference Toxicant Potassium Bichromate,PRIMARY_KEEP,Eligible copepod LC50 candidate,51.9961,PENDING_SOURCE_BASIS,,,,PENDING_CR_SOURCE_BASIS,Cr(VI) chromate/dichromate rows are retained but molar conversion is held until source-specific compound-vs-ion basis is resolved.,SECONDARY,NO,20,,,C,EXISTING_MEAN_PRESERVED,6.8,,,0/00,EXISTING_MEAN_PRESERVED,,,,,MISSING,,,,,MISSING
1705,2314542,2781646,52818,Cr,"Chromic acid (H2Cr2O7), Potassium salt (1:2)",Acartia tonsa,Calanoida,Adult,1,Static,Total,,47,38,63,mg/L,47,mg/L,20,18,,,Fully Defined Saltwater Medium for Cultivation of and Toxicity Testing with Marine Copepod Acartia tonsa,PRIMARY_KEEP,Eligible copepod LC50 candidate,51.9961,PENDING_SOURCE_BASIS,,,,PENDING_CR_SOURCE_BASIS,Cr(VI) chromate/dichromate rows are retained but molar conversion is held until source-specific compound-vs-ion basis is resolved.,SECONDARY,NO,20,,,C,EXISTING_MEAN_PRESERVED,18,,,0/00,EXISTING_MEAN_PRESERVED,,,,,MISSING,,,,,MISSING
1706,2314542,2781647,52818,Cr,"Chromic acid (H2Cr2O7), Potassium salt (1:2)",Acartia tonsa,Calanoida,Adult,2,Static,Total,,16,13,21,mg/L,16,mg/L,20,18,,,Fully Defined Saltwater Medium for Cultivation of and Toxicity Testing with Marine Copepod Acartia tonsa,PRIMARY_KEEP,Eligible copepod LC50 candidate,51.9961,PENDING_SOURCE_BASIS,,,,PENDING_CR_SOURCE_BASIS,Cr(VI) chromate/dichromate rows are retained but molar conversion is held until source-specific compound-vs-ion basis is resolved.,SECONDARY,NO,20,,,C,EXISTING_MEAN_PRESERVED,18,,,0/00,EXISTING_MEAN_PRESERVED,,,,,MISSING,,,,,MISSING
1709,1159875,142884,14137,Cr,"Chromic acid (H2Cr2O7), Potassium salt (1:2)",Tisbe battagliai,Harpacticoida,Adult,4,Renewal,Total,,5900,,,ug/L,5900,ug/L,20.5,34.754999999999995,7.92,,"Toxicity of Cadmium, Hexavalent Chromium and Copper to Marine Fish Larvae (Cypinodon variegatus) and Copepods (Tisbe battagliai)",PRIMARY_KEEP,Eligible copepod LC50 candidate,51.9961,PENDING_SOURCE_BASIS,,,,PENDING_CR_SOURCE_BASIS,Cr(VI) chromate/dichromate rows are retained but molar conversion is held until source-specific compound-vs-ion basis is resolved.,SECONDARY,NO,,20,21,C,RAW_RANGE_MIDPOINT_RECOVERED,,34.5,35.01,0/00,RAW_RANGE_MIDPOINT_RECOVERED,,7.7,8.14,,RAW_RANGE_MIDPOINT_RECOVERED,,,,,MISSING
1712,2314544,2781653,52818,Cr,"Chromic acid (H2Cr2O7), Potassium salt (1:2)",Acartia tonsa,Calanoida,Adult,2,Static,Total,,10,8.7,12,mg/L,10,mg/L,20,18,,,Fully Defined Saltwater Medium for Cultivation of and Toxicity Testing with Marine Copepod Acartia tonsa,PRIMARY_KEEP,Eligible copepod LC50 candidate,51.9961,PENDING_SOURCE_BASIS,,,,PENDING_CR_SOURCE_BASIS,Cr(VI) chromate/dichromate rows are retained but molar conversion is held until source-specific compound-vs-ion basis is resolved.,SECONDARY,NO,20,,,C,EXISTING_MEAN_PRESERVED,18,,,0/00,EXISTING_MEAN_PRESERVED,,,,,MISSING,,,,,MISSING
1713,2314544,2781652,52818,Cr,"Chromic acid (H2Cr2O7), Potassium salt (1:2)",Acartia tonsa,Calanoida,Adult,1,Static,Total,,20,17,23,mg/L,20,mg/L,20,18,,,Fully Defined Saltwater Medium for Cultivation of and Toxicity Testing with Marine Copepod Acartia tonsa,PRIMARY_KEEP,Eligible copepod LC50 candidate,51.9961,PENDING_SOURCE_BASIS,,,,PENDING_CR_SOURCE_BASIS,Cr(VI) chromate/dichromate rows are retained but molar conversion is held until source-specific compound-vs-ion basis is resolved.,SECONDARY,NO,20,,,C,EXISTING_MEAN_PRESERVED,18,,,0/00,EXISTING_MEAN_PRESERVED,,,,,MISSING,,,,,MISSING
1715,2114272,2208825,167149,Cr,"Chromic acid (H2Cr2O7), Potassium salt (1:2)",Acartia tonsa,Calanoida,Multiple,2,Static,Total,,10.6,7.2,26,mg/L,10.6,mg/L,25,32,8.1,,Acute Toxicity of Sodium Cyanide to Marine Copepods (Acartia tonsa),PRIMARY_KEEP,Eligible copepod LC50 candidate,51.9961,PENDING_SOURCE_BASIS,,,,PENDING_CR_SOURCE_BASIS,Cr(VI) chromate/dichromate rows are retained but molar conversion is held until source-specific compound-vs-ion basis is resolved.,SECONDARY,NO,25,,,C,EXISTING_MEAN_PRESERVED,,29,35,0/00,RAW_RANGE_MIDPOINT_RECOVERED,8.1,8,8.4,,EXISTING_MEAN_PRESERVED,,,,,MISSING
1716,2114255,2208798,167149,Cr,"Chromic acid (H2Cr2O7), Potassium salt (1:2)",Acartia tonsa,Calanoida,Multiple,2,Static,Total,,11.9,7.2,26,mg/L,11.9,mg/L,25,32,8.15,,Acute Toxicity of Sodium Cyanide to Marine Copepods (Acartia tonsa),PRIMARY_KEEP,Eligible copepod LC50 candidate,51.9961,PENDING_SOURCE_BASIS,,,,PENDING_CR_SOURCE_BASIS,Cr(VI) chromate/dichromate rows are retained but molar conversion is held until source-specific compound-vs-ion basis is resolved.,SECONDARY,NO,25,,,C,EXISTING_MEAN_PRESERVED,,29,35,0/00,RAW_RANGE_MIDPOINT_RECOVERED,,8,8.3,,RAW_RANGE_MIDPOINT_RECOVERED,,,,,MISSING
1717,1201124,160587,18307,Cr,"Chromic acid (H2Cr2O7), Potassium salt (1:2)",Nitocra spinipes,Harpacticoida,Juvenile,4,"Aquatic, unspecified",Total,,21000,,,ug/L,21000,ug/L,20,9,,,Precision of the Nitocra spinipes Acute Toxicity Test and the Effect of Salinity on Toxicity of the Reference Toxicant Potassium Bichromate,PRIMARY_KEEP,Eligible copepod LC50 candidate,51.9961,PENDING_SOURCE_BASIS,,,,PENDING_CR_SOURCE_BASIS,Cr(VI) chromate/dichromate rows are retained but molar conversion is held until source-specific compound-vs-ion basis is resolved.,SECONDARY,NO,20,,,C,EXISTING_MEAN_PRESERVED,9,,,0/00,EXISTING_MEAN_PRESERVED,,,,,MISSING,,,,,MISSING
1723,2299146,2706683,5185,Cr,"Chromic acid (H2Cr2O7), Potassium salt (1:2)",Nitocra spinipes,Harpacticoida,Adult,4,Static,Total,,16,11,23,mg/L,16,mg/L,21,7,7.8,,"The Acute Toxicity of 78 Chemicals and Pesticide Formulations Against Two Brackish Water Organisms, the Bleak (Alburnus alburnus) and the Harpacticoid Nitocra spinipes",PRIMARY_KEEP,Eligible copepod LC50 candidate,51.9961,PENDING_SOURCE_BASIS,,,,PENDING_CR_SOURCE_BASIS,Cr(VI) chromate/dichromate rows are retained but molar conversion is held until source-specific compound-vs-ion basis is resolved.,SECONDARY,NO,21,20,22,C,EXISTING_MEAN_PRESERVED,7,,,0/00,EXISTING_MEAN_PRESERVED,7.8,,,,EXISTING_MEAN_PRESERVED,,,,,MISSING
1724,1201105,160568,18307,Cr,"Chromic acid (H2Cr2O7), Potassium salt (1:2)",Nitocra spinipes,Harpacticoida,Juvenile,1,"Aquatic, unspecified",Total,,51000,36000,94000,ug/L,51000,ug/L,20,6.8,,,Precision of the Nitocra spinipes Acute Toxicity Test and the Effect of Salinity on Toxicity of the Reference Toxicant Potassium Bichromate,PRIMARY_KEEP,Eligible copepod LC50 candidate,51.9961,PENDING_SOURCE_BASIS,,,,PENDING_CR_SOURCE_BASIS,Cr(VI) chromate/dichromate rows are retained but molar conversion is held until source-specific compound-vs-ion basis is resolved.,SECONDARY,NO,20,,,C,EXISTING_MEAN_PRESERVED,6.8,,,0/00,EXISTING_MEAN_PRESERVED,,,,,MISSING,,,,,MISSING
1726,1201129,160592,18307,Cr,"Chromic acid (H2Cr2O7), Potassium salt (1:2)",Nitocra spinipes,Harpacticoida,Juvenile,4,"Aquatic, unspecified",Total,,54600,,,ug/L,54600,ug/L,20,15,,,Precision of the Nitocra spinipes Acute Toxicity Test and the Effect of Salinity on Toxicity of the Reference Toxicant Potassium Bichromate,PRIMARY_KEEP,Eligible copepod LC50 candidate,51.9961,PENDING_SOURCE_BASIS,,,,PENDING_CR_SOURCE_BASIS,Cr(VI) chromate/dichromate rows are retained but molar conversion is held until source-specific compound-vs-ion basis is resolved.,SECONDARY,NO,20,,,C,EXISTING_MEAN_PRESERVED,15,,,0/00,EXISTING_MEAN_PRESERVED,,,,,MISSING,,,,,MISSING
1735,1201131,160594,18307,Cr,"Chromic acid (H2Cr2O7), Potassium salt (1:2)",Nitocra spinipes,Harpacticoida,Juvenile,4,"Aquatic, unspecified",Total,,15000,,,ug/L,15000,ug/L,20,16,,,Precision of the Nitocra spinipes Acute Toxicity Test and the Effect of Salinity on Toxicity of the Reference Toxicant Potassium Bichromate,PRIMARY_KEEP,Eligible copepod LC50 candidate,51.9961,PENDING_SOURCE_BASIS,,,,PENDING_CR_SOURCE_BASIS,Cr(VI) chromate/dichromate rows are retained but molar conversion is held until source-specific compound-vs-ion basis is resolved.,SECONDARY,NO,20,,,C,EXISTING_MEAN_PRESERVED,16,,,0/00,EXISTING_MEAN_PRESERVED,,,,,MISSING,,,,,MISSING
1737,1201118,160581,18307,Cr,"Chromic acid (H2Cr2O7), Potassium salt (1:2)",Nitocra spinipes,Harpacticoida,Juvenile,4,"Aquatic, unspecified",Total,,20500,,,ug/L,20500,ug/L,20,7,,,Precision of the Nitocra spinipes Acute Toxicity Test and the Effect of Salinity on Toxicity of the Reference Toxicant Potassium Bichromate,PRIMARY_KEEP,Eligible copepod LC50 candidate,51.9961,PENDING_SOURCE_BASIS,,,,PENDING_CR_SOURCE_BASIS,Cr(VI) chromate/dichromate rows are retained but molar conversion is held until source-specific compound-vs-ion basis is resolved.,SECONDARY,NO,20,,,C,EXISTING_MEAN_PRESERVED,7,,,0/00,EXISTING_MEAN_PRESERVED,,,,,MISSING,,,,,MISSING
1741,2314543,2781649,52818,Cr,"Chromic acid (H2Cr2O7), Potassium salt (1:2)",Acartia tonsa,Calanoida,Adult,1,Static,Total,,49,41,61,mg/L,49,mg/L,20,18,,,Fully Defined Saltwater Medium for Cultivation of and Toxicity Testing with Marine Copepod Acartia tonsa,PRIMARY_KEEP,Eligible copepod LC50 candidate,51.9961,PENDING_SOURCE_BASIS,,,,PENDING_CR_SOURCE_BASIS,Cr(VI) chromate/dichromate rows are retained but molar conversion is held until source-specific compound-vs-ion basis is resolved.,SECONDARY,NO,20,,,C,EXISTING_MEAN_PRESERVED,18,,,0/00,EXISTING_MEAN_PRESERVED,,,,,MISSING,,,,,MISSING
1743,2314543,2781650,52818,Cr,"Chromic acid (H2Cr2O7), Potassium salt (1:2)",Acartia tonsa,Calanoida,Adult,2,Static,Total,,18,15,23,mg/L,18,mg/L,20,18,,,Fully Defined Saltwater Medium for Cultivation of and Toxicity Testing with Marine Copepod Acartia tonsa,PRIMARY_KEEP,Eligible copepod LC50 candidate,51.9961,PENDING_SOURCE_BASIS,,,,PENDING_CR_SOURCE_BASIS,Cr(VI) chromate/dichromate rows are retained but molar conversion is held until source-specific compound-vs-ion basis is resolved.,SECONDARY,NO,20,,,C,EXISTING_MEAN_PRESERVED,18,,,0/00,EXISTING_MEAN_PRESERVED,,,,,MISSING,,,,,MISSING
1746,1201108,160571,18307,Cr,"Chromic acid (H2Cr2O7), Potassium salt (1:2)",Nitocra spinipes,Harpacticoida,Juvenile,4,"Aquatic, unspecified",Total,,14000,11000,18000,ug/L,14000,ug/L,20,6.8,,,Precision of the Nitocra spinipes Acute Toxicity Test and the Effect of Salinity on Toxicity of the Reference Toxicant Potassium Bichromate,PRIMARY_KEEP,Eligible copepod LC50 candidate,51.9961,PENDING_SOURCE_BASIS,,,,PENDING_CR_SOURCE_BASIS,Cr(VI) chromate/dichromate rows are retained but molar conversion is held until source-specific compound-vs-ion basis is resolved.,SECONDARY,NO,20,,,C,EXISTING_MEAN_PRESERVED,6.8,,,0/00,EXISTING_MEAN_PRESERVED,,,,,MISSING,,,,,MISSING
1748,1201122,160585,18307,Cr,"Chromic acid (H2Cr2O7), Potassium salt (1:2)",Nitocra spinipes,Harpacticoida,Juvenile,4,"Aquatic, unspecified",Total,,11500,,,ug/L,11500,ug/L,20,9,,,Precision of the Nitocra spinipes Acute Toxicity Test and the Effect of Salinity on Toxicity of the Reference Toxicant Potassium Bichromate,PRIMARY_KEEP,Eligible copepod LC50 candidate,51.9961,PENDING_SOURCE_BASIS,,,,PENDING_CR_SOURCE_BASIS,Cr(VI) chromate/dichromate rows are retained but molar conversion is held until source-specific compound-vs-ion basis is resolved.,SECONDARY,NO,20,,,C,EXISTING_MEAN_PRESERVED,9,,,0/00,EXISTING_MEAN_PRESERVED,,,,,MISSING,,,,,MISSING
1752,1159874,142883,14137,Cr,"Chromic acid (H2Cr2O7), Potassium salt (1:2)",Tisbe battagliai,Harpacticoida,Nauplii,4,Renewal,Total,,1600,,,ug/L,1600,ug/L,20.5,34.754999999999995,7.92,,"Toxicity of Cadmium, Hexavalent Chromium and Copper to Marine Fish Larvae (Cypinodon variegatus) and Copepods (Tisbe battagliai)",PRIMARY_KEEP,Eligible copepod LC50 candidate,51.9961,PENDING_SOURCE_BASIS,,,,PENDING_CR_SOURCE_BASIS,Cr(VI) chromate/dichromate rows are retained but molar conversion is held until source-specific compound-vs-ion basis is resolved.,SECONDARY,NO,,20,21,C,RAW_RANGE_MIDPOINT_RECOVERED,,34.5,35.01,0/00,RAW_RANGE_MIDPOINT_RECOVERED,,7.7,8.14,,RAW_RANGE_MIDPOINT_RECOVERED,,,,,MISSING
1759,1201106,160569,18307,Cr,"Chromic acid (H2Cr2O7), Potassium salt (1:2)",Nitocra spinipes,Harpacticoida,Juvenile,2,"Aquatic, unspecified",Total,,21000,14000,31000,ug/L,21000,ug/L,20,6.8,,,Precision of the Nitocra spinipes Acute Toxicity Test and the Effect of Salinity on Toxicity of the Reference Toxicant Potassium Bichromate,PRIMARY_KEEP,Eligible copepod LC50 candidate,51.9961,PENDING_SOURCE_BASIS,,,,PENDING_CR_SOURCE_BASIS,Cr(VI) chromate/dichromate rows are retained but molar conversion is held until source-specific compound-vs-ion basis is resolved.,SECONDARY,NO,20,,,C,EXISTING_MEAN_PRESERVED,6.8,,,0/00,EXISTING_MEAN_PRESERVED,,,,,MISSING,,,,,MISSING
1761,1201112,160575,18307,Cr,"Chromic acid (H2Cr2O7), Potassium salt (1:2)",Nitocra spinipes,Harpacticoida,Juvenile,4,"Aquatic, unspecified",Total,,29000,22000,41000,ug/L,29000,ug/L,20,13.5,,,Precision of the Nitocra spinipes Acute Toxicity Test and the Effect of Salinity on Toxicity of the Reference Toxicant Potassium Bichromate,PRIMARY_KEEP,Eligible copepod LC50 candidate,51.9961,PENDING_SOURCE_BASIS,,,,PENDING_CR_SOURCE_BASIS,Cr(VI) chromate/dichromate rows are retained but molar conversion is held until source-specific compound-vs-ion basis is resolved.,SECONDARY,NO,20,,,C,EXISTING_MEAN_PRESERVED,13.5,,,0/00,EXISTING_MEAN_PRESERVED,,,,,MISSING,,,,,MISSING
1769,2114271,2208824,167149,Cr,"Chromic acid (H2Cr2O7), Potassium salt (1:2)",Acartia tonsa,Calanoida,Multiple,2,Static,Total,,11.9,7.2,26,mg/L,11.9,mg/L,25,31.5,8.1,,Acute Toxicity of Sodium Cyanide to Marine Copepods (Acartia tonsa),PRIMARY_KEEP,Eligible copepod LC50 candidate,51.9961,PENDING_SOURCE_BASIS,,,,PENDING_CR_SOURCE_BASIS,Cr(VI) chromate/dichromate rows are retained but molar conversion is held until source-specific compound-vs-ion basis is resolved.,SECONDARY,NO,25,,,C,EXISTING_MEAN_PRESERVED,,30,33,0/00,RAW_RANGE_MIDPOINT_RECOVERED,8.1,8,8.3,,EXISTING_MEAN_PRESERVED,,,,,MISSING
1771,2034090,2055215,97664,Cr,"Chromic acid (H2Cr2O7), Potassium salt (1:2)",Nitocra spinipes,Harpacticoida,,4,Static,Total,,31,,,mg/L,31,mg/L,21,27.5,,,TNT Leakage Through Sediment to Water and Toxicity to Nitocra spinipes,PRIMARY_KEEP,Eligible copepod LC50 candidate,51.9961,PENDING_SOURCE_BASIS,,,,PENDING_CR_SOURCE_BASIS,Cr(VI) chromate/dichromate rows are retained but molar conversion is held until source-specific compound-vs-ion basis is resolved.,SECONDARY,NO,21,,,C,EXISTING_MEAN_PRESERVED,,25,30,0/00,RAW_RANGE_MIDPOINT_RECOVERED,,,,,MISSING,,,,,MISSING
1772,1201110,160573,18307,Cr,"Chromic acid (H2Cr2O7), Potassium salt (1:2)",Nitocra spinipes,Harpacticoida,Juvenile,2,"Aquatic, unspecified",Total,,46000,31000,93000,ug/L,46000,ug/L,20,13.5,,,Precision of the Nitocra spinipes Acute Toxicity Test and the Effect of Salinity on Toxicity of the Reference Toxicant Potassium Bichromate,PRIMARY_KEEP,Eligible copepod LC50 candidate,51.9961,PENDING_SOURCE_BASIS,,,,PENDING_CR_SOURCE_BASIS,Cr(VI) chromate/dichromate rows are retained but molar conversion is held until source-specific compound-vs-ion basis is resolved.,SECONDARY,NO,20,,,C,EXISTING_MEAN_PRESERVED,13.5,,,0/00,EXISTING_MEAN_PRESERVED,,,,,MISSING,,,,,MISSING
1774,1201126,160589,18307,Cr,"Chromic acid (H2Cr2O7), Potassium salt (1:2)",Nitocra spinipes,Harpacticoida,Juvenile,4,"Aquatic, unspecified",Total,,34800,,,ug/L,34800,ug/L,20,9,,,Precision of the Nitocra spinipes Acute Toxicity Test and the Effect of Salinity on Toxicity of the Reference Toxicant Potassium Bichromate,PRIMARY_KEEP,Eligible copepod LC50 candidate,51.9961,PENDING_SOURCE_BASIS,,,,PENDING_CR_SOURCE_BASIS,Cr(VI) chromate/dichromate rows are retained but molar conversion is held until source-specific compound-vs-ion basis is resolved.,SECONDARY,NO,20,,,C,EXISTING_MEAN_PRESERVED,9,,,0/00,EXISTING_MEAN_PRESERVED,,,,,MISSING,,,,,MISSING
1780,1201132,160596,18307,Cr,"Chromic acid (H2Cr2O7), Potassium salt (1:2)",Nitocra spinipes,Harpacticoida,Juvenile,4,"Aquatic, unspecified",Total,,44600,,,ug/L,44600,ug/L,20,33,,,Precision of the Nitocra spinipes Acute Toxicity Test and the Effect of Salinity on Toxicity of the Reference Toxicant Potassium Bichromate,PRIMARY_KEEP,Eligible copepod LC50 candidate,51.9961,PENDING_SOURCE_BASIS,,,,PENDING_CR_SOURCE_BASIS,Cr(VI) chromate/dichromate rows are retained but molar conversion is held until source-specific compound-vs-ion basis is resolved.,SECONDARY,NO,20,,,C,EXISTING_MEAN_PRESERVED,33,,,0/00,EXISTING_MEAN_PRESERVED,,,,,MISSING,,,,,MISSING
1781,1201123,160586,18307,Cr,"Chromic acid (H2Cr2O7), Potassium salt (1:2)",Nitocra spinipes,Harpacticoida,Juvenile,4,"Aquatic, unspecified",Total,,8700,,,ug/L,8700,ug/L,20,9,,,Precision of the Nitocra spinipes Acute Toxicity Test and the Effect of Salinity on Toxicity of the Reference Toxicant Potassium Bichromate,PRIMARY_KEEP,Eligible copepod LC50 candidate,51.9961,PENDING_SOURCE_BASIS,,,,PENDING_CR_SOURCE_BASIS,Cr(VI) chromate/dichromate rows are retained but molar conversion is held until source-specific compound-vs-ion basis is resolved.,SECONDARY,NO,20,,,C,EXISTING_MEAN_PRESERVED,9,,,0/00,EXISTING_MEAN_PRESERVED,,,,,MISSING,,,,,MISSING
1784,1201117,160580,18307,Cr,"Chromic acid (H2Cr2O7), Potassium salt (1:2)",Nitocra spinipes,Harpacticoida,Juvenile,4,"Aquatic, unspecified",Total,,24200,,,ug/L,24200,ug/L,20,7,,,Precision of the Nitocra spinipes Acute Toxicity Test and the Effect of Salinity on Toxicity of the Reference Toxicant Potassium Bichromate,PRIMARY_KEEP,Eligible copepod LC50 candidate,51.9961,PENDING_SOURCE_BASIS,,,,PENDING_CR_SOURCE_BASIS,Cr(VI) chromate/dichromate rows are retained but molar conversion is held until source-specific compound-vs-ion basis is resolved.,SECONDARY,NO,20,,,C,EXISTING_MEAN_PRESERVED,7,,,0/00,EXISTING_MEAN_PRESERVED,,,,,MISSING,,,,,MISSING
1785,1201128,160591,18307,Cr,"Chromic acid (H2Cr2O7), Potassium salt (1:2)",Nitocra spinipes,Harpacticoida,Juvenile,4,"Aquatic, unspecified",Total,,34800,,,ug/L,34800,ug/L,20,15,,,Precision of the Nitocra spinipes Acute Toxicity Test and the Effect of Salinity on Toxicity of the Reference Toxicant Potassium Bichromate,PRIMARY_KEEP,Eligible copepod LC50 candidate,51.9961,PENDING_SOURCE_BASIS,,,,PENDING_CR_SOURCE_BASIS,Cr(VI) chromate/dichromate rows are retained but molar conversion is held until source-specific compound-vs-ion basis is resolved.,SECONDARY,NO,20,,,C,EXISTING_MEAN_PRESERVED,15,,,0/00,EXISTING_MEAN_PRESERVED,,,,,MISSING,,,,,MISSING
1787,1236962,215847,66691,Cr,"Chromic acid (H2Cr2O7), Potassium salt (1:2)",Acartia tonsa,Calanoida,Adult,2,Static,Total,,10,8.7,12,mg/L,10,mg/L,20,18,,,Development of Copepod Nauplii to Copepodites - a Parameter for Chronic Toxicity Including Endocrine Disruption,PRIMARY_KEEP,Eligible copepod LC50 candidate,51.9961,PENDING_SOURCE_BASIS,,,,PENDING_CR_SOURCE_BASIS,Cr(VI) chromate/dichromate rows are retained but molar conversion is held until source-specific compound-vs-ion basis is resolved.,SECONDARY,NO,20,,,C,EXISTING_MEAN_PRESERVED,18,,,0/00,EXISTING_MEAN_PRESERVED,,,,,MISSING,,,,,MISSING
1789,1201127,160590,18307,Cr,"Chromic acid (H2Cr2O7), Potassium salt (1:2)",Nitocra spinipes,Harpacticoida,Juvenile,4,"Aquatic, unspecified",Total,,7500,,,ug/L,7500,ug/L,20,9,,,Precision of the Nitocra spinipes Acute Toxicity Test and the Effect of Salinity on Toxicity of the Reference Toxicant Potassium Bichromate,PRIMARY_KEEP,Eligible copepod LC50 candidate,51.9961,PENDING_SOURCE_BASIS,,,,PENDING_CR_SOURCE_BASIS,Cr(VI) chromate/dichromate rows are retained but molar conversion is held until source-specific compound-vs-ion basis is resolved.,SECONDARY,NO,20,,,C,EXISTING_MEAN_PRESERVED,9,,,0/00,EXISTING_MEAN_PRESERVED,,,,,MISSING,,,,,MISSING
1792,1201125,160588,18307,Cr,"Chromic acid (H2Cr2O7), Potassium salt (1:2)",Nitocra spinipes,Harpacticoida,Juvenile,4,"Aquatic, unspecified",Total,,17000,,,ug/L,17000,ug/L,20,9,,,Precision of the Nitocra spinipes Acute Toxicity Test and the Effect of Salinity on Toxicity of the Reference Toxicant Potassium Bichromate,PRIMARY_KEEP,Eligible copepod LC50 candidate,51.9961,PENDING_SOURCE_BASIS,,,,PENDING_CR_SOURCE_BASIS,Cr(VI) chromate/dichromate rows are retained but molar conversion is held until source-specific compound-vs-ion basis is resolved.,SECONDARY,NO,20,,,C,EXISTING_MEAN_PRESERVED,9,,,0/00,EXISTING_MEAN_PRESERVED,,,,,MISSING,,,,,MISSING
1797,1201111,160574,18307,Cr,"Chromic acid (H2Cr2O7), Potassium salt (1:2)",Nitocra spinipes,Harpacticoida,Juvenile,3,"Aquatic, unspecified",Total,,37000,27000,55000,ug/L,37000,ug/L,20,13.5,,,Precision of the Nitocra spinipes Acute Toxicity Test and the Effect of Salinity on Toxicity of the Reference Toxicant Potassium Bichromate,PRIMARY_KEEP,Eligible copepod LC50 candidate,51.9961,PENDING_SOURCE_BASIS,,,,PENDING_CR_SOURCE_BASIS,Cr(VI) chromate/dichromate rows are retained but molar conversion is held until source-specific compound-vs-ion basis is resolved.,SECONDARY,NO,20,,,C,EXISTING_MEAN_PRESERVED,13.5,,,0/00,EXISTING_MEAN_PRESERVED,,,,,MISSING,,,,,MISSING
1801,2114273,2208826,167149,Cr,"Chromic acid (H2Cr2O7), Potassium salt (1:2)",Acartia tonsa,Calanoida,Multiple,2,Static,Total,,10.6,7.2,26,mg/L,10.6,mg/L,25,33.2,8.1,,Acute Toxicity of Sodium Cyanide to Marine Copepods (Acartia tonsa),PRIMARY_KEEP,Eligible copepod LC50 candidate,51.9961,PENDING_SOURCE_BASIS,,,,PENDING_CR_SOURCE_BASIS,Cr(VI) chromate/dichromate rows are retained but molar conversion is held until source-specific compound-vs-ion basis is resolved.,SECONDARY,NO,25,,,C,EXISTING_MEAN_PRESERVED,,30.4,36,0/00,RAW_RANGE_MIDPOINT_RECOVERED,8.1,8,8.4,,EXISTING_MEAN_PRESERVED,,,,,MISSING
1876,1179972,81929,15726,Cd,Cadmium chloride (CdCl2),Tisbe holothuriae,Harpacticoida,Adult,2,Static,Total,,970,,,ug/L,970,ug/L,24,,,,"Individual and Combined Toxicity of Three Heavy Metals, Cu, Cd and Cr for the Marine Copepod Tisbe holothuriae",PRIMARY_KEEP,Eligible copepod LC50 candidate,112.414,ECOTOX_STANDARDIZED_TARGET_METAL,0.97,8.628818474567225,2.1551075866340454,HARMONIZED,ECOTOX standardized concentration used; for metal salts ECOTOX generally expresses concentration as active ionic form.,CORE,YES,24,,,C,EXISTING_MEAN_PRESERVED,,,,,MISSING,,,,,MISSING,,,,,MISSING
1919,2136234,2252281,153073,Cd,Cadmium chloride (CdCl2),Paracyclopina nana,Cyclopoida,Adult,4,Renewal,Total,,0.3,0.26,0.36,mg/L,0.3,mg/L,25,15,,,"Molecular Characterization and Expression of Vitellogenin (Vg) Genes from the Cyclopoid Copepod, Paracyclopina nana Exposed to Heavy Metals",PRIMARY_KEEP,Eligible copepod LC50 candidate,112.414,ECOTOX_STANDARDIZED_TARGET_METAL,0.3,2.6687067447115127,0.9815939897928179,HARMONIZED,ECOTOX standardized concentration used; for metal salts ECOTOX generally expresses concentration as active ionic form.,CORE,YES,25,,,C,EXISTING_MEAN_PRESERVED,15,,,0/00,EXISTING_MEAN_PRESERVED,,,,,MISSING,,,,,MISSING
1928,1135993,90613,11097,Cd,Cadmium chloride (CdCl2),Tisbe holothuriae,Harpacticoida,,2,Static,Total,,872.7,,,ug/L,872.7,ug/L,18,38,,,Differentiation of the Sensitivity to Copper and Cadmium in Different Life Stages of a Copepod,PRIMARY_KEEP,Eligible copepod LC50 candidate,112.414,ECOTOX_STANDARDIZED_TARGET_METAL,0.8727,7.763267920365791,2.0494033693058826,HARMONIZED,ECOTOX standardized concentration used; for metal salts ECOTOX generally expresses concentration as active ionic form.,CORE,YES,18,,,C,EXISTING_MEAN_PRESERVED,38,,,0/00,EXISTING_MEAN_PRESERVED,,,,,MISSING,,,,,MISSING
1932,1070633,15838,5563,Cd,Cadmium chloride (CdCl2),Paracalanus parvus,Calanoida,Multiple,1,Static,Total,,2710,2070,5220,ug/L,2710,ug/L,17,35,,,"Acute Toxicity of Copper, Cadmium and Zinc to Three Species of Marine Copepod",PRIMARY_KEEP,Eligible copepod LC50 candidate,112.414,ECOTOX_STANDARDIZED_TARGET_METAL,2.71,24.107317593894,3.1825154290103637,HARMONIZED,ECOTOX standardized concentration used; for metal salts ECOTOX generally expresses concentration as active ionic form.,CORE,YES,17,,,C,EXISTING_MEAN_PRESERVED,,34.5,35.5,0/00,RAW_RANGE_MIDPOINT_RECOVERED,,,,,MISSING,,,,,MISSING
1944,2307791,2748533,192310,Cd,Cadmium chloride (CdCl2),Oithona similis,Cyclopoida,Adult,4,Renewal,Dissolved,,0.019,,,mg/L,0.019,mg/L,26,29.5,7.8,,"Prescribing Sea Water Quality Criteria for Arsenic, Cadmium and Lead Through Species Sensitivity Distribution",PRIMARY_KEEP,Eligible copepod LC50 candidate,112.414,ECOTOX_STANDARDIZED_TARGET_METAL,0.019,0.16901809383172914,-1.7777495056969428,HARMONIZED,ECOTOX standardized concentration used; for metal salts ECOTOX generally expresses concentration as active ionic form.,CORE,YES,26,,,C,EXISTING_MEAN_PRESERVED,29.5,,,PSU,EXISTING_MEAN_PRESERVED,7.8,,,,EXISTING_MEAN_PRESERVED,,,,,MISSING
1981,1070632,15837,5563,Cd,Cadmium chloride (CdCl2),Acartia simplex,Calanoida,Multiple,1,Static,Total,,1370,1050,1760,ug/L,1370,ug/L,17,35,,,"Acute Toxicity of Copper, Cadmium and Zinc to Three Species of Marine Copepod",PRIMARY_KEEP,Eligible copepod LC50 candidate,112.414,ECOTOX_STANDARDIZED_TARGET_METAL,1.37,12.187094134182574,2.5003775339587873,HARMONIZED,ECOTOX standardized concentration used; for metal salts ECOTOX generally expresses concentration as active ionic form.,CORE,YES,17,,,C,EXISTING_MEAN_PRESERVED,,34.5,35.5,0/00,RAW_RANGE_MIDPOINT_RECOVERED,,,,,MISSING,,,,,MISSING
2000,2307795,2748541,192310,Cd,Cadmium chloride (CdCl2),Acartia danae,Calanoida,Adult,4,Renewal,Dissolved,,0.032,,,mg/L,0.032,mg/L,26,29.5,7.8,,"Prescribing Sea Water Quality Criteria for Arsenic, Cadmium and Lead Through Species Sensitivity Distribution",PRIMARY_KEEP,Eligible copepod LC50 candidate,112.414,ECOTOX_STANDARDIZED_TARGET_METAL,0.032,0.284662052769228,-1.2564525820636567,HARMONIZED,ECOTOX standardized concentration used; for metal salts ECOTOX generally expresses concentration as active ionic form.,CORE,YES,26,,,C,EXISTING_MEAN_PRESERVED,29.5,,,PSU,EXISTING_MEAN_PRESERVED,7.8,,,,EXISTING_MEAN_PRESERVED,,,,,MISSING
2009,1135991,90611,11097,Cd,Cadmium chloride (CdCl2),Tisbe holothuriae,Harpacticoida,Copepodid,2,Static,Total,,906.1,,,ug/L,906.1,ug/L,18,38,,,Differentiation of the Sensitivity to Copper and Cadmium in Different Life Stages of a Copepod,PRIMARY_KEEP,Eligible copepod LC50 candidate,112.414,ECOTOX_STANDARDIZED_TARGET_METAL,0.9061,8.060383937943673,2.0869611903646317,HARMONIZED,ECOTOX standardized concentration used; for metal salts ECOTOX generally expresses concentration as active ionic form.,CORE,YES,18,,,C,EXISTING_MEAN_PRESERVED,38,,,0/00,EXISTING_MEAN_PRESERVED,,,,,MISSING,,,,,MISSING
2014,1135990,90610,11097,Cd,Cadmium chloride (CdCl2),Tisbe holothuriae,Harpacticoida,Nauplii,2,Static,Total,,645,,,ug/L,645,ug/L,18,38,,,Differentiation of the Sensitivity to Copper and Cadmium in Different Life Stages of a Copepod,PRIMARY_KEEP,Eligible copepod LC50 candidate,112.414,ECOTOX_STANDARDIZED_TARGET_METAL,0.645,5.737719501129752,1.7470618319323892,HARMONIZED,ECOTOX standardized concentration used; for metal salts ECOTOX generally expresses concentration as active ionic form.,CORE,YES,18,,,C,EXISTING_MEAN_PRESERVED,38,,,0/00,EXISTING_MEAN_PRESERVED,,,,,MISSING,,,,,MISSING
2021,1165807,189248,14601,Cd,Cadmium chloride (CdCl2),Pseudodiaptomus coronatus,Calanoida,Adult,3,Static,Total,,1910,1350,2708,ug/L,1910,ug/L,15,30,,,"Results of Acute Toxicity Tests Conducted with Cadmium at ERL, Narragansett",PRIMARY_KEEP,Eligible copepod LC50 candidate,112.414,ECOTOX_STANDARDIZED_TARGET_METAL,1.91,16.990766274663297,2.8326700361772925,HARMONIZED,ECOTOX standardized concentration used; for metal salts ECOTOX generally expresses concentration as active ionic form.,CORE,YES,15,,,C,EXISTING_MEAN_PRESERVED,30,,,0/00,EXISTING_MEAN_PRESERVED,,,,,MISSING,,,,,MISSING
2062,1135989,90609,11097,Cd,Cadmium chloride (CdCl2),Tisbe holothuriae,Harpacticoida,Nauplii,2,Static,Total,,538.4,,,ug/L,538.4,ug/L,18,38,,,Differentiation of the Sensitivity to Copper and Cadmium in Different Life Stages of a Copepod,PRIMARY_KEEP,Eligible copepod LC50 candidate,112.414,ECOTOX_STANDARDIZED_TARGET_METAL,0.5384,4.7894390378422615,1.5664132934671349,HARMONIZED,ECOTOX standardized concentration used; for metal salts ECOTOX generally expresses concentration as active ionic form.,CORE,YES,18,,,C,EXISTING_MEAN_PRESERVED,38,,,0/00,EXISTING_MEAN_PRESERVED,,,,,MISSING,,,,,MISSING
2092,1135992,90612,11097,Cd,Cadmium chloride (CdCl2),Tisbe holothuriae,Harpacticoida,,2,Static,Total,,916.6,,,ug/L,916.6,ug/L,18,38,,,Differentiation of the Sensitivity to Copper and Cadmium in Different Life Stages of a Copepod,PRIMARY_KEEP,Eligible copepod LC50 candidate,112.414,ECOTOX_STANDARDIZED_TARGET_METAL,0.9166,8.153788674008576,2.0984826872116407,HARMONIZED,ECOTOX standardized concentration used; for metal salts ECOTOX generally expresses concentration as active ionic form.,CORE,YES,18,,,C,EXISTING_MEAN_PRESERVED,38,,,0/00,EXISTING_MEAN_PRESERVED,,,,,MISSING,,,,,MISSING
2093,1070634,15839,5563,Cd,Cadmium chloride (CdCl2),Scutellidium sp.,Harpacticoida,Multiple,1,Static,Total,,660,470,970,ug/L,660,ug/L,17,35,,,"Acute Toxicity of Copper, Cadmium and Zinc to Three Species of Marine Copepod",PRIMARY_KEEP,Eligible copepod LC50 candidate,112.414,ECOTOX_STANDARDIZED_TARGET_METAL,0.66,5.871154838365328,1.770051350157088,HARMONIZED,ECOTOX standardized concentration used; for metal salts ECOTOX generally expresses concentration as active ionic form.,CORE,YES,17,,,C,EXISTING_MEAN_PRESERVED,,34.5,35.5,0/00,RAW_RANGE_MIDPOINT_RECOVERED,,,,,MISSING,,,,,MISSING
2128,1129768,85199,10443,Cd,Cadmium chloride (CdCl2),Eurytemora affinis,Calanoida,Nauplii,4,Static,Total,,60,1,200,ug/L,60,ug/L,22,10,,,Comparison of Estuarine Species Sensitivities to Three Toxicants,PRIMARY_KEEP,Eligible copepod LC50 candidate,112.414,ECOTOX_STANDARDIZED_TARGET_METAL,0.06,0.5337413489423025,-0.6278439226412825,HARMONIZED,ECOTOX standardized concentration used; for metal salts ECOTOX generally expresses concentration as active ionic form.,CORE,YES,22,,,C,EXISTING_MEAN_PRESERVED,10,,,0/00,EXISTING_MEAN_PRESERVED,,,,,MISSING,,,,,MISSING
2132,1116278,107520,9029,Cd,Cadmium chloride (CdCl2),Acartia tonsa,Calanoida,Adult,4,Static,Total,,151,120,191,ug/L,151,ug/L,13,20,,,"Acute and Sublethal Effects of Cadmium on Ingestion, Egg Production and Life-Cycle Development in the Copepod Acartia tonsa",PRIMARY_KEEP,Eligible copepod LC50 candidate,112.414,ECOTOX_STANDARDIZED_TARGET_METAL,0.151,1.3432490615047947,0.2950913519515411,HARMONIZED,ECOTOX standardized concentration used; for metal salts ECOTOX generally expresses concentration as active ionic form.,CORE,YES,13,,,C,EXISTING_MEAN_PRESERVED,20,,,0/00,EXISTING_MEAN_PRESERVED,,,,,MISSING,,,,,MISSING
2137,1129769,85200,10443,Cd,Cadmium chloride (CdCl2),Acartia tonsa,Calanoida,Nauplii,4,Static,Total,,380,6,1520,ug/L,380,ug/L,22,10,,,Comparison of Estuarine Species Sensitivities to Three Toxicants,PRIMARY_KEEP,Eligible copepod LC50 candidate,112.414,ECOTOX_STANDARDIZED_TARGET_METAL,0.38,3.380361876634583,1.2179827678570483,HARMONIZED,ECOTOX standardized concentration used; for metal salts ECOTOX generally expresses concentration as active ionic form.,CORE,YES,22,,,C,EXISTING_MEAN_PRESERVED,10,,,0/00,EXISTING_MEAN_PRESERVED,,,,,MISSING,,,,,MISSING
2144,1159839,142848,14137,Cd,Cadmium chloride (CdCl2),Tisbe battagliai,Harpacticoida,Adult,4,Renewal,Total,,340,,,ug/L,340,ug/L,20.5,34.754999999999995,7.92,,"Toxicity of Cadmium, Hexavalent Chromium and Copper to Marine Fish Larvae (Cypinodon variegatus) and Copepods (Tisbe battagliai)",PRIMARY_KEEP,Eligible copepod LC50 candidate,112.414,ECOTOX_STANDARDIZED_TARGET_METAL,0.34,3.024534310673048,1.106757132746824,HARMONIZED,ECOTOX standardized concentration used; for metal salts ECOTOX generally expresses concentration as active ionic form.,CORE,YES,,20,21,C,RAW_RANGE_MIDPOINT_RECOVERED,,34.5,35.01,0/00,RAW_RANGE_MIDPOINT_RECOVERED,,7.7,8.14,,RAW_RANGE_MIDPOINT_RECOVERED,,,,,MISSING
2154,1159838,142847,14137,Cd,Cadmium chloride (CdCl2),Tisbe battagliai,Harpacticoida,Nauplii,4,Renewal,Total,,460,,,ug/L,460,ug/L,20.5,34.754999999999995,7.92,,"Toxicity of Cadmium, Hexavalent Chromium and Copper to Marine Fish Larvae (Cypinodon variegatus) and Copepods (Tisbe battagliai)",PRIMARY_KEEP,Eligible copepod LC50 candidate,112.414,ECOTOX_STANDARDIZED_TARGET_METAL,0.46,4.092017008557653,1.4090380046197575,HARMONIZED,ECOTOX standardized concentration used; for metal salts ECOTOX generally expresses concentration as active ionic form.,CORE,YES,,20,21,C,RAW_RANGE_MIDPOINT_RECOVERED,,34.5,35.01,0/00,RAW_RANGE_MIDPOINT_RECOVERED,,7.7,8.14,,RAW_RANGE_MIDPOINT_RECOVERED,,,,,MISSING
2155,1210147,186387,19281,Cd,Cadmium chloride (CdCl2),Tigriopus brevicornis,Harpacticoida,,4,Static,Total,,47.9,45.8,50,ug/L,47.9,ug/L,20,34.75,7.92,,"Mortality and LC50 Values for Several Stages of the Marine Copepod Tigriopus brevicornis (Muller) Exposed to the Metals Arsenic and Cadmium and the Pesticides Atrazine, Carbofuran, Dichlorvos, and Malathion",PRIMARY_KEEP,Eligible copepod LC50 candidate,112.414,ECOTOX_STANDARDIZED_TARGET_METAL,0.0479,0.42610351023893817,-0.8530729804465137,HARMONIZED,ECOTOX standardized concentration used; for metal salts ECOTOX generally expresses concentration as active ionic form.,CORE,YES,20,,,C,EXISTING_MEAN_PRESERVED,,34.5,35,0/00,RAW_RANGE_MIDPOINT_RECOVERED,,7.7,8.14,,RAW_RANGE_MIDPOINT_RECOVERED,,,,,MISSING
2158,1210145,186385,19281,Cd,Cadmium chloride (CdCl2),Tigriopus brevicornis,Harpacticoida,Nauplii,4,Static,Total,,17.4,15.4,19.4,ug/L,17.4,ug/L,20,34.75,7.92,,"Mortality and LC50 Values for Several Stages of the Marine Copepod Tigriopus brevicornis (Muller) Exposed to the Metals Arsenic and Cadmium and the Pesticides Atrazine, Carbofuran, Dichlorvos, and Malathion",PRIMARY_KEEP,Eligible copepod LC50 candidate,112.414,ECOTOX_STANDARDIZED_TARGET_METAL,0.0174,0.15478499119326772,-1.8657182786428999,HARMONIZED,ECOTOX standardized concentration used; for metal salts ECOTOX generally expresses concentration as active ionic form.,CORE,YES,20,,,C,EXISTING_MEAN_PRESERVED,,34.5,35,0/00,RAW_RANGE_MIDPOINT_RECOVERED,,7.7,8.14,,RAW_RANGE_MIDPOINT_RECOVERED,,,,,MISSING
2160,1116277,107519,9029,Cd,Cadmium chloride (CdCl2),Acartia tonsa,Calanoida,Adult,4,Static,Total,,29,23,37,ug/L,29,ug/L,21,20,,,"Acute and Sublethal Effects of Cadmium on Ingestion, Egg Production and Life-Cycle Development in the Copepod Acartia tonsa",PRIMARY_KEEP,Eligible copepod LC50 candidate,112.414,ECOTOX_STANDARDIZED_TARGET_METAL,0.029,0.2579749853221129,-1.3548926548769091,HARMONIZED,ECOTOX standardized concentration used; for metal salts ECOTOX generally expresses concentration as active ionic form.,CORE,YES,21,,,C,EXISTING_MEAN_PRESERVED,20,,,0/00,EXISTING_MEAN_PRESERVED,,,,,MISSING,,,,,MISSING
2168,1165805,189246,14601,Cd,Cadmium chloride (CdCl2),Acartia clausi,Calanoida,Adult,3,Static,Total,,409,272,544,ug/L,409,ug/L,10,30,,,"Results of Acute Toxicity Tests Conducted with Cadmium at ERL, Narragansett",PRIMARY_KEEP,Eligible copepod LC50 candidate,112.414,ECOTOX_STANDARDIZED_TARGET_METAL,0.409,3.6383368619566956,1.2915266711794184,HARMONIZED,ECOTOX standardized concentration used; for metal salts ECOTOX generally expresses concentration as active ionic form.,CORE,YES,10,,,C,EXISTING_MEAN_PRESERVED,30,,,0/00,EXISTING_MEAN_PRESERVED,,,,,MISSING,,,,,MISSING
2176,1191628,166350,17219,Cd,Cadmium chloride (CdCl2),Eurytemora affinis,Calanoida,Neonate,4,Static,Total,,82.9,51.1,134.3,ug/L,82.9,ug/L,24.5,25,8.17,,The Effect of Salinity on the Acute Toxicity of Total Dissolved and Free Cadmium to the Copepod Eurytemora affinis and the Larval Fish Cyprinodon,PRIMARY_KEEP,Eligible copepod LC50 candidate,112.414,ECOTOX_STANDARDIZED_TARGET_METAL,0.0829,0.7374526304552814,-0.30455342272213376,HARMONIZED,ECOTOX standardized concentration used; for metal salts ECOTOX generally expresses concentration as active ionic form.,CORE,YES,,24,25,C,RAW_RANGE_MIDPOINT_RECOVERED,25,24,27,0/00,EXISTING_MEAN_PRESERVED,,7.89,8.45,,RAW_RANGE_MIDPOINT_RECOVERED,,,,,MISSING
2177,1165809,189250,14601,Cd,Cadmium chloride (CdCl2),Eurytemora affinis,Calanoida,Adult,4,Static,Total,,1077,903,1289,ug/L,1077,ug/L,15,30,,,"Results of Acute Toxicity Tests Conducted with Cadmium at ERL, Narragansett",PRIMARY_KEEP,Eligible copepod LC50 candidate,112.414,ECOTOX_STANDARDIZED_TARGET_METAL,1.077,9.58065721351433,2.2597461922930053,HARMONIZED,ECOTOX standardized concentration used; for metal salts ECOTOX generally expresses concentration as active ionic form.,CORE,YES,15,,,C,EXISTING_MEAN_PRESERVED,30,,,0/00,EXISTING_MEAN_PRESERVED,,,,,MISSING,,,,,MISSING
2195,1037866,104471,2332,Cd,Cadmium chloride (CdCl2),Nitocra spinipes,Harpacticoida,,4,Flow-through,Total,,660,530,820,ug/L,660,ug/L,,7,,,A Flowthrough Fecundity Test with Nitocra spinipes (Harpacticoidea Crustacea) for Aquatic Toxicity,PRIMARY_KEEP,Eligible copepod LC50 candidate,112.414,ECOTOX_STANDARDIZED_TARGET_METAL,0.66,5.871154838365328,1.770051350157088,HARMONIZED,ECOTOX standardized concentration used; for metal salts ECOTOX generally expresses concentration as active ionic form.,CORE,YES,,,,,MISSING,7,,,0/00,EXISTING_MEAN_PRESERVED,,,,,MISSING,,,,,MISSING
2214,1165808,189249,14601,Cd,Cadmium chloride (CdCl2),Eurytemora affinis,Calanoida,Adult,4,Static,Total,,1651,1337,2025,ug/L,1651,ug/L,15,30,,,"Results of Acute Toxicity Tests Conducted with Cadmium at ERL, Narragansett",PRIMARY_KEEP,Eligible copepod LC50 candidate,112.414,ECOTOX_STANDARDIZED_TARGET_METAL,1.651,14.68678278506236,2.686947959056745,HARMONIZED,ECOTOX standardized concentration used; for metal salts ECOTOX generally expresses concentration as active ionic form.,CORE,YES,15,,,C,EXISTING_MEAN_PRESERVED,30,,,0/00,EXISTING_MEAN_PRESERVED,,,,,MISSING,,,,,MISSING
2221,1035623,54864,2183,Cd,Cadmium chloride (CdCl2),Nitocra spinipes,Harpacticoida,Adult,4,Static,Total,,1800,1200,2800,ug/L,1800,ug/L,20,7,8,,Use of a Harpacticoid Copepod in Toxicity Tests,PRIMARY_KEEP,Eligible copepod LC50 candidate,112.414,ECOTOX_STANDARDIZED_TARGET_METAL,1.8,16.012240468269077,2.773353459020873,HARMONIZED,ECOTOX standardized concentration used; for metal salts ECOTOX generally expresses concentration as active ionic form.,CORE,YES,20,,,C,EXISTING_MEAN_PRESERVED,7,,,0/00,EXISTING_MEAN_PRESERVED,8,,,,EXISTING_MEAN_PRESERVED,,,,,MISSING
2224,1165806,189247,14601,Cd,Cadmium chloride (CdCl2),Acartia clausi,Calanoida,Adult,4,Static,Total,,200,154,260,ug/L,200,ug/L,10,30,,,"Results of Acute Toxicity Tests Conducted with Cadmium at ERL, Narragansett",PRIMARY_KEEP,Eligible copepod LC50 candidate,112.414,ECOTOX_STANDARDIZED_TARGET_METAL,0.2,1.7791378298076752,0.5761288816846535,HARMONIZED,ECOTOX standardized concentration used; for metal salts ECOTOX generally expresses concentration as active ionic form.,CORE,YES,10,,,C,EXISTING_MEAN_PRESERVED,30,,,0/00,EXISTING_MEAN_PRESERVED,,,,,MISSING,,,,,MISSING
2226,1037865,104470,2332,Cd,Cadmium chloride (CdCl2),Nitocra spinipes,Harpacticoida,,4,Flow-through,Total,,780,410,1200,ug/L,780,ug/L,,15,,,A Flowthrough Fecundity Test with Nitocra spinipes (Harpacticoidea Crustacea) for Aquatic Toxicity,PRIMARY_KEEP,Eligible copepod LC50 candidate,112.414,ECOTOX_STANDARDIZED_TARGET_METAL,0.78,6.938637536249933,1.9371054348202543,HARMONIZED,ECOTOX standardized concentration used; for metal salts ECOTOX generally expresses concentration as active ionic form.,CORE,YES,,,,,MISSING,15,,,0/00,EXISTING_MEAN_PRESERVED,,,,,MISSING,,,,,MISSING
2234,1116276,107518,9029,Cd,Cadmium chloride (CdCl2),Acartia tonsa,Calanoida,Adult,4,Static,Total,,93,82,106,ug/L,93,ug/L,18,15,,,"Acute and Sublethal Effects of Cadmium on Ingestion, Egg Production and Life-Cycle Development in the Copepod Acartia tonsa",PRIMARY_KEEP,Eligible copepod LC50 candidate,112.414,ECOTOX_STANDARDIZED_TARGET_METAL,0.093,0.827299090860569,-0.18958899171012722,HARMONIZED,ECOTOX standardized concentration used; for metal salts ECOTOX generally expresses concentration as active ionic form.,CORE,YES,18,,,C,EXISTING_MEAN_PRESERVED,15,,,0/00,EXISTING_MEAN_PRESERVED,,,,,MISSING,,,,,MISSING
2249,1191627,166349,17219,Cd,Cadmium chloride (CdCl2),Eurytemora affinis,Calanoida,Neonate,4,Static,Total,,213.2,182,249.7,ug/L,213.2,ug/L,24,15,8.235,,The Effect of Salinity on the Acute Toxicity of Total Dissolved and Free Cadmium to the Copepod Eurytemora affinis and the Larval Fish Cyprinodon,PRIMARY_KEEP,Eligible copepod LC50 candidate,112.414,ECOTOX_STANDARDIZED_TARGET_METAL,0.2132,1.8965609265749817,0.6400422074283063,HARMONIZED,ECOTOX standardized concentration used; for metal salts ECOTOX generally expresses concentration as active ionic form.,CORE,YES,24,,,C,EXISTING_MEAN_PRESERVED,15,14,16,0/00,EXISTING_MEAN_PRESERVED,,8.09,8.38,,RAW_RANGE_MIDPOINT_RECOVERED,,,,,MISSING
2255,1210146,186386,19281,Cd,Cadmium chloride (CdCl2),Tigriopus brevicornis,Harpacticoida,Copepodid,4,Static,Total,,29.7,27.7,31.7,ug/L,29.7,ug/L,20,34.75,7.92,,"Mortality and LC50 Values for Several Stages of the Marine Copepod Tigriopus brevicornis (Muller) Exposed to the Metals Arsenic and Cadmium and the Pesticides Atrazine, Carbofuran, Dichlorvos, and Malathion",PRIMARY_KEEP,Eligible copepod LC50 candidate,112.414,ECOTOX_STANDARDIZED_TARGET_METAL,0.0297,0.2642019677264398,-1.3310414390547292,HARMONIZED,ECOTOX standardized concentration used; for metal salts ECOTOX generally expresses concentration as active ionic form.,CORE,YES,20,,,C,EXISTING_MEAN_PRESERVED,,34.5,35,0/00,RAW_RANGE_MIDPOINT_RECOVERED,,7.7,8.14,,RAW_RANGE_MIDPOINT_RECOVERED,,,,,MISSING
2257,1295986,751250,111315,Cd,Cadmium chloride (CdCl2),Tigriopus japonicus,Harpacticoida,Adult,4,Renewal,Total,,25.2,17.81,35.55,mg/L,25.2,mg/L,20,32,7.9,,Acute Toxicities of Trace Metals and Common Xenobiotics to the Marine Copepod Tigriopus japonicus:  Evaluation of Its Use as a Benchmark Species for Routine Ecotoxicity Tests in Western Pacific Coastal Regions,PRIMARY_KEEP,Eligible copepod LC50 candidate,112.414,ECOTOX_STANDARDIZED_TARGET_METAL,25.2,224.17136655576707,5.412410788636132,HARMONIZED,ECOTOX standardized concentration used; for metal salts ECOTOX generally expresses concentration as active ionic form.,CORE,YES,20,,,C,EXISTING_MEAN_PRESERVED,32,,,0/00,EXISTING_MEAN_PRESERVED,7.9,,,,EXISTING_MEAN_PRESERVED,,,,,MISSING
2260,1191626,166348,17219,Cd,Cadmium chloride (CdCl2),Eurytemora affinis,Calanoida,Neonate,4,Static,Total,,51.6,36.2,73.5,ug/L,51.6,ug/L,24.5,5,8.145,,The Effect of Salinity on the Acute Toxicity of Total Dissolved and Free Cadmium to the Copepod Eurytemora affinis and the Larval Fish Cyprinodon,PRIMARY_KEEP,Eligible copepod LC50 candidate,112.414,ECOTOX_STANDARDIZED_TARGET_METAL,0.0516,0.4590175600903802,-0.7786668123758661,HARMONIZED,ECOTOX standardized concentration used; for metal salts ECOTOX generally expresses concentration as active ionic form.,CORE,YES,,24,25,C,RAW_RANGE_MIDPOINT_RECOVERED,5,5,6,0/00,EXISTING_MEAN_PRESERVED,,7.53,8.76,,RAW_RANGE_MIDPOINT_RECOVERED,,,,,MISSING
2271,2146950,2279333,166028,Hg,Mercury chloride (Hg2Cl2),Tigriopus fulvus,Harpacticoida,Nauplii,2,Static,Total,,0.095,,,mg/L,0.095,mg/L,20,38,8,,"Assessment of Individual and Combined Toxicities of Three Heavy Metals (Cu, Cd and Hg) by Using Tigriopus fulvus",PRIMARY_KEEP,Eligible copepod LC50 candidate,200.592,ECOTOX_STANDARDIZED_TARGET_METAL,0.095,0.4735981494775464,-0.7473961027731285,HARMONIZED,ECOTOX standardized concentration used; for metal salts ECOTOX generally expresses concentration as active ionic form.,EXPLORATORY,NO,20,,,C,EXISTING_MEAN_PRESERVED,38,,,0/00,EXISTING_MEAN_PRESERVED,8,,,,EXISTING_MEAN_PRESERVED,,,,,MISSING
2275,2146953,2279336,166028,Cd,"Nitric acid, Cadmium salt (2:1)",Tigriopus fulvus,Harpacticoida,Nauplii,2,Static,Total,,2.12,,,mg/L,2.12,mg/L,20,38,8,,"Assessment of Individual and Combined Toxicities of Three Heavy Metals (Cu, Cd and Hg) by Using Tigriopus fulvus",PRIMARY_KEEP,Eligible copepod LC50 candidate,112.414,ECOTOX_STANDARDIZED_TARGET_METAL,2.12,18.858860995961358,2.936982882802675,HARMONIZED,ECOTOX standardized concentration used; for metal salts ECOTOX generally expresses concentration as active ionic form.,CORE,YES,20,,,C,EXISTING_MEAN_PRESERVED,38,,,0/00,EXISTING_MEAN_PRESERVED,8,,,,EXISTING_MEAN_PRESERVED,,,,,MISSING
